Timestamp,DeviceID,Subnet,TaskID,Status,Message
2026-07-22 12:31:49,R3CR70AV5ZZ,0,999999,SUCCESS,Task Completed
2026-07-22 12:34:07,R3CR70AV5ZZ,0,999999,SUCCESS,Task Completed
2026-07-22 13:01:38,R3CR70AV5ZZ,0,3272323,SUCCESS,Task Completed
2026-07-22 13:01:41,R3CR70D3ECZ,0,3272327,SUCCESS,Task Completed
2026-07-22 13:01:44,R3CR70JFWXJ,0,3272332,SUCCESS,Task Completed
2026-07-22 13:01:47,R3CR70SZ0JJ,0,3272338,SUCCESS,Task Completed
2026-07-22 13:01:51,R3CR70WD1KX,0,3272341,SUCCESS,Task Completed
2026-07-22 13:01:53,R3CR70WD7NA,0,3272343,SUCCESS,Task Completed
2026-07-22 13:01:56,R3CR804583K,0,3272346,SUCCESS,Task Completed
2026-07-22 13:02:00,R3CR8045YWN,0,3272349,SUCCESS,Task Completed
2026-07-22 13:02:02,R3CR80LSWGD,0,3272351,SUCCESS,Task Completed
2026-07-22 13:02:08,R3CR80NVXJE,0,3272357,SUCCESS,Task Completed
2026-07-22 13:02:09,R3CR90CCP1D,0,3272360,SUCCESS,Task Completed
2026-07-22 13:02:11,R3CR90CE67P,0,3272367,SUCCESS,Task Completed
2026-07-22 13:02:14,R3CR90GC5AP,0,3272371,SUCCESS,Task Completed
2026-07-22 13:02:18,R3CR90GCB5L,0,3272378,SUCCESS,Task Completed
2026-07-22 13:02:20,R3CR90H1NCP,0,3272381,FAIL,Frida Crash (Connection lost)
2026-07-22 13:02:24,R3CR90HEZDB,0,3272388,SUCCESS,Task Completed
2026-07-22 13:02:30,R3CR90MAW4B,0,3272394,SUCCESS,Task Completed
2026-07-22 13:02:47,R3CRB0PZGDR,0,3272422,SUCCESS,Task Completed
2026-07-22 13:02:49,R3CRB0WCGET,0,3272429,SUCCESS,Task Completed
2026-07-22 13:02:53,R3CRC0RBEPP,0,3272435,SUCCESS,Task Completed
2026-07-22 13:05:46,R3CR70AV5ZZ,0,3272725,SUCCESS,Task Completed
2026-07-22 13:05:48,R3CR70D3ECZ,0,3272729,SUCCESS,Task Completed
2026-07-22 13:05:52,R3CR70JFWXJ,0,3272734,SUCCESS,Task Completed
2026-07-22 13:05:57,R3CR70SZ0JJ,0,3272741,SUCCESS,Task Completed
2026-07-22 13:06:00,R3CR70WD1KX,0,3272747,SUCCESS,Task Completed
2026-07-22 13:06:02,R3CR70WD7NA,0,3272751,SUCCESS,Task Completed
2026-07-22 13:06:07,R3CR804583K,0,3272760,SUCCESS,Task Completed
2026-07-22 13:06:09,R3CR8045YWN,0,3272767,SUCCESS,Task Completed
2026-07-22 13:06:12,R3CR80LSWGD,0,3272772,SUCCESS,Task Completed
2026-07-22 13:06:16,R3CR80NVXJE,0,3272779,SUCCESS,Task Completed
2026-07-22 13:06:19,R3CR90CCP1D,0,3272785,SUCCESS,Task Completed
2026-07-22 13:06:24,R3CR90CE67P,0,3272793,SUCCESS,Task Completed
2026-07-22 13:07:27,R3CR70AV5ZZ,0,3272886,SUCCESS,Task Completed
2026-07-22 13:07:32,R3CR70JFWXJ,0,3272897,SUCCESS,Task Completed
2026-07-22 13:07:34,R3CR70D3ECZ,0,3272893,SUCCESS,Task Completed
2026-07-22 13:07:37,R3CR70SZ0JJ,0,3272899,SUCCESS,Task Completed
2026-07-22 13:07:40,R3CR70WD1KX,0,3272905,SUCCESS,Task Completed
2026-07-22 13:07:42,R3CR70WD7NA,0,3272909,SUCCESS,Task Completed
2026-07-22 13:07:46,R3CR804583K,0,3272916,SUCCESS,Task Completed
2026-07-22 13:07:49,R3CR8045YWN,0,3272920,SUCCESS,Task Completed
2026-07-22 13:07:51,R3CR80LSWGD,0,3272926,SUCCESS,Task Completed
2026-07-22 13:07:54,R3CR80NVXJE,0,3272931,SUCCESS,Task Completed
2026-07-22 13:07:57,R3CR90CCP1D,0,3272937,SUCCESS,Task Completed
2026-07-22 13:08:00,R3CR90CE67P,0,3272940,SUCCESS,Task Completed
2026-07-22 13:08:03,R3CR90GC5AP,0,3272946,SUCCESS,Task Completed
2026-07-22 13:08:08,R3CR90GCB5L,0,3272954,SUCCESS,Task Completed
2026-07-22 13:08:10,R3CR90H1NCP,0,3272961,SUCCESS,Task Completed
2026-07-22 13:08:14,R3CR90HEZDB,0,3272970,SUCCESS,Task Completed
2026-07-22 13:08:18,R3CR90MAW4B,0,3272976,SUCCESS,Task Completed
2026-07-22 13:08:21,R3CR90SJ6SW,0,3272982,SUCCESS,Task Completed
2026-07-22 13:08:23,R3CRA09DW9E,0,3272987,SUCCESS,Task Completed
2026-07-22 13:08:27,R3CRA0EJ6SD,0,3272990,SUCCESS,Task Completed
2026-07-22 13:08:29,R3CRA0GP5YP,0,3272992,SUCCESS,Task Completed
2026-07-22 13:08:32,R3CRB0ATRRK,0,3272996,SUCCESS,Task Completed
2026-07-22 13:08:35,R3CRB0PZGDR,0,3273000,SUCCESS,Task Completed
2026-07-22 13:08:38,R3CRB0WCGET,0,3273007,SUCCESS,Task Completed
2026-07-22 13:08:42,R3CRC0RBEPP,0,3273011,SUCCESS,Task Completed
2026-07-22 13:08:45,R3CRC0XSEHY,0,3273019,SUCCESS,Task Completed
2026-07-22 13:08:49,R3CRC0ZCD2Z,0,3273028,SUCCESS,Task Completed
2026-07-22 13:08:52,R5CR713T5WT,0,3273036,SUCCESS,Task Completed
2026-07-22 13:08:56,R5CR715VSTX,0,3273041,SUCCESS,Task Completed
2026-07-22 13:08:59,R5CR802BBLB,0,3273045,SUCCESS,Task Completed
2026-07-22 13:09:02,R5CR802CTAL,0,3273050,SUCCESS,Task Completed
2026-07-22 13:09:05,R5CR802VA4D,0,3273056,SUCCESS,Task Completed
2026-07-22 13:09:07,R5CR804V9CT,0,3273058,SUCCESS,Task Completed
2026-07-22 13:09:10,R5CR807XTKD,0,3273063,SUCCESS,Task Completed
2026-07-22 13:09:14,R5CR80BKKQH,0,3273065,FAIL,App Closed
2026-07-22 13:09:17,R5CR80DSS2W,0,3273069,SUCCESS,Task Completed
2026-07-22 13:09:21,R5CR80E53QP,0,3273075,SUCCESS,Task Completed
2026-07-22 13:09:26,R5CR80ZNFTH,0,3273085,SUCCESS,Task Completed
2026-07-22 13:09:29,R5CR80ZNCXT,0,3273082,SUCCESS,Task Completed
2026-07-22 13:09:30,R5CR80ZPJ0Z,0,3273091,SUCCESS,Task Completed
2026-07-22 13:09:33,R5CR80ZYL9K,0,3273098,SUCCESS,Task Completed
2026-07-22 13:09:35,R5CR813E9AB,0,3273102,SUCCESS,Task Completed
2026-07-22 13:09:38,R5CR8153KWN,0,3273107,SUCCESS,Task Completed
2026-07-22 13:09:42,R5CR818AW0R,0,3273115,SUCCESS,Task Completed
2026-07-22 13:09:46,R5CR81PA2GT,0,3273123,SUCCESS,Task Completed
2026-07-22 13:09:49,R5CR81QCVCK,0,3273128,SUCCESS,Task Completed
2026-07-22 13:09:52,R5CR81S2C2J,0,3273131,SUCCESS,Task Completed
2026-07-22 13:09:59,R5CR82CEZBN,0,3273138,SUCCESS,Task Completed
2026-07-22 13:10:00,R5CR81SQ8JJ,0,3273134,SUCCESS,Task Completed
2026-07-22 13:10:04,R5CR82FNMVX,0,3273141,SUCCESS,Task Completed
2026-07-22 13:10:05,R5CR82H78WT,0,3273147,SUCCESS,Task Completed
2026-07-22 13:10:08,R5CR82NR07J,0,3273150,SUCCESS,Task Completed
2026-07-22 13:10:12,R5CR919ZL9A,0,3273155,SUCCESS,Task Completed
2026-07-22 13:10:15,R5CR91SH8LM,0,3273160,SUCCESS,Task Completed
2026-07-22 13:10:18,R5CR9336DSB,0,3273164,SUCCESS,Task Completed
2026-07-22 13:10:19,R5CRA0PW01W,0,3273170,SUCCESS,Task Completed
2026-07-22 13:10:24,R5CRA0TJHLK,0,3273177,SUCCESS,Task Completed
2026-07-22 13:10:27,R5CRA19WHAD,0,3273181,SUCCESS,Task Completed
2026-07-22 13:10:32,R5CRC2RDAFB,0,3273190,SUCCESS,Task Completed
2026-07-22 13:10:36,R5CRC3DZRQH,0,3273199,SUCCESS,Task Completed
2026-07-22 13:10:48,R3CR70AV5ZZ,0,3273215,SUCCESS,Task Completed
2026-07-22 13:10:51,R3CR70D3ECZ,0,3273219,SUCCESS,Task Completed
2026-07-22 13:10:55,R3CR70JFWXJ,0,3273224,SUCCESS,Task Completed
2026-07-22 13:10:58,R3CR70SZ0JJ,0,3273227,SUCCESS,Task Completed
2026-07-22 13:11:02,R3CR70WD1KX,0,3273234,SUCCESS,Task Completed
2026-07-22 13:11:04,R3CR70WD7NA,0,3273239,SUCCESS,Task Completed
2026-07-22 13:11:07,R3CR804583K,0,3273244,SUCCESS,Task Completed
2026-07-22 13:11:11,R3CR8045YWN,0,3273251,SUCCESS,Task Completed
2026-07-22 13:11:14,R3CR80LSWGD,0,3273255,SUCCESS,Task Completed
2026-07-22 13:11:17,R3CR80NVXJE,0,3273261,SUCCESS,Task Completed
2026-07-22 13:11:20,R3CR90CCP1D,0,3273267,SUCCESS,Task Completed
2026-07-22 13:11:23,R3CR90CE67P,0,3273272,SUCCESS,Task Completed
2026-07-22 13:11:26,R3CR90GC5AP,0,3273274,SUCCESS,Task Completed
2026-07-22 13:11:29,R3CR90GCB5L,0,3273277,SUCCESS,Task Completed
2026-07-22 13:11:32,R3CR90H1NCP,0,3273280,SUCCESS,Task Completed
2026-07-22 13:11:35,R3CR90HEZDB,0,3273285,SUCCESS,Task Completed
2026-07-22 13:11:39,R3CR90MAW4B,0,3273288,SUCCESS,Task Completed
2026-07-22 13:11:41,R3CR90SJ6SW,0,3273296,SUCCESS,Task Completed
2026-07-22 13:11:46,R3CRA09DW9E,0,3273305,SUCCESS,Task Completed
2026-07-22 13:11:49,R3CRA0EJ6SD,0,3273312,SUCCESS,Task Completed
2026-07-22 13:11:52,R3CRA0GP5YP,0,3273315,SUCCESS,Task Completed
2026-07-22 13:11:55,R3CRB0ATRRK,0,3273322,SUCCESS,Task Completed
2026-07-22 13:11:58,R3CRB0PZGDR,0,3273329,SUCCESS,Task Completed
2026-07-22 13:12:02,R3CRB0WCGET,0,3273334,SUCCESS,Task Completed
2026-07-22 13:12:05,R3CRC0RBEPP,0,3273343,SUCCESS,Task Completed
2026-07-22 13:12:09,R3CRC0XSEHY,0,3273349,SUCCESS,Task Completed
2026-07-22 13:12:12,R3CRC0ZCD2Z,0,3273354,SUCCESS,Task Completed
2026-07-22 13:12:17,R5CR713T5WT,0,3273358,SUCCESS,Task Completed
2026-07-22 13:12:18,R5CR715VSTX,0,3273362,SUCCESS,Task Completed
2026-07-22 13:12:23,R5CR802BBLB,0,3273371,SUCCESS,Task Completed
2026-07-22 13:12:28,R5CR802CTAL,0,3273379,SUCCESS,Task Completed
2026-07-22 13:12:33,R5CR802VA4D,0,3273389,SUCCESS,Task Completed
2026-07-22 13:12:35,R5CR804V9CT,0,3273396,SUCCESS,Task Completed
2026-07-22 13:12:39,R5CR807XTKD,0,3273401,SUCCESS,Task Completed
2026-07-22 13:12:43,R5CR80BKKQH,0,3273409,SUCCESS,Task Completed
2026-07-22 13:12:46,R5CR80DSS2W,0,3273415,SUCCESS,Task Completed
2026-07-22 13:12:49,R5CR80E53QP,0,3273420,SUCCESS,Task Completed
2026-07-22 13:12:52,R5CR80ZNCXT,0,3273428,SUCCESS,Task Completed
2026-07-22 13:12:55,R5CR80ZNFTH,0,3273435,SUCCESS,Task Completed
2026-07-22 13:12:59,R5CR80ZPJ0Z,0,3273441,SUCCESS,Task Completed
2026-07-22 13:13:03,R5CR80ZYL9K,0,3273446,SUCCESS,Task Completed
2026-07-22 13:13:06,R5CR813E9AB,0,3273452,SUCCESS,Task Completed
2026-07-22 13:13:08,R5CR8153KWN,0,3273457,SUCCESS,Task Completed
2026-07-22 13:13:11,R5CR818AW0R,0,3273459,SUCCESS,Task Completed
2026-07-22 13:13:15,R5CR81PA2GT,0,3273466,SUCCESS,Task Completed
2026-07-22 13:14:11,R3CR80NVXJE,0,3273553,FAIL,NETWORK_TIMEOUT
2026-07-22 13:15:16,R3CR70WD1KX,0,3273686,FAIL,Frida Crash (Connection lost)
2026-07-22 13:17:05,R3CR70AV5ZZ,0,3273761,FAIL,ADDRESS_NOT_FOUND
2026-07-22 13:17:36,R3CR80NVXJE,0,3273890,FAIL,Frida Crash (Connection lost)
2026-07-22 13:20:28,R5CR802BBLB,0,3274142,FAIL,NETWORK_TIMEOUT
2026-07-22 13:21:33,R3CR70D3ECZ,0,3274254,FAIL,Frida Crash (Connection lost)
2026-07-22 13:24:52,R3CR70D3ECZ,0,3274498,FAIL,NO_ROUTE_FOUND: 길찾기 결과가 없습니다.
2026-07-22 13:25:26,R3CR70AV5ZZ,0,3274485,FAIL,MISSING_ARRIVAL_PACKETS
2026-07-22 13:25:32,R3CR70WD1KX,0,3274529,FAIL,MISSING_ARRIVAL_PACKETS
2026-07-22 13:26:21,R3CR8045YWN,0,3274571,FAIL,NO_ROUTE_FOUND: 길찾기 결과가 없습니다.
2026-07-22 13:26:23,R3CR70WD7NA,0,3274543,FAIL,MISSING_ARRIVAL_PACKETS
2026-07-22 13:26:37,R3CR80LSWGD,0,3274583,FAIL,MISSING_ARRIVAL_PACKETS
2026-07-22 13:27:02,R3CR90CE67P,0,3274608,FAIL,GUIDANCE_NOT_FOUND
2026-07-22 13:27:39,R3CR80NVXJE,0,3274594,FAIL,MISSING_ARRIVAL_PACKETS
2026-07-22 13:27:46,R3CR90H1NCP,0,3274655,FAIL,NO_ROUTE_FOUND: 길찾기 결과가 없습니다.
2026-07-22 13:27:53,R3CR90SJ6SW,0,3274696,FAIL,NO_ROUTE_FOUND: 길찾기 결과가 없습니다.
2026-07-22 13:27:53,R3CR90MAW4B,0,3274684,FAIL,NO_ROUTE_FOUND: 길찾기 결과가 없습니다.
2026-07-22 13:28:06,R3CR90CCP1D,0,3274604,FAIL,MISSING_ARRIVAL_PACKETS
2026-07-22 13:28:09,R3CRB0WCGET,0,3274756,FAIL,ADDRESS_NOT_FOUND
2026-07-22 13:28:14,R3CRA09DW9E,0,3274706,FAIL,NO_ROUTE_FOUND: 길찾기 결과가 없습니다.
2026-07-22 13:28:34,R3CRB0ATRRK,0,3274736,FAIL,NO_ROUTE_FOUND: 길찾기 결과가 없습니다.
2026-07-22 13:29:05,R5CR80E53QP,0,3274892,FAIL,NETWORK_TIMEOUT
2026-07-22 13:29:31,R5CR80ZPJ0Z,0,3274936,FAIL,NETWORK_TIMEOUT
2026-07-22 13:31:01,R3CR70AV5ZZ,0,3275005,FAIL,ADDRESS_NOT_FOUND
2026-07-22 13:31:10,R3CR70D3ECZ,0,3275020,FAIL,ADDRESS_NOT_FOUND
2026-07-22 13:31:22,R3CR70JFWXJ,0,3275033,FAIL,ADDRESS_NOT_FOUND
2026-07-22 13:31:36,R3CR70WD1KX,0,3275051,FAIL,ADDRESS_NOT_FOUND
2026-07-22 13:32:25,R3CR70AV5ZZ,0,3275142,FAIL,ADDRESS_NOT_FOUND
2026-07-22 13:33:00,R3CR70D3ECZ,0,3275157,FAIL,ADDRESS_NOT_FOUND
2026-07-22 13:35:02,R3CR90HEZDB,0,3275322,FAIL,ADDRESS_NOT_FOUND
2026-07-22 13:35:05,R3CR90SJ6SW,0,3275347,FAIL,ADDRESS_NOT_FOUND
2026-07-22 13:35:07,R3CR90MAW4B,0,3275336,FAIL,ADDRESS_NOT_FOUND
2026-07-22 13:35:12,R3CRA09DW9E,0,3275353,FAIL,ADDRESS_NOT_FOUND
2026-07-22 13:35:18,R3CRA0EJ6SD,0,3275365,FAIL,ADDRESS_NOT_FOUND
2026-07-22 13:35:30,R3CRA0GP5YP,0,3275385,FAIL,ADDRESS_NOT_FOUND
2026-07-22 13:35:51,R3CRB0ATRRK,0,3275407,FAIL,ADDRESS_NOT_FOUND
2026-07-22 13:36:00,R3CRB0PZGDR,0,3275430,FAIL,ADDRESS_NOT_FOUND
2026-07-22 13:36:10,R3CRB0WCGET,0,3275442,FAIL,ADDRESS_NOT_FOUND
2026-07-22 13:36:14,R3CRC0RBEPP,0,3275456,FAIL,ADDRESS_NOT_FOUND
2026-07-22 13:36:34,R3CRC0ZCD2Z,0,3275485,FAIL,ADDRESS_NOT_FOUND
2026-07-22 13:36:39,R3CRC0XSEHY,0,3275473,FAIL,ADDRESS_NOT_FOUND
2026-07-22 13:36:54,R5CR713T5WT,0,3275499,FAIL,ADDRESS_NOT_FOUND
2026-07-22 13:36:59,R5CR715VSTX,0,3275517,FAIL,ADDRESS_NOT_FOUND
2026-07-22 13:37:02,R5CR802CTAL,0,3275552,FAIL,ADDRESS_NOT_FOUND
2026-07-22 13:37:03,R5CR802VA4D,0,3275566,FAIL,ADDRESS_NOT_FOUND
2026-07-22 13:37:08,R5CR802BBLB,0,3275534,FAIL,ADDRESS_NOT_FOUND
2026-07-22 13:37:15,R5CR804V9CT,0,3275579,FAIL,ADDRESS_NOT_FOUND
2026-07-22 13:37:20,R5CR807XTKD,0,3275589,FAIL,ADDRESS_NOT_FOUND
2026-07-22 13:38:22,R3CR70D3ECZ,0,3275698,FAIL,ADDRESS_NOT_FOUND
2026-07-22 13:38:30,R3CR70AV5ZZ,0,3275686,FAIL,ADDRESS_NOT_FOUND
2026-07-22 13:40:10,R3CR70WD1KX,0,3275882,FAIL,App Closed
2026-07-22 13:40:31,R3CR70D3ECZ,0,3275860,FAIL,ADDRESS_NOT_FOUND
2026-07-22 13:40:56,R3CR8045YWN,0,3275928,FAIL,NO_ROUTE_FOUND: 검색 결과가 없습니다.
2026-07-22 13:41:17,R3CR70AV5ZZ,0,3275850,FAIL,MISSING_ARRIVAL_PACKETS
2026-07-22 13:41:18,R3CR804583K,0,3275911,FAIL,ADDRESS_NOT_FOUND
2026-07-22 13:41:21,R3CR70SZ0JJ,0,3275877,FAIL,MISSING_ARRIVAL_PACKETS
2026-07-22 13:42:16,R3CR70D3ECZ,0,3276065,FAIL,Frida Crash (Connection lost)
2026-07-22 13:46:45,R3CRA0GP5YP,0,3276348,FAIL,ADDRESS_NOT_FOUND
2026-07-22 13:47:21,R3CRC0RBEPP,0,3276386,FAIL,ADDRESS_NOT_FOUND
2026-07-22 13:48:32,R5CR80E53QP,0,3276501,FAIL,NETWORK_TIMEOUT
2026-07-22 13:48:43,R5CR807XTKD,0,3276465,FAIL,ADDRESS_NOT_FOUND
2026-07-22 13:48:44,R5CR802CTAL,0,3276438,FAIL,NO_ROUTE_FOUND: 길찾기 결과가 없습니다.
2026-07-22 13:48:56,R5CR802VA4D,0,3276448,FAIL,NO_ROUTE_FOUND: 길찾기 결과가 없습니다.
2026-07-22 13:50:08,R5CR80ZNCXT,0,3276512,FAIL,NO_ROUTE_FOUND: 길찾기 결과가 없습니다.
2026-07-22 13:50:52,R5CR81S2C2J,0,3276608,FAIL,NO_ROUTE_FOUND: 길찾기 결과가 없습니다.
2026-07-22 13:51:07,R5CR813E9AB,0,3276548,FAIL,NO_ROUTE_FOUND: 길찾기 결과가 없습니다.
2026-07-22 13:51:46,R5CRC3DZRQH,0,3276789,FAIL,NETWORK_TIMEOUT
2026-07-22 13:55:12,R5CRC3DZRQH,0,3277055,FAIL,NETWORK_TIMEOUT
2026-07-22 13:57:21,R3CR90GCB5L,0,3277274,FAIL,Frida Crash (Connection lost)
2026-07-22 13:59:00,R3CR70SZ0JJ,0,3277138,FAIL,ADDRESS_NOT_FOUND
2026-07-22 13:59:40,R5CR802CTAL,0,3277466,FAIL,Frida Crash (Connection lost)
2026-07-22 14:00:12,R3CR90MAW4B,0,3277309,FAIL,NO_ROUTE_FOUND: 길찾기 결과가 없습니다.
2026-07-22 14:05:06,R5CR802BBLB,0,3277851,FAIL,NETWORK_TIMEOUT
2026-07-22 14:05:11,R3CR70D3ECZ,0,3277559,SUCCESS,Task Completed
2026-07-22 14:05:26,R3CR90MAW4B,0,3277724,FAIL,NO_ROUTE_FOUND: 길찾기 결과가 없습니다.
2026-07-22 14:07:35,R3CR70SZ0JJ,0,3277576,FAIL,MISSING_ARRIVAL_PACKETS
2026-07-22 14:09:22,R3CR70AV5ZZ,0,3278233,FAIL,mitmdump Crash (Proxy stopped)
2026-07-22 14:14:03,R3CR804583K,0,3278322,SUCCESS,Task Completed
2026-07-22 14:14:27,R5CR80ZNCXT,0,3278502,SUCCESS,Task Completed
2026-07-22 14:14:42,R3CR90CCP1D,0,3278338,SUCCESS,Task Completed
2026-07-22 14:29:48,R3CR70SZ0JJ,0,3279716,FAIL,NO_ROUTE_FOUND: 길찾기 결과가 없습니다.
2026-07-22 14:31:19,R5CR80ZPJ0Z,0,3280117,FAIL,NETWORK_TIMEOUT
2026-07-22 14:31:52,R5CR81S2C2J,0,3280207,FAIL,Frida Crash (Connection lost)
2026-07-22 14:32:38,R5CR802VA4D,0,3280034,FAIL,NO_ROUTE_FOUND: 길찾기 결과가 없습니다.
2026-07-22 14:33:36,R3CR70AV5ZZ,0,3279691,SUCCESS,Task Completed
2026-07-22 14:35:13,R5CR804V9CT,0,3280046,FAIL,NO_ROUTE_FOUND: 길찾기 결과가 없습니다.
2026-07-22 14:37:31,R5CR80ZPJ0Z,0,3280688,FAIL,NETWORK_TIMEOUT
2026-07-22 14:41:10,R3CRA09DW9E,0,3279891,SUCCESS,Task Completed
2026-07-22 14:41:17,R5CR80ZPJ0Z,0,3280974,FAIL,NETWORK_TIMEOUT
2026-07-22 14:41:37,R3CRA0GP5YP,0,3279915,SUCCESS,Task Completed
2026-07-22 14:43:46,R5CR80BKKQH,0,3280071,FAIL,NO_ROUTE_FOUND: 길찾기 결과가 없습니다.
2026-07-22 14:44:58,R5CR80ZPJ0Z,0,3281270,FAIL,NETWORK_TIMEOUT
2026-07-22 14:45:49,R3CR70D3ECZ,0,3281396,FAIL,mitmdump Crash (Proxy stopped)
2026-07-22 14:46:09,R3CR70JFWXJ,0,3281439,FAIL,mitmdump Crash (Proxy stopped)
2026-07-22 14:46:13,R5CR807XTKD,0,3280057,FAIL,NO_ROUTE_FOUND: 길찾기 결과가 없습니다.
2026-07-22 14:46:19,R3CR70WD1KX,0,3281455,FAIL,mitmdump Crash (Proxy stopped)
2026-07-22 14:46:47,R3CR70WD7NA,0,3281480,FAIL,mitmdump Crash (Proxy stopped)
2026-07-22 14:46:52,R3CRC0XSEHY,0,3279978,SUCCESS,Task Completed
2026-07-22 14:46:56,R3CR804583K,0,3281495,FAIL,mitmdump Crash (Proxy stopped)
2026-07-22 14:47:05,R3CR8045YWN,0,3281508,FAIL,mitmdump Crash (Proxy stopped)
2026-07-22 14:47:12,R3CR80LSWGD,0,3281517,FAIL,mitmdump Crash (Proxy stopped)
2026-07-22 14:47:39,R5CR80DSS2W,0,3280085,SUCCESS,Task Completed
2026-07-22 14:47:40,R3CR70D3ECZ,0,3281560,FAIL,mitmdump Crash (Proxy stopped)
2026-07-22 14:47:49,R3CR70WD7NA,0,3281566,FAIL,mitmdump Crash (Proxy stopped)
2026-07-22 14:47:56,R3CR804583K,0,3281575,FAIL,mitmdump Crash (Proxy stopped)
2026-07-22 14:48:04,R3CR8045YWN,0,3281582,FAIL,mitmdump Crash (Proxy stopped)
2026-07-22 14:48:13,R3CR80LSWGD,0,3281599,FAIL,mitmdump Crash (Proxy stopped)
2026-07-22 14:48:22,R3CR80NVXJE,0,3281616,FAIL,mitmdump Crash (Proxy stopped)
2026-07-22 14:48:31,R3CR90CCP1D,0,3281628,FAIL,mitmdump Crash (Proxy stopped)
2026-07-22 14:48:32,R3CR90SJ6SW,0,3279875,SUCCESS,Task Completed
2026-07-22 14:50:32,R5CR81QCVCK,0,3280196,SUCCESS,Task Completed
2026-07-22 14:51:08,R3CRC0XSEHY,0,3281531,SUCCESS,Task Completed
2026-07-22 14:52:05,R3CR70SZ0JJ,0,3280417,SUCCESS,Task Completed
2026-07-22 14:52:21,R3CR90GCB5L,0,3281667,FAIL,NO_ROUTE_FOUND: 길찾기 결과가 없습니다.
2026-07-22 14:52:29,R3CR90MAW4B,0,3281839,FAIL,ADDRESS_NOT_FOUND
2026-07-22 14:53:33,R3CR70AV5ZZ,0,3280405,SUCCESS,Task Completed
2026-07-22 14:54:03,R3CRA09DW9E,0,3281041,SUCCESS,Task Completed
2026-07-22 14:54:34,R3CRC0RBEPP,0,3281901,FAIL,ADDRESS_NOT_FOUND
2026-07-22 14:55:44,R3CR70WD1KX,0,3281761,FAIL,NO_ROUTE_FOUND: 자동차 길찾기 결과를 제공할 수 없습니다.
2026-07-22 14:58:00,R3CRA0GP5YP,0,3281075,SUCCESS,Task Completed
2026-07-22 15:01:04,R3CR80LSWGD,0,3281802,FAIL,ADDRESS_NOT_FOUND
2026-07-22 15:01:35,R3CR90CCP1D,0,3281824,FAIL,ADDRESS_NOT_FOUND
2026-07-22 15:05:36,R3CR90SJ6SW,0,3281696,SUCCESS,Task Completed
2026-07-22 15:06:08,R5CR82FNMVX,0,3282174,SUCCESS,Task Completed
2026-07-22 15:09:18,R3CR90MAW4B,0,3282044,SUCCESS,Task Completed
2026-07-22 15:10:12,R5CR802VA4D,0,3282364,SUCCESS,Task Completed
2026-07-22 15:10:17,R3CRC0ZCD2Z,0,3281932,SUCCESS,Task Completed
2026-07-22 15:11:01,R5CR81PA2GT,0,3282147,SUCCESS,Task Completed
2026-07-22 15:11:34,R5CR82CEZBN,0,3282163,SUCCESS,Task Completed
2026-07-22 15:11:56,R5CR81SQ8JJ,0,3282152,SUCCESS,Task Completed
2026-07-22 15:13:40,R5CR802BBLB,0,3283737,FAIL,Frida Crash (Connection lost)
2026-07-22 15:13:55,R3CRA09DW9E,0,3282344,SUCCESS,Task Completed
2026-07-22 15:14:27,R5CRA0PW01W,0,3282260,SUCCESS,Task Completed
2026-07-22 15:16:15,R3CR8045YWN,0,3283531,FAIL,ADDRESS_NOT_FOUND
2026-07-22 15:16:16,R5CR802BBLB,0,3283968,FAIL,Frida Crash (Connection lost)
2026-07-22 15:16:24,R3CRA0GP5YP,0,3282464,SUCCESS,Task Completed
2026-07-22 15:17:02,R5CR80ZPJ0Z,0,3283750,SUCCESS,Task Completed
2026-07-22 15:17:54,R3CR90SJ6SW,0,3283070,SUCCESS,Task Completed
2026-07-22 15:18:06,R3CRC0RBEPP,0,3284151,FAIL,Frida Crash (Connection lost)
2026-07-22 15:20:21,R5CR82FNMVX,0,3283110,SUCCESS,Task Completed
2026-07-22 15:21:05,R5CR807XTKD,0,3283138,SUCCESS,Task Completed
2026-07-22 15:22:31,R3CR90CE67P,0,3283321,SUCCESS,Task Completed
2026-07-22 15:26:04,R3CR90GC5AP,0,3283353,SUCCESS,Task Completed
2026-07-22 15:27:29,R3CRB0WCGET,0,3283645,SUCCESS,Task Completed
2026-07-22 15:27:51,R3CR90MAW4B,0,3283407,SUCCESS,Task Completed
2026-07-22 15:28:11,R3CR70WD7NA,0,3283470,SUCCESS,Task Completed
2026-07-22 15:28:23,R3CR70JFWXJ,0,3283454,SUCCESS,Task Completed
2026-07-22 15:28:30,R3CR90HEZDB,0,3283392,SUCCESS,Task Completed
2026-07-22 15:29:29,R3CRA0EJ6SD,0,3283594,SUCCESS,Task Completed
2026-07-22 15:29:44,R3CR70D3ECZ,0,3283424,SUCCESS,Task Completed
2026-07-22 15:30:36,R5CR82NR07J,0,3283989,SUCCESS,Task Completed
2026-07-22 15:31:16,R3CRC0XSEHY,0,3283697,SUCCESS,Task Completed
2026-07-22 15:31:52,R3CRB0ATRRK,0,3283612,SUCCESS,Task Completed
2026-07-22 15:32:22,R5CR715VSTX,0,3283729,SUCCESS,Task Completed
2026-07-22 15:33:57,R3CR70JFWXJ,0,3285033,FAIL,Frida Crash (Connection lost)
2026-07-22 15:34:01,R3CRB0PZGDR,0,3285326,FAIL,ADDRESS_NOT_FOUND
2026-07-22 15:34:09,R5CR80ZNFTH,0,3283875,SUCCESS,Task Completed
2026-07-22 15:35:01,R3CR70JFWXJ,0,3285528,FAIL,App Closed
2026-07-22 15:35:01,R3CR70AV5ZZ,0,3284048,SUCCESS,Task Completed
2026-07-22 15:35:06,R3CRB0ATRRK,0,3285317,FAIL,NO_ROUTE_FOUND: 길찾기 결과가 없습니다.
2026-07-22 15:35:18,R5CR80DSS2W,0,3285144,SUCCESS,Task Completed
2026-07-22 15:35:28,R5CR80E53QP,0,3285559,FAIL,Frida Crash (Connection lost)
2026-07-22 16:11:25,R3CR70D3ECZ,0,3288218,FAIL,NO_ROUTE_FOUND: 길찾기 결과가 없습니다.
2026-07-22 16:12:38,R3CR70JFWXJ,0,3288228,FAIL,NO_ROUTE_FOUND: 길찾기 결과가 없습니다.
2026-07-22 16:12:47,R5CR802VA4D,0,3288600,FAIL,Frida Crash (Connection lost)
2026-07-22 16:12:53,R5CR802BBLB,0,3288566,FAIL,NETWORK_TIMEOUT
2026-07-22 16:13:07,R3CR70WD1KX,0,3288246,FAIL,ADDRESS_NOT_FOUND
2026-07-22 16:13:37,R3CR70SZ0JJ,0,3288238,FAIL,ADDRESS_NOT_FOUND
2026-07-22 16:14:04,R5CR80E53QP,0,3288714,FAIL,NETWORK_TIMEOUT
2026-07-22 16:14:06,R5CR802CTAL,0,3288582,FAIL,NO_ROUTE_FOUND: 길찾기 결과가 없습니다.
2026-07-22 16:14:30,R5CR80ZPJ0Z,0,3288769,FAIL,NETWORK_TIMEOUT
2026-07-22 16:17:14,R5CRC3DZRQH,0,3289014,FAIL,NETWORK_TIMEOUT
2026-07-22 16:19:36,R5CR81SQ8JJ,0,3288861,SUCCESS,Task Completed
2026-07-22 16:20:33,R5CR802BBLB,0,3289282,FAIL,NETWORK_TIMEOUT
2026-07-22 16:20:40,R5CR80E53QP,0,3289293,FAIL,NETWORK_TIMEOUT
2026-07-22 16:20:45,R3CR90MAW4B,0,3288375,FAIL,MISSING_ARRIVAL_PACKETS
2026-07-22 16:20:49,R5CR80ZPJ0Z,0,3289308,FAIL,NETWORK_TIMEOUT
2026-07-22 16:21:17,R3CR90HEZDB,0,3288359,FAIL,MISSING_ARRIVAL_PACKETS
2026-07-22 16:23:10,R3CRC0RBEPP,0,3288490,FAIL,ADDRESS_NOT_FOUND
2026-07-22 16:23:49,R3CR70AV5ZZ,0,3288209,SUCCESS,Task Completed
2026-07-22 16:24:51,R5CR80E53QP,0,3289627,FAIL,NETWORK_TIMEOUT
2026-07-22 16:24:59,R5CR80ZPJ0Z,0,3289640,FAIL,NETWORK_TIMEOUT
2026-07-22 16:28:43,R5CR80E53QP,0,3289971,FAIL,NETWORK_TIMEOUT
2026-07-22 16:29:36,R3CR70WD7NA,0,3290064,FAIL,Frida Crash (Connection lost)
2026-07-22 16:31:54,R3CRA0EJ6SD,0,3290269,FAIL,Frida Crash (Connection lost)
2026-07-22 16:33:42,R5CR713T5WT,0,3290400,FAIL,Frida Crash (Connection lost)
2026-07-22 16:34:26,R5CR82NR07J,0,3288915,SUCCESS,Task Completed
2026-07-22 16:35:28,R5CR804V9CT,0,3290421,FAIL,ADDRESS_NOT_FOUND
2026-07-22 16:35:52,R3CRA0GP5YP,0,3290277,FAIL,NO_ROUTE_FOUND: 길찾기 결과가 없습니다.
2026-07-22 16:40:40,R5CR82CEZBN,0,3290658,FAIL,NO_ROUTE_FOUND: 길찾기 결과가 없습니다.
2026-07-22 16:41:03,R5CRC3DZRQH,0,3291019,FAIL,NETWORK_TIMEOUT
2026-07-22 16:41:11,R5CR82H78WT,0,3290679,FAIL,ADDRESS_NOT_FOUND
2026-07-22 16:44:34,R5CR82NR07J,0,3290503,SUCCESS,Task Completed
2026-07-22 16:44:36,R5CR802BBLB,0,3291314,FAIL,NETWORK_TIMEOUT
2026-07-22 16:45:02,R5CRC3DZRQH,0,3291353,FAIL,NETWORK_TIMEOUT
2026-07-22 16:45:18,R5CR82NR07J,0,3291388,FAIL,Frida Crash (Connection lost)
2026-07-22 16:48:22,R5CR802BBLB,0,3291670,FAIL,NETWORK_TIMEOUT
2026-07-22 16:48:27,R5CR80ZPJ0Z,0,3289988,SUCCESS,Task Completed
2026-07-22 16:48:51,R5CRC3DZRQH,0,3291707,FAIL,NETWORK_TIMEOUT
2026-07-22 16:51:19,R5CR81S2C2J,0,3290648,SUCCESS,Task Completed
2026-07-22 16:51:30,R3CRA09DW9E,0,3290256,SUCCESS,Task Completed
2026-07-22 16:57:09,R5CR807XTKD,0,3292215,FAIL,NO_ROUTE_FOUND: 길찾기 결과가 없습니다.
2026-07-22 17:02:53,R3CR70D3ECZ,0,3292840,FAIL,ADDRESS_NOT_FOUND
2026-07-22 17:06:46,R5CR80E53QP,0,3293247,FAIL,NETWORK_TIMEOUT
2026-07-22 17:07:10,R5CR80ZPJ0Z,0,3293282,FAIL,NETWORK_TIMEOUT
2026-07-22 17:08:51,R5CR802VA4D,0,3293204,FAIL,NO_ROUTE_FOUND: 길찾기 결과가 없습니다.
2026-07-22 17:10:10,R3CR70D3ECZ,0,3293533,FAIL,Frida Crash (Connection lost)
2026-07-22 17:13:25,R5CR80E53QP,0,3293841,FAIL,NETWORK_TIMEOUT
2026-07-22 17:13:33,R5CR80ZPJ0Z,0,3293850,FAIL,NETWORK_TIMEOUT
2026-07-22 17:17:18,R5CR9336DSB,0,3293440,FAIL,ADDRESS_NOT_FOUND
2026-07-22 17:17:35,R5CR80ZPJ0Z,0,3294152,FAIL,NETWORK_TIMEOUT
2026-07-22 17:24:55,R5CRA0PW01W,0,3293457,SUCCESS,Task Completed
2026-07-22 17:27:14,R5CR802BBLB,0,3294957,FAIL,NETWORK_TIMEOUT
2026-07-22 17:27:34,R5CR82CEZBN,0,3293369,SUCCESS,Task Completed
2026-07-22 17:28:12,R3CR90MAW4B,0,3294764,SUCCESS,Task Completed
2026-07-22 17:33:27,R3CR70AV5ZZ,0,3294481,FAIL,MISSING_ARRIVAL_PACKETS
2026-07-22 17:34:04,R3CR70AV5ZZ,0,3295512,FAIL,Frida Crash (Connection lost)
2026-07-22 17:37:14,R5CR80ZPJ0Z,0,3294446,FAIL,MISSING_ARRIVAL_PACKETS
2026-07-22 17:38:01,R5CR80E53QP,0,3295788,FAIL,NETWORK_TIMEOUT
2026-07-22 17:38:37,R5CRA0TJHLK,0,3295232,FAIL,GUIDANCE_NOT_FOUND
2026-07-22 17:38:38,R3CRB0PZGDR,0,3294852,FAIL,Frida Crash (Connection lost)
2026-07-22 17:38:39,R5CR81QCVCK,0,3295108,FAIL,Frida Crash (Connection lost)
2026-07-22 17:38:39,R3CR90GCB5L,0,3294718,FAIL,Frida Crash (Connection lost)
2026-07-22 17:38:39,R5CR91SH8LM,0,3295217,FAIL,Frida Crash (Connection lost)
2026-07-22 17:38:39,R3CRC0RBEPP,0,3294873,FAIL,Frida Crash (Connection lost)
2026-07-22 17:38:39,R3CR90HEZDB,0,3294750,FAIL,Frida Crash (Connection lost)
2026-07-22 17:38:39,R3CR90GC5AP,0,3294695,FAIL,Frida Crash (Connection lost)
2026-07-22 17:38:39,R3CR70D3ECZ,0,3295346,FAIL,Frida Crash (Connection lost)
2026-07-22 17:38:39,R5CR82FNMVX,0,3295179,FAIL,Frida Crash (Connection lost)
2026-07-22 17:38:39,R5CR81SQ8JJ,0,3295131,FAIL,Frida Crash (Connection lost)
2026-07-22 17:38:39,R3CRA0EJ6SD,0,3294810,FAIL,Frida Crash (Connection lost)
2026-07-22 17:38:39,R5CRA0PW01W,0,3294915,FAIL,Frida Crash (Connection lost)
2026-07-22 17:38:39,R5CR82CEZBN,0,3295140,FAIL,Frida Crash (Connection lost)
2026-07-22 17:38:39,R5CR81S2C2J,0,3295119,FAIL,Frida Crash (Connection lost)
2026-07-22 17:38:39,R5CR82H78WT,0,3295187,FAIL,Frida Crash (Connection lost)
2026-07-22 17:38:39,R5CR919ZL9A,0,3295205,FAIL,Frida Crash (Connection lost)
2026-07-22 17:38:40,R3CRA09DW9E,0,3294788,FAIL,App Closed
2026-07-22 17:38:40,R3CRB0ATRRK,0,3294837,FAIL,Frida Crash (Connection lost)
2026-07-22 17:38:41,R3CR90SJ6SW,0,3294778,FAIL,Frida Crash (Connection lost)
2026-07-22 17:38:42,R3CR70AV5ZZ,0,3295668,FAIL,Frida Crash (Connection lost)
2026-07-22 17:38:46,R5CR80ZNFTH,0,3295047,FAIL,Frida Crash (Connection lost)
2026-07-22 17:38:46,R3CR80LSWGD,0,3294644,FAIL,Frida Crash (Connection lost)
2026-07-22 17:38:46,R3CR90MAW4B,0,3295163,FAIL,Frida Crash (Connection lost)
2026-07-22 17:38:47,R5CRA19WHAD,0,3295250,FAIL,Frida Crash (Connection lost)
2026-07-22 17:38:50,R3CR80NVXJE,0,3294657,FAIL,Frida Crash (Connection lost)
2026-07-22 17:38:51,R3CR70WD7NA,0,3294579,FAIL,Frida Crash (Connection lost)
2026-07-22 17:38:52,R5CR802VA4D,0,3295301,FAIL,Frida Crash (Connection lost)
2026-07-22 17:38:52,R5CR80DSS2W,0,3295011,FAIL,Frida Crash (Connection lost)
2026-07-22 17:38:54,R5CR713T5WT,0,3294941,FAIL,Frida Crash (Connection lost)
2026-07-22 17:38:55,R3CRB0WCGET,0,3294861,FAIL,Frida Crash (Connection lost)
2026-07-22 17:38:56,R3CR90H1NCP,0,3294736,FAIL,Frida Crash (Connection lost)
2026-07-22 17:38:56,R5CR80BKKQH,0,3294999,FAIL,Frida Crash (Connection lost)
2026-07-22 17:38:57,R5CR802BBLB,0,3295292,FAIL,Frida Crash (Connection lost)
2026-07-22 17:38:57,R5CRC3DZRQH,0,3295312,FAIL,Frida Crash (Connection lost)
2026-07-22 17:39:01,R5CR802CTAL,0,3294968,FAIL,Frida Crash (Connection lost)
2026-07-22 17:39:03,R3CR70SZ0JJ,0,3294543,FAIL,Frida Crash (Connection lost)
2026-07-22 17:39:04,R3CRC0ZCD2Z,0,3294899,FAIL,Frida Crash (Connection lost)
2026-07-22 17:39:05,R3CRA0GP5YP,0,3294823,FAIL,Frida Crash (Connection lost)
2026-07-22 17:39:11,R5CR813E9AB,0,3295067,FAIL,Frida Crash (Connection lost)
2026-07-22 17:39:11,R3CRC0XSEHY,0,3294884,FAIL,Frida Crash (Connection lost)
2026-07-22 17:39:18,R3CR8045YWN,0,3294615,FAIL,Frida Crash (Connection lost)
2026-07-22 17:39:19,R5CR804V9CT,0,3294978,FAIL,Frida Crash (Connection lost)
2026-07-22 17:39:19,R5CR8153KWN,0,3295083,FAIL,Frida Crash (Connection lost)
2026-07-22 17:39:19,R5CR81PA2GT,0,3295099,FAIL,Frida Crash (Connection lost)
2026-07-22 17:39:19,R3CR90CE67P,0,3294682,FAIL,Frida Crash (Connection lost)
2026-07-22 17:39:20,R3CR70JFWXJ,0,3294506,FAIL,Frida Crash (Connection lost)
2026-07-22 17:39:20,R3CR70WD1KX,0,3294559,FAIL,Frida Crash (Connection lost)
2026-07-22 17:39:20,R3CR804583K,0,3294595,FAIL,Frida Crash (Connection lost)
2026-07-22 17:39:21,R5CR715VSTX,0,3294948,FAIL,Frida Crash (Connection lost)
2026-07-22 17:39:21,R5CR807XTKD,0,3294985,FAIL,Frida Crash (Connection lost)
2026-07-22 17:39:23,R3CR90CCP1D,0,3294671,FAIL,Frida Crash (Connection lost)
2026-07-22 17:39:26,R5CR80ZYL9K,0,3295053,FAIL,Frida Crash (Connection lost)
2026-07-22 17:43:36,R3CR70JFWXJ,0,3296086,FAIL,NO_ROUTE_FOUND: 길찾기 결과가 없습니다.
2026-07-22 17:44:50,R5CR802BBLB,0,3296424,FAIL,NETWORK_TIMEOUT
2026-07-22 17:44:50,R5CR804V9CT,0,3296456,FAIL,Frida Crash (Connection lost)
2026-07-22 17:45:07,R5CR80BKKQH,0,3296474,FAIL,Frida Crash (Connection lost)
2026-07-22 17:45:33,R5CR80ZPJ0Z,0,3295929,SUCCESS,Task Completed
2026-07-22 17:45:34,R3CR90MAW4B,0,3296267,FAIL,NO_ROUTE_FOUND: 길찾기 결과가 없습니다.
2026-07-22 17:47:24,R3CRA0EJ6SD,0,3296299,FAIL,ADDRESS_NOT_FOUND
2026-07-22 17:47:32,R5CR802VA4D,0,3296443,FAIL,NO_ROUTE_FOUND: 길찾기 결과가 없습니다.
2026-07-22 17:47:54,R3CR90SJ6SW,0,3296280,FAIL,ADDRESS_NOT_FOUND
2026-07-22 17:48:38,R5CR80E53QP,0,3296758,FAIL,NETWORK_TIMEOUT
2026-07-22 17:48:47,R5CR80ZPJ0Z,0,3296768,FAIL,NETWORK_TIMEOUT
2026-07-22 17:50:56,R5CR802BBLB,0,3296947,FAIL,NETWORK_TIMEOUT
2026-07-22 17:52:12,R3CR70AV5ZZ,0,3296061,FAIL,MISSING_ARRIVAL_PACKETS
2026-07-22 17:53:31,R3CRA09DW9E,0,3296290,FAIL,MISSING_ARRIVAL_PACKETS
2026-07-22 17:53:49,R3CR80NVXJE,0,3296176,FAIL,ADDRESS_NOT_FOUND
2026-07-22 17:54:54,R3CR70SZ0JJ,0,3296101,FAIL,NO_ROUTE_FOUND: 길찾기 결과가 없습니다.
2026-07-22 17:54:57,R3CR70D3ECZ,0,3296074,FAIL,NO_ROUTE_FOUND: 길찾기 결과가 없습니다.
2026-07-22 17:55:04,R3CR80LSWGD,0,3296163,FAIL,NO_ROUTE_FOUND: 길찾기 결과가 없습니다.
2026-07-22 17:55:07,R3CR90GC5AP,0,3296219,FAIL,NO_ROUTE_FOUND: 길찾기 결과가 없습니다.
2026-07-22 17:55:11,R3CR70WD7NA,0,3296130,FAIL,NO_ROUTE_FOUND: 길찾기 결과가 없습니다.
2026-07-22 17:55:16,R3CR804583K,0,3296141,FAIL,NO_ROUTE_FOUND: 길찾기 결과가 없습니다.
2026-07-22 17:55:21,R3CR70WD1KX,0,3296116,FAIL,NO_ROUTE_FOUND: 길찾기 결과가 없습니다.
2026-07-22 17:55:21,R3CR8045YWN,0,3296153,FAIL,NO_ROUTE_FOUND: 길찾기 결과가 없습니다.
2026-07-22 17:55:44,R5CR81S2C2J,0,3295953,SUCCESS,Task Completed
2026-07-22 17:56:10,R5CRA0PW01W,0,3296623,SUCCESS,Task Completed
2026-07-22 17:56:28,R5CR81S2C2J,0,3297471,FAIL,Frida Crash (Connection lost)
2026-07-22 17:57:20,R3CR90HEZDB,0,3296251,SUCCESS,Task Completed
2026-07-22 17:57:29,R3CR90H1NCP,0,3296235,FAIL,ADDRESS_NOT_FOUND
2026-07-22 17:58:43,R3CR90CE67P,0,3296208,FAIL,NO_ROUTE_FOUND: 길찾기 결과가 없습니다.
2026-07-22 17:59:14,R3CR90GCB5L,0,3296225,FAIL,ADDRESS_NOT_FOUND
2026-07-22 18:02:14,R5CR802CTAL,0,3296432,SUCCESS,Task Completed
2026-07-22 18:04:23,R3CR90HEZDB,0,3297567,SUCCESS,Task Completed
2026-07-22 18:05:00,R5CR713T5WT,0,3298121,FAIL,Frida Crash (Connection lost)
2026-07-22 18:05:44,R5CR807XTKD,0,3298159,FAIL,Frida Crash (Connection lost)
2026-07-22 18:06:52,R5CR82FNMVX,0,3296599,SUCCESS,Task Completed
2026-07-22 18:06:53,R5CR813E9AB,0,3298279,FAIL,Frida Crash (Connection lost)
2026-07-22 18:09:33,R3CRB0WCGET,0,3298051,FAIL,NO_ROUTE_FOUND: 길찾기 결과가 없습니다.
2026-07-22 18:11:24,R3CRC0XSEHY,0,3298075,FAIL,ADDRESS_NOT_FOUND
2026-07-22 18:11:49,R5CR81S2C2J,0,3297589,SUCCESS,Task Completed
2026-07-22 18:11:54,R3CRC0ZCD2Z,0,3298092,FAIL,ADDRESS_NOT_FOUND
2026-07-22 18:12:58,R5CR80E53QP,0,3298762,FAIL,NETWORK_TIMEOUT
2026-07-22 18:13:02,R5CRA0PW01W,0,3297478,SUCCESS,Task Completed
2026-07-22 18:13:20,R3CRC0RBEPP,0,3298060,FAIL,NO_ROUTE_FOUND: 길찾기 결과가 없습니다.
2026-07-22 18:13:25,R5CR80ZPJ0Z,0,3298797,FAIL,NETWORK_TIMEOUT
2026-07-22 18:15:08,R5CR802BBLB,0,3298949,FAIL,NETWORK_TIMEOUT
2026-07-22 18:15:59,R3CR70WD1KX,0,3299049,FAIL,Frida Crash (Connection lost)
2026-07-22 18:16:32,R3CRA0GP5YP,0,3297983,SUCCESS,Task Completed
2026-07-22 18:17:15,R5CRA0TJHLK,0,3297784,SUCCESS,Task Completed
2026-07-22 18:17:19,R3CR70SZ0JJ,0,3298992,FAIL,NO_ROUTE_FOUND: 길찾기 결과가 없습니다.
2026-07-22 18:17:39,R5CR80E53QP,0,3299175,FAIL,NETWORK_TIMEOUT
2026-07-22 18:17:47,R5CR80ZPJ0Z,0,3299191,FAIL,NETWORK_TIMEOUT
2026-07-22 18:17:48,R3CR70D3ECZ,0,3299027,FAIL,ADDRESS_NOT_FOUND
2026-07-22 18:18:23,R3CRB0ATRRK,0,3298016,SUCCESS,Task Completed
2026-07-22 18:20:44,R5CRC3DZRQH,0,3297793,SUCCESS,Task Completed
2026-07-22 18:21:44,R5CR80E53QP,0,3299545,FAIL,NETWORK_TIMEOUT
2026-07-22 18:21:55,R5CR80ZPJ0Z,0,3299564,FAIL,NETWORK_TIMEOUT
2026-07-22 18:23:49,R5CR81QCVCK,0,3298318,SUCCESS,Task Completed
2026-07-22 18:24:23,R3CR70JFWXJ,0,3298361,FAIL,MISSING_ARRIVAL_PACKETS
2026-07-22 18:25:36,R5CR80E53QP,0,3299841,FAIL,NETWORK_TIMEOUT
2026-07-22 18:26:03,R5CR80ZPJ0Z,0,3299877,FAIL,NETWORK_TIMEOUT
2026-07-22 18:26:31,R5CR81S2C2J,0,3298718,SUCCESS,Task Completed
2026-07-22 18:27:48,R5CR81SQ8JJ,0,3298393,SUCCESS,Task Completed
2026-07-22 18:28:04,R3CR90MAW4B,0,3300082,FAIL,Frida Crash (Connection lost)
2026-07-22 18:28:08,R5CRA0PW01W,0,3298816,SUCCESS,Task Completed
2026-07-22 18:30:22,R3CR80NVXJE,0,3298921,SUCCESS,Task Completed
2026-07-22 18:30:30,R5CR80E53QP,0,3300267,FAIL,NETWORK_TIMEOUT
2026-07-22 18:31:05,R5CR80ZPJ0Z,0,3300310,FAIL,NETWORK_TIMEOUT
2026-07-22 18:34:09,R5CR82CEZBN,0,3299419,SUCCESS,Task Completed
2026-07-22 18:34:27,R5CR80E53QP,0,3300592,FAIL,NETWORK_TIMEOUT
2026-07-22 18:34:57,R3CRB0WCGET,0,3300296,SUCCESS,Task Completed
2026-07-22 18:35:01,R5CRA0TJHLK,0,3299197,SUCCESS,Task Completed
2026-07-22 18:35:11,R5CR82NR07J,0,3299480,SUCCESS,Task Completed
2026-07-22 18:35:13,R5CR80ZPJ0Z,0,3300658,FAIL,NETWORK_TIMEOUT
2026-07-22 18:38:26,R5CR80E53QP,0,3300920,FAIL,NETWORK_TIMEOUT
2026-07-22 18:38:38,R3CRC0RBEPP,0,3300567,SUCCESS,Task Completed
2026-07-22 18:39:35,R5CR80ZPJ0Z,0,3301008,FAIL,NETWORK_TIMEOUT
2026-07-22 18:39:58,R3CR90HEZDB,0,3299829,SUCCESS,Task Completed
2026-07-22 18:43:02,R3CR70SZ0JJ,0,3300906,FAIL,GUIDANCE_NOT_FOUND
2026-07-22 18:43:07,R5CR82H78WT,0,3301128,FAIL,GUIDANCE_NOT_FOUND
2026-07-22 18:43:16,R5CR80DSS2W,0,3299900,FAIL,Frida Crash (Connection lost)
2026-07-22 18:43:16,R3CRA09DW9E,0,3300614,FAIL,Frida Crash (Connection lost)
2026-07-22 18:43:16,R3CRB0ATRRK,0,3300986,FAIL,Frida Crash (Connection lost)
2026-07-22 18:43:16,R5CR81PA2GT,0,3300025,FAIL,Frida Crash (Connection lost)
2026-07-22 18:43:16,R3CRB0WCGET,0,3300699,FAIL,Frida Crash (Connection lost)
2026-07-22 18:43:16,R3CR90SJ6SW,0,3300186,FAIL,Frida Crash (Connection lost)
2026-07-22 18:43:16,R3CR80LSWGD,0,3300846,FAIL,Frida Crash (Connection lost)
2026-07-22 18:43:16,R5CR81SQ8JJ,0,3300099,FAIL,Frida Crash (Connection lost)
2026-07-22 18:43:16,R3CR90MAW4B,0,3300288,FAIL,Frida Crash (Connection lost)
2026-07-22 18:43:16,R5CR80ZYL9K,0,3299950,FAIL,Frida Crash (Connection lost)
2026-07-22 18:43:16,R5CR82CEZBN,0,3300625,FAIL,Frida Crash (Connection lost)
2026-07-22 18:43:16,R5CRA19WHAD,0,3300164,FAIL,Frida Crash (Connection lost)
2026-07-22 18:43:16,R3CRA0EJ6SD,0,3300195,FAIL,Frida Crash (Connection lost)
2026-07-22 18:43:16,R3CRB0PZGDR,0,3299718,FAIL,Frida Crash (Connection lost)
2026-07-22 18:43:16,R5CR91SH8LM,0,3300149,FAIL,Frida Crash (Connection lost)
2026-07-22 18:43:16,R5CRA0TJHLK,0,3300707,FAIL,Frida Crash (Connection lost)
2026-07-22 18:43:16,R5CR715VSTX,0,3299862,FAIL,Frida Crash (Connection lost)
2026-07-22 18:43:16,R5CR81QCVCK,0,3299745,FAIL,Frida Crash (Connection lost)
2026-07-22 18:43:16,R5CRA0PW01W,0,3300112,FAIL,Frida Crash (Connection lost)
2026-07-22 18:43:16,R3CR70AV5ZZ,0,3300496,FAIL,Frida Crash (Connection lost)
2026-07-22 18:43:16,R5CR81S2C2J,0,3300001,FAIL,Frida Crash (Connection lost)
2026-07-22 18:43:16,R5CR919ZL9A,0,3300131,FAIL,Frida Crash (Connection lost)
2026-07-22 18:43:16,R3CRC0XSEHY,0,3300412,FAIL,Frida Crash (Connection lost)
2026-07-22 18:43:18,R3CR8045YWN,0,3300818,FAIL,Frida Crash (Connection lost)
2026-07-22 18:43:18,R3CR804583K,0,3300802,FAIL,Frida Crash (Connection lost)
2026-07-22 18:43:18,R3CRC0ZCD2Z,0,3300484,FAIL,Frida Crash (Connection lost)
2026-07-22 18:43:18,R3CR80NVXJE,0,3300333,FAIL,Frida Crash (Connection lost)
2026-07-22 18:43:18,R5CR82FNMVX,0,3300041,FAIL,Frida Crash (Connection lost)
2026-07-22 18:43:18,R3CR70JFWXJ,0,3299798,FAIL,Frida Crash (Connection lost)
2026-07-22 18:43:19,R3CRA0GP5YP,0,3300861,FAIL,Frida Crash (Connection lost)
2026-07-22 18:43:20,R5CR80ZNFTH,0,3299938,FAIL,Frida Crash (Connection lost)
2026-07-22 18:43:21,R3CR70WD7NA,0,3300771,FAIL,Frida Crash (Connection lost)
2026-07-22 18:43:22,R5CR807XTKD,0,3299985,FAIL,Frida Crash (Connection lost)
2026-07-22 18:43:23,R5CR713T5WT,0,3299973,FAIL,Frida Crash (Connection lost)
2026-07-22 18:43:25,R5CR802CTAL,0,3299648,FAIL,Frida Crash (Connection lost)
2026-07-22 18:43:25,R5CR80BKKQH,0,3300250,FAIL,Frida Crash (Connection lost)
2026-07-22 18:43:25,R3CR70WD1KX,0,3300946,FAIL,Frida Crash (Connection lost)
2026-07-22 18:43:26,R5CR9336DSB,0,3301151,FAIL,Frida Crash (Connection lost)
2026-07-22 18:43:26,R5CR802BBLB,0,3301046,FAIL,Frida Crash (Connection lost)
2026-07-22 18:43:33,R3CR90CE67P,0,3301035,FAIL,Frida Crash (Connection lost)
2026-07-22 18:43:33,R5CRC3DZRQH,0,3301201,FAIL,App Launch Timeout
2026-07-22 18:43:33,R3CR90GC5AP,0,3300856,FAIL,Frida Crash (Connection lost)
2026-07-22 18:43:35,R3CR90HEZDB,0,3301104,FAIL,Frida Crash (Connection lost)
2026-07-22 18:43:35,R3CR90H1NCP,0,3300952,FAIL,Frida Crash (Connection lost)
2026-07-22 18:43:37,R5CRC2RDAFB,0,3301166,FAIL,Frida Crash (Connection lost)
2026-07-22 18:43:45,R3CR70D3ECZ,0,3300969,FAIL,Frida Crash (Connection lost)
2026-07-22 18:43:45,R5CR802VA4D,0,3300213,FAIL,Frida Crash (Connection lost)
2026-07-22 18:43:52,R5CR813E9AB,0,3300093,FAIL,Frida Crash (Connection lost)
2026-07-22 18:43:56,R3CR90GCB5L,0,3301095,FAIL,Frida Crash (Connection lost)
2026-07-22 18:44:00,R5CR804V9CT,0,3300232,FAIL,Frida Crash (Connection lost)
2026-07-22 18:44:04,R5CR8153KWN,0,3300015,FAIL,Frida Crash (Connection lost)
2026-07-22 18:45:29,R3CR90GCB5L,0,3301495,FAIL,Frida Crash (Connection lost)
2026-07-22 18:46:48,R3CR90HEZDB,0,3301523,FAIL,NO_ROUTE_FOUND: 길찾기 결과가 없습니다.
2026-07-22 18:47:44,R5CR802BBLB,0,3301682,FAIL,NETWORK_TIMEOUT
2026-07-22 18:47:49,R3CR90MAW4B,0,3301533,FAIL,NO_ROUTE_FOUND: 길찾기 결과가 없습니다.
2026-07-22 18:48:15,R5CR80ZNCXT,0,3301769,FAIL,Frida Crash (Connection lost)
2026-07-22 18:49:05,R3CR804583K,0,3301413,FAIL,ADDRESS_NOT_FOUND
2026-07-22 18:50:09,R5CR82H78WT,0,3301909,FAIL,Frida Crash (Connection lost)
2026-07-22 18:51:28,R5CRC3DZRQH,0,3302002,FAIL,NETWORK_TIMEOUT
2026-07-22 18:52:15,R5CR80ZNCXT,0,3302097,FAIL,Frida Crash (Connection lost)
2026-07-22 18:55:01,R5CRC3DZRQH,0,3302284,FAIL,NETWORK_TIMEOUT
2026-07-22 18:58:45,R5CRC3DZRQH,0,3302564,FAIL,NETWORK_TIMEOUT
2026-07-22 19:02:37,R5CRC3DZRQH,0,3302868,FAIL,NETWORK_TIMEOUT
2026-07-22 19:06:56,R5CRC3DZRQH,0,3303257,FAIL,NETWORK_TIMEOUT
2026-07-22 19:07:15,R5CR807XTKD,0,3301731,SUCCESS,Task Completed
2026-07-22 19:09:01,R3CR804583K,0,3302050,SUCCESS,Task Completed
2026-07-22 19:09:39,R5CR813E9AB,0,3303526,FAIL,Frida Crash (Connection lost)
2026-07-22 19:10:31,R3CR90GCB5L,0,3302061,SUCCESS,Task Completed
2026-07-22 19:11:22,R5CRC3DZRQH,0,3303636,FAIL,NETWORK_TIMEOUT
2026-07-22 19:12:06,R3CR70D3ECZ,0,3302025,SUCCESS,Task Completed
2026-07-22 19:12:48,R5CR81QCVCK,0,3303593,FAIL,Frida Crash (Connection lost)
2026-07-22 19:14:53,R5CRC3DZRQH,0,3303919,FAIL,NETWORK_TIMEOUT
2026-07-22 19:15:12,R5CR802BBLB,0,3303953,FAIL,NETWORK_TIMEOUT
2026-07-22 19:17:52,R3CR70JFWXJ,0,3303018,SUCCESS,Task Completed
2026-07-22 19:18:53,R5CR802BBLB,0,3304263,FAIL,NETWORK_TIMEOUT
2026-07-22 19:19:01,R5CRC3DZRQH,0,3304276,FAIL,NETWORK_TIMEOUT
2026-07-22 19:21:06,R5CR80E53QP,0,3302851,SUCCESS,Task Completed
2026-07-22 19:22:29,R3CR70AV5ZZ,0,3302997,SUCCESS,Task Completed
2026-07-22 19:22:44,R5CR802BBLB,0,3304583,FAIL,NETWORK_TIMEOUT
2026-07-22 19:22:52,R5CRC3DZRQH,0,3304595,FAIL,NETWORK_TIMEOUT
2026-07-22 19:24:38,R3CR90H1NCP,0,3303175,SUCCESS,Task Completed
2026-07-22 19:27:06,R5CR802BBLB,0,3304939,FAIL,NETWORK_TIMEOUT
2026-07-22 19:27:14,R5CRC3DZRQH,0,3304946,FAIL,NETWORK_TIMEOUT
2026-07-22 19:27:25,R5CR804V9CT,0,3303437,SUCCESS,Task Completed
2026-07-22 19:27:28,R3CRA0EJ6SD,0,3304969,FAIL,Frida Crash (Connection lost)
2026-07-22 19:28:17,R3CR70D3ECZ,0,3303805,SUCCESS,Task Completed
2026-07-22 19:31:19,R5CR802BBLB,0,3305288,FAIL,NETWORK_TIMEOUT
2026-07-22 19:32:08,R3CR90CCP1D,0,3304856,FAIL,ADDRESS_NOT_FOUND
2026-07-22 19:34:06,R3CR70SZ0JJ,0,3305582,FAIL,Frida Crash (Connection lost)
2026-07-22 19:35:49,R5CR802BBLB,0,3305703,FAIL,NETWORK_TIMEOUT
2026-07-22 19:37:31,R5CR919ZL9A,0,3305441,SUCCESS,Task Completed
2026-07-22 19:39:37,R5CR802BBLB,0,3305996,FAIL,NETWORK_TIMEOUT
2026-07-22 19:43:28,R5CR802BBLB,0,3306286,FAIL,NETWORK_TIMEOUT
2026-07-22 19:44:29,R5CR802VA4D,0,3305185,SUCCESS,Task Completed
2026-07-22 19:46:48,R5CRC3DZRQH,0,3305353,SUCCESS,Task Completed
2026-07-22 19:47:37,R5CR802BBLB,0,3306627,FAIL,NETWORK_TIMEOUT
2026-07-22 19:49:22,R5CR80DSS2W,0,3305216,SUCCESS,Task Completed
2026-07-22 19:49:45,R3CR70WD7NA,0,3306418,SUCCESS,Task Completed
2026-07-22 19:50:00,R3CR70SZ0JJ,0,3305696,SUCCESS,Task Completed
2026-07-22 19:50:33,R5CR80ZNFTH,0,3305230,SUCCESS,Task Completed
2026-07-22 19:50:37,R5CR715VSTX,0,3306882,FAIL,Frida Crash (Connection lost)
2026-07-22 19:50:52,R5CR82NR07J,0,3305428,SUCCESS,Task Completed
2026-07-22 19:51:05,R5CR81S2C2J,0,3305343,SUCCESS,Task Completed
2026-07-22 19:51:34,R5CR802BBLB,0,3306961,FAIL,NETWORK_TIMEOUT
2026-07-22 19:52:36,R5CR813E9AB,0,3305407,SUCCESS,Task Completed
2026-07-22 19:54:21,R5CR81QCVCK,0,3305637,SUCCESS,Task Completed
2026-07-22 19:56:04,R5CR802BBLB,0,3307326,FAIL,NETWORK_TIMEOUT
2026-07-22 19:58:06,R3CR70JFWXJ,0,3305924,SUCCESS,Task Completed
2026-07-22 19:59:51,R5CR802BBLB,0,3307604,FAIL,NETWORK_TIMEOUT
2026-07-22 20:00:11,R5CR80ZPJ0Z,0,3306987,SUCCESS,Task Completed
2026-07-22 20:03:31,R5CR81SQ8JJ,0,3307290,FAIL,ADDRESS_NOT_FOUND
2026-07-22 20:04:11,R3CR70WD1KX,0,3306395,SUCCESS,Task Completed
2026-07-22 20:04:55,R5CR802VA4D,0,3308038,FAIL,Frida Crash (Connection lost)
2026-07-22 20:06:36,R3CR90GC5AP,0,3308185,FAIL,Frida Crash (Connection lost)
2026-07-22 20:09:17,R3CR70SZ0JJ,0,3306946,SUCCESS,Task Completed
2026-07-22 20:10:42,R5CR804V9CT,0,3308403,FAIL,NO_ROUTE_FOUND: 길찾기 결과가 없습니다.
2026-07-22 20:11:05,R3CR70JFWXJ,0,3307526,SUCCESS,Task Completed
2026-07-22 20:11:35,R3CR804583K,0,3308596,FAIL,Frida Crash (Connection lost)
2026-07-22 20:11:54,R5CR807XTKD,0,3308415,FAIL,NO_ROUTE_FOUND: 길찾기 결과가 없습니다.
2026-07-22 20:14:43,R5CR80ZNCXT,0,3307333,SUCCESS,Task Completed
2026-07-22 20:14:57,R5CR80ZPJ0Z,0,3307680,SUCCESS,Task Completed
2026-07-22 20:15:35,R5CR80ZPJ0Z,0,3308900,FAIL,NETWORK_TIMEOUT
2026-07-22 20:17:24,R3CRC0ZCD2Z,0,3308488,SUCCESS,Task Completed
2026-07-22 20:19:17,R5CR91SH8LM,0,3308840,SUCCESS,Task Completed
2026-07-22 20:19:30,R5CR80ZPJ0Z,0,3309221,FAIL,NETWORK_TIMEOUT
2026-07-22 20:20:21,R3CR80LSWGD,0,3308135,SUCCESS,Task Completed
2026-07-22 20:20:30,R3CR70AV5ZZ,0,3307907,SUCCESS,Task Completed
2026-07-22 20:20:59,R5CR802VA4D,0,3308196,SUCCESS,Task Completed
2026-07-22 20:21:17,R3CR8045YWN,0,3308080,SUCCESS,Task Completed
2026-07-22 20:22:32,R3CRA0GP5YP,0,3308271,SUCCESS,Task Completed
2026-07-22 20:23:04,R3CR80NVXJE,0,3308149,SUCCESS,Task Completed
2026-07-22 20:23:09,R3CR70WD1KX,0,3308012,SUCCESS,Task Completed
2026-07-22 20:24:16,R3CR90GC5AP,0,3308299,SUCCESS,Task Completed
2026-07-22 20:24:41,R5CRC3DZRQH,0,3308245,SUCCESS,Task Completed
2026-07-22 20:25:11,R3CR90H1NCP,0,3308112,SUCCESS,Task Completed
2026-07-22 20:25:11,R3CRB0ATRRK,0,3308306,SUCCESS,Task Completed
2026-07-22 20:26:36,R3CR90CE67P,0,3309831,FAIL,Frida Crash (Connection lost)
2026-07-22 20:27:55,R5CR802BBLB,0,3309630,SUCCESS,Task Completed
2026-07-22 20:29:49,R5CR91SH8LM,0,3309260,SUCCESS,Task Completed
2026-07-22 20:33:44,R5CR82FNMVX,0,3308825,SUCCESS,Task Completed
2026-07-22 20:34:40,R5CR818AW0R,0,3310464,FAIL,Frida Crash (Connection lost)
2026-07-22 20:35:15,R5CR9336DSB,0,3310516,FAIL,Frida Crash (Connection lost)
2026-07-22 20:35:55,R5CR713T5WT,0,3310142,FAIL,NO_ROUTE_FOUND: 길찾기 결과가 없습니다.
2026-07-22 20:36:02,R5CR80DSS2W,0,3310191,FAIL,NO_ROUTE_FOUND: 길찾기 결과가 없습니다.
2026-07-22 20:36:20,R5CR81S2C2J,0,3310326,SUCCESS,Task Completed
2026-07-22 20:36:45,R3CRC0ZCD2Z,0,3309116,SUCCESS,Task Completed
2026-07-22 20:37:17,R5CR80BKKQH,0,3310239,FAIL,NO_ROUTE_FOUND: 길찾기 결과가 없습니다.
2026-07-22 20:38:08,R3CR70AV5ZZ,0,3309358,SUCCESS,Task Completed
2026-07-22 20:38:29,R5CR807XTKD,0,3310263,FAIL,NO_ROUTE_FOUND: 길찾기 결과가 없습니다.
2026-07-22 20:39:14,R5CRA0TJHLK,0,3310599,FAIL,NO_ROUTE_FOUND: 길찾기 결과가 없습니다.
2026-07-22 20:39:46,R5CR80ZNFTH,0,3310274,FAIL,NO_ROUTE_FOUND: 길찾기 결과가 없습니다.
2026-07-22 20:40:34,R5CRA19WHAD,0,3310611,FAIL,NO_ROUTE_FOUND: 길찾기 결과가 없습니다.
2026-07-22 20:41:49,R5CRC2RDAFB,0,3310618,FAIL,NO_ROUTE_FOUND: 길찾기 결과가 없습니다.
2026-07-22 20:42:12,R3CR80NVXJE,0,3309605,SUCCESS,Task Completed
2026-07-22 20:42:29,R5CR80E53QP,0,3311034,FAIL,NETWORK_TIMEOUT
2026-07-22 20:42:34,R3CR70WD1KX,0,3309586,SUCCESS,Task Completed
2026-07-22 20:43:51,R5CR80ZPJ0Z,0,3311141,FAIL,NETWORK_TIMEOUT
2026-07-22 20:43:51,R3CRB0ATRRK,0,3309754,SUCCESS,Task Completed
2026-07-22 20:44:42,R3CRA09DW9E,0,3309889,SUCCESS,Task Completed
2026-07-22 20:44:49,R5CR80ZYL9K,0,3310309,SUCCESS,Task Completed
2026-07-22 20:45:24,R5CR802CTAL,0,3310168,SUCCESS,Task Completed
2026-07-22 20:45:26,R3CR8045YWN,0,3311005,SUCCESS,Task Completed
2026-07-22 20:48:17,R3CR70AV5ZZ,0,3311515,FAIL,mitmdump Crash (Proxy stopped)
2026-07-22 20:49:19,R3CR70WD7NA,0,3311580,FAIL,Frida Crash (Connection lost)
2026-07-22 20:49:22,R3CR8045YWN,0,3311600,FAIL,Frida Crash (Connection lost)
2026-07-22 20:51:40,R3CR70WD7NA,0,3311786,FAIL,mitmdump Crash (Proxy stopped)
2026-07-22 20:54:14,R3CR804583K,0,3312016,FAIL,mitmdump Crash (Proxy stopped)
2026-07-22 20:55:56,R3CRA09DW9E,0,3312155,FAIL,mitmdump Crash (Proxy stopped)
2026-07-22 20:57:21,R3CR70AV5ZZ,0,3312256,FAIL,Frida Crash (Connection lost)
2026-07-22 20:57:36,R3CR70SZ0JJ,0,3312285,FAIL,mitmdump Crash (Proxy stopped)
2026-07-22 21:36:06,R3CR70AV5ZZ,0,3314901,SUCCESS,Task Completed
2026-07-22 21:36:45,R5CR802BBLB,0,3315225,FAIL,NETWORK_TIMEOUT
2026-07-22 21:37:18,R3CR90MAW4B,0,3315084,FAIL,NO_ROUTE_FOUND: 길찾기 결과가 없습니다.
2026-07-22 21:40:39,R5CR81SQ8JJ,0,3315425,FAIL,ADDRESS_NOT_FOUND
2026-07-22 21:41:05,R5CR81S2C2J,0,3315407,FAIL,ADDRESS_NOT_FOUND
2026-07-22 21:41:15,R3CR804583K,0,3314968,FAIL,ADDRESS_NOT_FOUND
2026-07-22 21:41:18,R5CRC3DZRQH,0,3315600,FAIL,NETWORK_TIMEOUT
2026-07-22 21:41:41,R3CR8045YWN,0,3314976,FAIL,ADDRESS_NOT_FOUND
2026-07-22 21:43:50,R3CR90SJ6SW,0,3315098,SUCCESS,Task Completed
2026-07-22 21:44:12,R3CR70D3ECZ,0,3314913,FAIL,MISSING_ARRIVAL_PACKETS
2026-07-22 21:45:07,R5CRC3DZRQH,0,3315896,FAIL,NETWORK_TIMEOUT
2026-07-22 21:46:40,R5CR807XTKD,0,3315260,FAIL,NO_ROUTE_FOUND: 길찾기 결과가 없습니다.
2026-07-22 21:47:01,R5CR80DSS2W,0,3315279,FAIL,NO_ROUTE_FOUND: 길찾기 결과가 없습니다.
2026-07-22 21:47:17,R5CR802VA4D,0,3315243,SUCCESS,Task Completed
2026-07-22 21:47:25,R5CR807XTKD,0,3316072,FAIL,Frida Crash (Connection lost)
2026-07-22 21:47:30,R5CR80E53QP,0,3315284,FAIL,NO_ROUTE_FOUND: 길찾기 결과가 없습니다.
2026-07-22 21:47:31,R5CR80BKKQH,0,3315271,FAIL,NO_ROUTE_FOUND: 길찾기 결과가 없습니다.
2026-07-22 21:47:44,R3CR70SZ0JJ,0,3314936,FAIL,NO_ROUTE_FOUND: 길찾기 결과가 없습니다.
2026-07-22 21:48:11,R5CR80BKKQH,0,3316127,FAIL,Frida Crash (Connection lost)
2026-07-22 21:48:20,R3CR70JFWXJ,0,3314923,SUCCESS,Task Completed
2026-07-22 21:48:24,R5CR80E53QP,0,3316136,FAIL,NETWORK_TIMEOUT
2026-07-22 21:48:34,R3CR70WD1KX,0,3314948,FAIL,NO_ROUTE_FOUND: 길찾기 결과가 없습니다.
2026-07-22 21:48:38,R3CR70WD7NA,0,3314958,FAIL,NO_ROUTE_FOUND: 길찾기 결과가 없습니다.
2026-07-22 21:49:31,R5CRC3DZRQH,0,3316233,FAIL,NETWORK_TIMEOUT
2026-07-22 21:50:13,R5CR80ZNFTH,0,3315303,FAIL,NO_ROUTE_FOUND: 길찾기 결과가 없습니다.
2026-07-22 21:51:53,R5CR813E9AB,0,3315338,FAIL,ADDRESS_NOT_FOUND
2026-07-22 21:51:59,R5CR80ZYL9K,0,3315329,FAIL,NO_ROUTE_FOUND: 길찾기 결과가 없습니다.
2026-07-22 21:52:08,R5CR80E53QP,0,3316461,FAIL,NETWORK_TIMEOUT
2026-07-22 21:52:19,R5CR80ZPJ0Z,0,3315316,FAIL,ADDRESS_NOT_FOUND
2026-07-22 21:52:43,R5CR804V9CT,0,3315251,SUCCESS,Task Completed
2026-07-22 21:53:11,R5CR81QCVCK,0,3315392,SUCCESS,Task Completed
2026-07-22 21:53:14,R5CR80ZPJ0Z,0,3316550,FAIL,NETWORK_TIMEOUT
2026-07-22 22:01:15,R3CR70AV5ZZ,0,3317228,FAIL,Frida Crash (Connection lost)
2026-07-22 22:01:49,R5CR82FNMVX,0,3317049,FAIL,NO_ROUTE_FOUND: 길찾기 결과가 없습니다.
2026-07-22 22:02:15,R5CR82H78WT,0,3317064,FAIL,ADDRESS_NOT_FOUND
2026-07-22 22:02:41,R5CR82NR07J,0,3317098,FAIL,ADDRESS_NOT_FOUND
2026-07-22 22:04:19,R5CR80ZYL9K,0,3316525,FAIL,Frida Crash (Connection lost)
2026-07-22 22:04:19,R5CR919ZL9A,0,3317109,FAIL,Frida Crash (Connection lost)
2026-07-22 22:04:19,R3CRC0RBEPP,0,3316833,FAIL,Frida Crash (Connection lost)
2026-07-22 22:04:19,R3CR804583K,0,3317266,FAIL,Frida Crash (Connection lost)
2026-07-22 22:04:19,R5CR807XTKD,0,3316268,FAIL,Frida Crash (Connection lost)
2026-07-22 22:04:19,R3CRB0WCGET,0,3316821,FAIL,Frida Crash (Connection lost)
2026-07-22 22:04:19,R3CR80LSWGD,0,3316603,FAIL,Frida Crash (Connection lost)
2026-07-22 22:04:19,R5CR91SH8LM,0,3317123,FAIL,Frida Crash (Connection lost)
2026-07-22 22:04:19,R3CRC0ZCD2Z,0,3316854,FAIL,Frida Crash (Connection lost)
2026-07-22 22:04:19,R3CRB0ATRRK,0,3316778,FAIL,Frida Crash (Connection lost)
2026-07-22 22:04:19,R5CR81QCVCK,0,3316619,FAIL,Frida Crash (Connection lost)
2026-07-22 22:04:19,R3CRA09DW9E,0,3316740,FAIL,Frida Crash (Connection lost)
2026-07-22 22:04:19,R3CRA0EJ6SD,0,3316745,FAIL,Frida Crash (Connection lost)
2026-07-22 22:04:19,R3CRC0XSEHY,0,3316847,FAIL,Frida Crash (Connection lost)
2026-07-22 22:04:19,R3CRB0PZGDR,0,3316808,FAIL,Frida Crash (Connection lost)
2026-07-22 22:04:19,R3CRA0GP5YP,0,3316762,FAIL,Frida Crash (Connection lost)
2026-07-22 22:04:19,R5CR82CEZBN,0,3317025,FAIL,Frida Crash (Connection lost)
2026-07-22 22:04:19,R3CR90HEZDB,0,3316717,FAIL,Frida Crash (Connection lost)
2026-07-22 22:04:19,R5CR80DSS2W,0,3316102,FAIL,Frida Crash (Connection lost)
2026-07-22 22:04:19,R5CRC3DZRQH,0,3316580,FAIL,Frida Crash (Connection lost)
2026-07-22 22:04:21,R3CR70AV5ZZ,0,3317351,FAIL,Frida Crash (Connection lost)
2026-07-22 22:04:21,R3CR70WD1KX,0,3316215,FAIL,Frida Crash (Connection lost)
2026-07-22 22:04:21,R5CR813E9AB,0,3316509,FAIL,Frida Crash (Connection lost)
2026-07-22 22:04:21,R3CR90CE67P,0,3316661,FAIL,Frida Crash (Connection lost)
2026-07-22 22:04:21,R5CR80BKKQH,0,3316281,FAIL,Frida Crash (Connection lost)
2026-07-22 22:04:21,R5CRA0PW01W,0,3317166,FAIL,Frida Crash (Connection lost)
2026-07-22 22:04:22,R5CR804V9CT,0,3316571,FAIL,Frida Crash (Connection lost)
2026-07-22 22:04:25,R5CR713T5WT,0,3316890,FAIL,Frida Crash (Connection lost)
2026-07-22 22:04:25,R3CR70WD7NA,0,3316225,FAIL,Frida Crash (Connection lost)
2026-07-22 22:04:29,R5CR81S2C2J,0,3317275,FAIL,Frida Crash (Connection lost)
2026-07-22 22:04:32,R5CRA0TJHLK,0,3317180,FAIL,Frida Crash (Connection lost)
2026-07-22 22:04:33,R3CR70SZ0JJ,0,3316173,FAIL,Frida Crash (Connection lost)
2026-07-22 22:04:34,R5CR715VSTX,0,3316907,FAIL,Frida Crash (Connection lost)
2026-07-22 22:04:36,R5CR802VA4D,0,3316119,FAIL,Frida Crash (Connection lost)
2026-07-22 22:04:37,R5CR82FNMVX,0,3317292,FAIL,Frida Crash (Connection lost)
2026-07-22 22:04:40,R5CRA19WHAD,0,3317194,FAIL,Frida Crash (Connection lost)
2026-07-22 22:04:41,R3CR90GC5AP,0,3316678,FAIL,Frida Crash (Connection lost)
2026-07-22 22:04:43,R3CR90MAW4B,0,3317241,FAIL,Frida Crash (Connection lost)
2026-07-22 22:04:45,R3CR8045YWN,0,3317324,FAIL,ADDRESS_NOT_FOUND
2026-07-22 22:04:48,R5CR8153KWN,0,3316969,FAIL,Frida Crash (Connection lost)
2026-07-22 22:04:48,R5CR82H78WT,0,3317331,FAIL,Frida Crash (Connection lost)
2026-07-22 22:04:50,R5CR81PA2GT,0,3317010,FAIL,Frida Crash (Connection lost)
2026-07-22 22:04:52,R5CR81SQ8JJ,0,3317252,FAIL,Frida Crash (Connection lost)
2026-07-22 22:04:52,R5CR802CTAL,0,3316921,FAIL,Frida Crash (Connection lost)
2026-07-22 22:04:56,R5CRC2RDAFB,0,3317205,FAIL,Frida Crash (Connection lost)
2026-07-22 22:04:56,R3CR90GCB5L,0,3316688,FAIL,Frida Crash (Connection lost)
2026-07-22 22:04:56,R5CR80ZNFTH,0,3316364,FAIL,Frida Crash (Connection lost)
2026-07-22 22:04:56,R3CR80NVXJE,0,3316638,FAIL,Frida Crash (Connection lost)
2026-07-22 22:04:56,R5CR80ZPJ0Z,0,3316925,FAIL,Frida Crash (Connection lost)
2026-07-22 22:04:56,R3CR70JFWXJ,0,3316206,FAIL,Frida Crash (Connection lost)
2026-07-22 22:04:57,R3CR90CCP1D,0,3316648,FAIL,Frida Crash (Connection lost)
2026-07-22 22:04:57,R5CR80E53QP,0,3316864,FAIL,Frida Crash (Connection lost)
2026-07-22 22:05:00,R5CR9336DSB,0,3317154,FAIL,Frida Crash (Connection lost)
2026-07-22 22:05:00,R3CR90H1NCP,0,3316703,FAIL,Frida Crash (Connection lost)
2026-07-22 22:07:09,R3CRA0EJ6SD,0,3317700,FAIL,Frida Crash (Connection lost)
2026-07-22 22:08:41,R3CR90MAW4B,0,3317673,FAIL,NO_ROUTE_FOUND: 길찾기 결과가 없습니다.
2026-07-22 22:08:56,R5CR802BBLB,0,3317795,FAIL,NETWORK_TIMEOUT
2026-07-22 22:12:56,R5CR804V9CT,0,3317820,FAIL,MISSING_ARRIVAL_PACKETS
2026-07-22 22:13:02,R5CRC3DZRQH,0,3318133,FAIL,NETWORK_TIMEOUT
2026-07-22 22:13:16,R5CR81S2C2J,0,3317988,FAIL,ADDRESS_NOT_FOUND
2026-07-22 22:15:50,R5CR807XTKD,0,3317835,FAIL,NO_ROUTE_FOUND: 길찾기 결과가 없습니다.
2026-07-22 22:16:25,R5CR802BBLB,0,3318385,FAIL,NETWORK_TIMEOUT
2026-07-22 22:16:29,R5CR80BKKQH,0,3317853,FAIL,NO_ROUTE_FOUND: 길찾기 결과가 없습니다.
2026-07-22 22:16:39,R3CR70AV5ZZ,0,3317501,FAIL,MISSING_ARRIVAL_PACKETS
2026-07-22 22:16:41,R5CRC3DZRQH,0,3318407,FAIL,NETWORK_TIMEOUT
2026-07-22 22:17:37,R5CR80ZNCXT,0,3317886,FAIL,NO_ROUTE_FOUND: 길찾기 결과가 없습니다.
2026-07-22 22:18:31,R3CRA09DW9E,0,3317694,SUCCESS,Task Completed
2026-07-22 22:19:49,R3CR90SJ6SW,0,3317686,SUCCESS,Task Completed
2026-07-22 22:19:57,R3CR80LSWGD,0,3317570,FAIL,MISSING_ARRIVAL_PACKETS
2026-07-22 22:20:03,R3CR70WD7NA,0,3317535,FAIL,MISSING_ARRIVAL_PACKETS
2026-07-22 22:20:31,R5CR80ZYL9K,0,3317932,FAIL,NO_ROUTE_FOUND: 길찾기 결과가 없습니다.
2026-07-22 22:20:43,R5CRC3DZRQH,0,3318694,FAIL,NETWORK_TIMEOUT
2026-07-22 22:20:58,R3CR70SZ0JJ,0,3317524,FAIL,MISSING_ARRIVAL_PACKETS
2026-07-22 22:21:10,R3CR70WD1KX,0,3317528,FAIL,MISSING_ARRIVAL_PACKETS
2026-07-22 22:21:21,R3CR90H1NCP,0,3317649,FAIL,ADDRESS_NOT_FOUND
2026-07-22 22:21:51,R3CR70D3ECZ,0,3317514,FAIL,MISSING_ARRIVAL_PACKETS
2026-07-22 22:22:26,R3CR804583K,0,3317547,SUCCESS,Task Completed
2026-07-22 22:22:57,R3CR90GCB5L,0,3317640,FAIL,NO_ROUTE_FOUND: 길찾기 결과가 없습니다.
2026-07-22 22:22:58,R3CR90CCP1D,0,3317599,FAIL,NO_ROUTE_FOUND: 길찾기 결과가 없습니다.
2026-07-22 22:23:00,R3CR8045YWN,0,3317561,FAIL,NO_ROUTE_FOUND: 길찾기 결과가 없습니다.
2026-07-22 22:23:01,R3CR90GC5AP,0,3317634,FAIL,NO_ROUTE_FOUND: 길찾기 결과가 없습니다.
2026-07-22 22:23:02,R3CR90CE67P,0,3317617,FAIL,NO_ROUTE_FOUND: 길찾기 결과가 없습니다.
2026-07-22 22:24:30,R5CRC3DZRQH,0,3318997,FAIL,NETWORK_TIMEOUT
2026-07-22 22:24:43,R5CR802VA4D,0,3317810,SUCCESS,Task Completed
2026-07-22 22:25:10,R5CR81QCVCK,0,3317976,FAIL,MISSING_ARRIVAL_PACKETS
2026-07-22 22:25:42,R5CR80ZPJ0Z,0,3317921,FAIL,NO_ROUTE_FOUND: 길찾기 결과가 없습니다.
2026-07-22 22:25:46,R5CR80E53QP,0,3317873,FAIL,NO_ROUTE_FOUND: 길찾기 결과가 없습니다.
2026-07-22 22:27:50,R5CR80ZNFTH,0,3317904,SUCCESS,Task Completed
2026-07-22 22:29:07,R3CRA0GP5YP,0,3319269,FAIL,ADDRESS_NOT_FOUND
2026-07-22 22:31:22,R3CRB0ATRRK,0,3319296,FAIL,NO_ROUTE_FOUND: 자동차 길찾기 결과를 제공할 수 없습니다.
2026-07-22 22:32:36,R3CRC0RBEPP,0,3319362,FAIL,ADDRESS_NOT_FOUND
2026-07-22 22:35:18,R3CR70JFWXJ,0,3319741,FAIL,NO_ROUTE_FOUND: 길찾기 결과가 없습니다.
2026-07-22 22:35:45,R3CR90SJ6SW,0,3318680,SUCCESS,Task Completed
2026-07-22 22:37:11,R3CR70AV5ZZ,0,3320015,FAIL,Frida Crash (Connection lost)
2026-07-22 22:40:35,R5CR804V9CT,0,3319790,SUCCESS,Task Completed
2026-07-22 22:43:02,R3CR80LSWGD,0,3320328,FAIL,ADDRESS_NOT_FOUND
2026-07-22 22:43:28,R3CR90H1NCP,0,3320394,FAIL,ADDRESS_NOT_FOUND
2026-07-22 22:44:28,R3CR90GC5AP,0,3320576,FAIL,Frida Crash (Connection lost)
2026-07-22 22:44:58,R5CR80ZPJ0Z,0,3319153,SUCCESS,Task Completed
2026-07-22 22:45:50,R3CR90MAW4B,0,3319753,SUCCESS,Task Completed
2026-07-22 22:47:11,R5CR813E9AB,0,3319481,SUCCESS,Task Completed
2026-07-22 22:47:16,R5CR80ZNFTH,0,3319325,SUCCESS,Task Completed
2026-07-22 22:47:20,R3CRB0ATRRK,0,3319586,SUCCESS,Task Completed
2026-07-22 22:47:36,R5CR80ZNFTH,0,3320827,FAIL,Frida Crash (Connection lost)
2026-07-22 22:51:01,R3CR70AV5ZZ,0,3320112,FAIL,MISSING_ARRIVAL_PACKETS
2026-07-22 22:54:10,R3CR70WD7NA,0,3320294,FAIL,MISSING_ARRIVAL_PACKETS
2026-07-22 22:54:13,R5CR82CEZBN,0,3321159,FAIL,ADDRESS_NOT_FOUND
2026-07-22 22:54:17,R3CRA09DW9E,0,3320163,SUCCESS,Task Completed
2026-07-22 22:54:48,R5CR82CEZBN,0,3321373,FAIL,Frida Crash (Connection lost)
2026-07-22 23:00:57,R5CR80ZYL9K,0,3320344,SUCCESS,Task Completed
2026-07-22 23:01:42,R5CR81QCVCK,0,3320691,FAIL,MISSING_ARRIVAL_PACKETS
2026-07-22 23:01:49,R3CR70SZ0JJ,0,3321919,FAIL,Frida Crash (Connection lost)
2026-07-22 23:05:30,R3CRB0ATRRK,0,3320864,SUCCESS,Task Completed
2026-07-22 23:06:17,R5CR813E9AB,0,3320842,SUCCESS,Task Completed
2026-07-22 23:09:00,R5CR715VSTX,0,3320958,SUCCESS,Task Completed
2026-07-22 23:09:42,R5CR818AW0R,0,3321090,SUCCESS,Task Completed
2026-07-22 23:10:09,R5CR818AW0R,0,3322544,FAIL,App Closed
2026-07-22 23:14:12,R5CR82FNMVX,0,3322700,FAIL,ADDRESS_NOT_FOUND
2026-07-22 23:14:14,R3CR70WD1KX,0,3321939,FAIL,MISSING_ARRIVAL_PACKETS
2026-07-22 23:14:39,R5CR82NR07J,0,3322740,FAIL,ADDRESS_NOT_FOUND
2026-07-22 23:16:01,R5CR80ZNCXT,0,3321653,SUCCESS,Task Completed
2026-07-22 23:18:01,R5CR80ZYL9K,0,3321880,SUCCESS,Task Completed
2026-07-22 23:21:52,R5CR802VA4D,0,3322184,SUCCESS,Task Completed
2026-07-22 23:24:47,R3CR70D3ECZ,0,3323468,FAIL,NO_ROUTE_FOUND: 길찾기 결과가 없습니다.
2026-07-22 23:25:14,R3CR804583K,0,3323497,FAIL,ADDRESS_NOT_FOUND
2026-07-22 23:25:38,R5CR813E9AB,0,3322282,SUCCESS,Task Completed
2026-07-22 23:26:27,R3CR90HEZDB,0,3322332,SUCCESS,Task Completed
2026-07-22 23:26:45,R5CR802BBLB,0,3323309,SUCCESS,Task Completed
2026-07-22 23:26:52,R5CR81PA2GT,0,3322635,SUCCESS,Task Completed
2026-07-22 23:27:03,R5CRC3DZRQH,0,3322451,FAIL,MISSING_ARRIVAL_PACKETS
2026-07-22 23:27:30,R3CRC0ZCD2Z,0,3322483,SUCCESS,Task Completed
2026-07-22 23:27:47,R5CRC3DZRQH,0,3323841,FAIL,NETWORK_TIMEOUT
2026-07-22 23:27:59,R5CR80DSS2W,0,3322584,SUCCESS,Task Completed
2026-07-22 23:28:02,R3CRB0PZGDR,0,3322408,SUCCESS,Task Completed
2026-07-22 23:28:55,R5CR81SQ8JJ,0,3322678,FAIL,MISSING_ARRIVAL_PACKETS
2026-07-22 23:29:38,R5CR713T5WT,0,3322525,SUCCESS,Task Completed
2026-07-22 23:30:47,R5CR818AW0R,0,3322658,SUCCESS,Task Completed
2026-07-22 23:31:44,R5CRC3DZRQH,0,3324142,FAIL,NETWORK_TIMEOUT
2026-07-22 23:33:08,R3CRA09DW9E,0,3322956,SUCCESS,Task Completed
2026-07-22 23:33:10,R5CR807XTKD,0,3323047,SUCCESS,Task Completed
2026-07-22 23:33:40,R5CR80ZYL9K,0,3323141,SUCCESS,Task Completed
2026-07-22 23:33:47,R3CRC0RBEPP,0,3322902,SUCCESS,Task Completed
2026-07-22 23:35:11,R5CR804V9CT,0,3323362,SUCCESS,Task Completed
2026-07-22 23:35:21,R3CR90SJ6SW,0,3323024,SUCCESS,Task Completed
2026-07-22 23:35:33,R5CR80ZNCXT,0,3323028,SUCCESS,Task Completed
2026-07-22 23:35:59,R5CR919ZL9A,0,3324270,FAIL,NO_ROUTE_FOUND: 길찾기 결과가 없습니다.
2026-07-22 23:36:26,R5CRC3DZRQH,0,3324490,FAIL,NETWORK_TIMEOUT
2026-07-22 23:36:28,R5CR807XTKD,0,3324307,SUCCESS,Task Completed
2026-07-22 23:36:39,R3CR90SJ6SW,0,3324535,FAIL,Frida Crash (Connection lost)
2026-07-22 23:39:53,R5CRC3DZRQH,0,3324758,FAIL,NETWORK_TIMEOUT
2026-07-22 23:40:02,R5CR802VA4D,0,3323422,SUCCESS,Task Completed
2026-07-22 23:43:07,R3CRC0ZCD2Z,0,3323865,SUCCESS,Task Completed
2026-07-22 23:43:42,R3CRB0ATRRK,0,3323746,SUCCESS,Task Completed
2026-07-22 23:45:49,R5CR80ZPJ0Z,0,3323708,SUCCESS,Task Completed
2026-07-22 23:46:16,R5CR80E53QP,0,3323879,SUCCESS,Task Completed
2026-07-22 23:46:53,R3CRC0XSEHY,0,3324001,SUCCESS,Task Completed
2026-07-22 23:47:08,R5CR818AW0R,0,3324129,SUCCESS,Task Completed
2026-07-22 23:48:51,R5CR80ZNFTH,0,3324067,SUCCESS,Task Completed
2026-07-22 23:49:53,R5CR802CTAL,0,3324096,SUCCESS,Task Completed
2026-07-22 23:52:21,R5CR82H78WT,0,3324227,SUCCESS,Task Completed
2026-07-22 23:53:38,R3CRA0EJ6SD,0,3324446,SUCCESS,Task Completed
2026-07-22 23:54:53,R5CRA0TJHLK,0,3325881,FAIL,Frida Crash (Connection lost)
2026-07-22 23:54:59,R5CR804V9CT,0,3324454,SUCCESS,Task Completed
2026-07-22 23:55:22,R3CRC0RBEPP,0,3325908,FAIL,Frida Crash (Connection lost)
2026-07-22 23:55:41,R5CRA19WHAD,0,3325934,FAIL,Frida Crash (Connection lost)
2026-07-22 23:56:12,R5CR80ZNCXT,0,3324554,SUCCESS,Task Completed
2026-07-22 23:56:16,R3CR70WD1KX,0,3325902,FAIL,ADDRESS_NOT_FOUND
2026-07-22 23:56:27,R5CR80DSS2W,0,3325397,SUCCESS,Task Completed
2026-07-22 23:57:26,R3CR70AV5ZZ,0,3325692,SUCCESS,Task Completed
2026-07-22 23:59:20,R5CR802VA4D,0,3324815,SUCCESS,Task Completed
2026-07-23 00:00:35,R3CRC0ZCD2Z,0,3325065,SUCCESS,Task Completed
2026-07-23 00:01:50,R3CR70AV5ZZ,0,3326142,SUCCESS,Task Completed
2026-07-23 00:03:26,R3CR70SZ0JJ,0,3325055,SUCCESS,Task Completed
2026-07-23 00:04:09,R5CR80E53QP,0,3325259,SUCCESS,Task Completed
2026-07-23 00:04:22,R5CR818AW0R,0,3325306,SUCCESS,Task Completed
2026-07-23 00:04:56,R3CR70SZ0JJ,0,3326616,FAIL,ADDRESS_NOT_FOUND
2026-07-23 00:05:19,R3CRC0XSEHY,0,3325299,SUCCESS,Task Completed
2026-07-23 00:06:01,R3CR90GCB5L,0,3326777,FAIL,Frida Crash (Connection lost)
2026-07-23 00:07:42,R5CR82H78WT,0,3325741,SUCCESS,Task Completed
2026-07-23 00:08:21,R5CR713T5WT,0,3325566,SUCCESS,Task Completed
2026-07-23 00:08:52,R5CR804V9CT,0,3325920,SUCCESS,Task Completed
2026-07-23 00:12:27,R5CR802VA4D,0,3326268,SUCCESS,Task Completed
2026-07-23 00:14:07,R5CR80ZYL9K,0,3325841,SUCCESS,Task Completed
2026-07-23 00:14:09,R5CR807XTKD,0,3326067,SUCCESS,Task Completed
2026-07-23 00:14:46,R5CR807XTKD,0,3327559,FAIL,Frida Crash (Connection lost)
2026-07-23 00:16:07,R3CRC0ZCD2Z,0,3326372,SUCCESS,Task Completed
2026-07-23 00:18:52,R5CRA19WHAD,0,3327870,FAIL,Frida Crash (Connection lost)
2026-07-23 00:20:09,R5CRA19WHAD,0,3327984,FAIL,Frida Crash (Connection lost)
2026-07-23 00:21:31,R5CRA19WHAD,0,3328101,FAIL,Frida Crash (Connection lost)
2026-07-23 00:22:28,R5CR80ZPJ0Z,0,3326859,SUCCESS,Task Completed
2026-07-23 00:23:46,R3CR90HEZDB,0,3326965,SUCCESS,Task Completed
2026-07-23 00:24:03,R3CR90SJ6SW,0,3327942,SUCCESS,Task Completed
2026-07-23 00:24:52,R5CR81PA2GT,0,3327030,SUCCESS,Task Completed
2026-07-23 00:25:33,R5CR82CEZBN,0,3327858,SUCCESS,Task Completed
2026-07-23 00:25:40,R5CR813E9AB,0,3326882,SUCCESS,Task Completed
2026-07-23 00:26:04,R5CR804V9CT,0,3327068,SUCCESS,Task Completed
2026-07-23 00:26:42,R5CR802VA4D,0,3327394,SUCCESS,Task Completed
2026-07-23 00:27:00,R3CR80LSWGD,0,3328455,FAIL,NO_ROUTE_FOUND: 길찾기 결과가 없습니다.
2026-07-23 00:27:27,R3CR90CCP1D,0,3328469,FAIL,ADDRESS_NOT_FOUND
2026-07-23 00:28:21,R5CRA19WHAD,0,3328223,SUCCESS,Task Completed
2026-07-23 00:28:32,R3CRB0WCGET,0,3327057,SUCCESS,Task Completed
2026-07-23 00:28:32,R3CR90GCB5L,0,3328708,FAIL,Frida Crash (Connection lost)
2026-07-23 00:29:23,R3CRB0PZGDR,0,3327049,SUCCESS,Task Completed
2026-07-23 00:31:30,R5CRA0PW01W,0,3327609,SUCCESS,Task Completed
2026-07-23 00:35:22,R3CRC0ZCD2Z,0,3327750,SUCCESS,Task Completed
2026-07-23 00:35:22,R3CR90GCB5L,0,3328904,FAIL,Frida Crash (Connection lost)
2026-07-23 00:35:22,R3CR80NVXJE,0,3328683,FAIL,Frida Crash (Connection lost)
2026-07-23 00:35:22,R3CR70D3ECZ,0,3328621,FAIL,Frida Crash (Connection lost)
2026-07-23 00:35:23,R5CRA0PW01W,0,3329028,FAIL,Frida Crash (Connection lost)
2026-07-23 00:35:23,R3CR90SJ6SW,0,3328353,FAIL,Frida Crash (Connection lost)
2026-07-23 00:35:23,R5CR81PA2GT,0,3328416,FAIL,Frida Crash (Connection lost)
2026-07-23 00:35:23,R3CRC0XSEHY,0,3328552,FAIL,Frida Crash (Connection lost)
2026-07-23 00:35:23,R3CR90CE67P,0,3328482,FAIL,Frida Crash (Connection lost)
2026-07-23 00:35:23,R3CRC0RBEPP,0,3327807,FAIL,Frida Crash (Connection lost)
2026-07-23 00:35:23,R5CR81QCVCK,0,3328249,FAIL,Frida Crash (Connection lost)
2026-07-23 00:35:23,R3CR70JFWXJ,0,3327731,FAIL,Frida Crash (Connection lost)
2026-07-23 00:35:23,R5CR919ZL9A,0,3327919,FAIL,Frida Crash (Connection lost)
2026-07-23 00:35:23,R5CRA0TJHLK,0,3327828,FAIL,Frida Crash (Connection lost)
2026-07-23 00:35:23,R5CR804V9CT,0,3328564,FAIL,Frida Crash (Connection lost)
2026-07-23 00:35:23,R5CR82CEZBN,0,3328499,FAIL,Frida Crash (Connection lost)
2026-07-23 00:35:23,R3CR90MAW4B,0,3328777,FAIL,Frida Crash (Connection lost)
2026-07-23 00:35:23,R5CR807XTKD,0,3327694,FAIL,Frida Crash (Connection lost)
2026-07-23 00:35:23,R5CR80E53QP,0,3328391,FAIL,Frida Crash (Connection lost)
2026-07-23 00:35:23,R5CR802CTAL,0,3328940,FAIL,Frida Crash (Connection lost)
2026-07-23 00:35:23,R5CRC2RDAFB,0,3327706,FAIL,Frida Crash (Connection lost)
2026-07-23 00:35:23,R5CR80ZPJ0Z,0,3328214,FAIL,Frida Crash (Connection lost)
2026-07-23 00:35:23,R5CR80BKKQH,0,3327900,FAIL,Frida Crash (Connection lost)
2026-07-23 00:35:23,R5CR8153KWN,0,3329002,FAIL,Frida Crash (Connection lost)
2026-07-23 00:35:23,R5CR80ZYL9K,0,3327537,FAIL,Frida Crash (Connection lost)
2026-07-23 00:35:23,R5CR82FNMVX,0,3327666,FAIL,Frida Crash (Connection lost)
2026-07-23 00:35:23,R5CR715VSTX,0,3328920,FAIL,Frida Crash (Connection lost)
2026-07-23 00:35:25,R3CR70AV5ZZ,0,3328172,FAIL,Frida Crash (Connection lost)
2026-07-23 00:35:25,R5CR81SQ8JJ,0,3328878,FAIL,Frida Crash (Connection lost)
2026-07-23 00:35:25,R5CR713T5WT,0,3328809,FAIL,Frida Crash (Connection lost)
2026-07-23 00:35:25,R5CR813E9AB,0,3328581,FAIL,Frida Crash (Connection lost)
2026-07-23 00:35:25,R5CR80ZNFTH,0,3328869,FAIL,Frida Crash (Connection lost)
2026-07-23 00:35:25,R5CR802BBLB,0,3328739,FAIL,Frida Crash (Connection lost)
2026-07-23 00:35:27,R3CR70WD1KX,0,3327742,FAIL,Frida Crash (Connection lost)
2026-07-23 00:35:27,R5CR802VA4D,0,3328650,FAIL,Frida Crash (Connection lost)
2026-07-23 00:35:27,R3CRB0WCGET,0,3328791,FAIL,Frida Crash (Connection lost)
2026-07-23 00:35:27,R3CR70WD7NA,0,3327794,FAIL,Frida Crash (Connection lost)
2026-07-23 00:35:27,R3CRB0ATRRK,0,3328381,FAIL,Frida Crash (Connection lost)
2026-07-23 00:35:28,R5CRA19WHAD,0,3328761,FAIL,Frida Crash (Connection lost)
2026-07-23 00:35:28,R3CR804583K,0,3328630,FAIL,Frida Crash (Connection lost)
2026-07-23 00:35:28,R3CR8045YWN,0,3328327,FAIL,Frida Crash (Connection lost)
2026-07-23 00:35:29,R3CRA0GP5YP,0,3328962,FAIL,Frida Crash (Connection lost)
2026-07-23 00:35:31,R3CR90CCP1D,0,3328692,FAIL,Frida Crash (Connection lost)
2026-07-23 00:35:31,R5CRC3DZRQH,0,3329185,FAIL,App Launch Timeout
2026-07-23 00:35:31,R5CR80DSS2W,0,3327845,FAIL,Frida Crash (Connection lost)
2026-07-23 00:35:36,R5CR81S2C2J,0,3327848,FAIL,Frida Crash (Connection lost)
2026-07-23 00:35:36,R5CR91SH8LM,0,3327495,FAIL,Frida Crash (Connection lost)
2026-07-23 00:35:36,R5CR9336DSB,0,3327568,FAIL,Frida Crash (Connection lost)
2026-07-23 00:35:36,R3CR90GC5AP,0,3328699,FAIL,Frida Crash (Connection lost)
2026-07-23 00:35:36,R5CR82H78WT,0,3328754,FAIL,Frida Crash (Connection lost)
2026-07-23 00:35:37,R3CRB0PZGDR,0,3328835,FAIL,Frida Crash (Connection lost)
2026-07-23 00:35:48,R3CR80LSWGD,0,3328641,FAIL,Frida Crash (Connection lost)
2026-07-23 00:35:59,R3CR70SZ0JJ,0,3328533,FAIL,Frida Crash (Connection lost)
2026-07-23 00:36:01,R3CR90H1NCP,0,3328546,FAIL,Frida Crash (Connection lost)
2026-07-23 00:38:16,R5CRC3DZRQH,0,3329607,FAIL,NETWORK_TIMEOUT
2026-07-23 00:38:47,R5CR81S2C2J,0,3329428,FAIL,NO_ROUTE_FOUND: 길찾기 결과가 없습니다.
2026-07-23 00:40:27,R3CR90MAW4B,0,3329827,FAIL,Frida Crash (Connection lost)
2026-07-23 00:40:52,R3CRA0GP5YP,0,3329862,FAIL,Frida Crash (Connection lost)
2026-07-23 00:43:00,R5CR80DSS2W,0,3330070,FAIL,Frida Crash (Connection lost)
2026-07-23 00:43:36,R3CRB0ATRRK,0,3329881,FAIL,ADDRESS_NOT_FOUND
2026-07-23 00:43:51,R5CR80ZPJ0Z,0,3330123,FAIL,Frida Crash (Connection lost)
2026-07-23 00:54:03,R5CR818AW0R,0,3329391,SUCCESS,Task Completed
2026-07-23 00:54:41,R3CR70D3ECZ,0,3329648,SUCCESS,Task Completed
2026-07-23 00:55:04,R5CR81QCVCK,0,3329415,SUCCESS,Task Completed
2026-07-23 00:57:05,R5CR91SH8LM,0,3329515,SUCCESS,Task Completed
2026-07-23 00:58:04,R3CR70WD7NA,0,3329691,SUCCESS,Task Completed
2026-07-23 00:58:40,R5CR804V9CT,0,3330040,SUCCESS,Task Completed
2026-07-23 00:58:57,R3CR90HEZDB,0,3329813,SUCCESS,Task Completed
2026-07-23 01:00:08,R3CRA0EJ6SD,0,3329854,SUCCESS,Task Completed
2026-07-23 01:00:33,R3CR90SJ6SW,0,3329843,SUCCESS,Task Completed
2026-07-23 01:01:01,R3CRC0RBEPP,0,3329924,SUCCESS,Task Completed
2026-07-23 01:01:13,R5CR82NR07J,0,3331234,FAIL,ADDRESS_NOT_FOUND
2026-07-23 01:01:35,R3CRC0XSEHY,0,3329936,SUCCESS,Task Completed
2026-07-23 01:01:40,R5CR802VA4D,0,3330018,SUCCESS,Task Completed
2026-07-23 01:01:54,R5CR80DSS2W,0,3330235,SUCCESS,Task Completed
2026-07-23 01:05:00,R5CR81S2C2J,0,3331918,FAIL,Frida Crash (Connection lost)
2026-07-23 01:06:36,R3CRB0WCGET,0,3331686,SUCCESS,Task Completed
2026-07-23 01:11:07,R5CR818AW0R,0,3331014,SUCCESS,Task Completed
2026-07-23 01:11:09,R5CR82FNMVX,0,3331194,SUCCESS,Task Completed
2026-07-23 01:11:29,R5CR81PA2GT,0,3331139,SUCCESS,Task Completed
2026-07-23 01:11:52,R3CR8045YWN,0,3331493,SUCCESS,Task Completed
2026-07-23 01:12:56,R3CR8045YWN,0,3332522,FAIL,ADDRESS_NOT_FOUND
2026-07-23 01:14:42,R3CRC0RBEPP,0,3331622,SUCCESS,Task Completed
2026-07-23 01:16:09,R5CR80DSS2W,0,3331751,SUCCESS,Task Completed
2026-07-23 01:16:12,R3CR70SZ0JJ,0,3331412,SUCCESS,Task Completed
2026-07-23 01:16:29,R3CR70JFWXJ,0,3331398,SUCCESS,Task Completed
2026-07-23 01:17:05,R5CR804V9CT,0,3331444,SUCCESS,Task Completed
2026-07-23 01:17:46,R5CR802VA4D,0,3331741,SUCCESS,Task Completed
2026-07-23 01:18:13,R3CRC0ZCD2Z,0,3331709,SUCCESS,Task Completed
2026-07-23 01:18:31,R5CR80BKKQH,0,3331816,SUCCESS,Task Completed
2026-07-23 01:19:55,R3CR80LSWGD,0,3331507,SUCCESS,Task Completed
2026-07-23 01:20:40,R5CR82NR07J,0,3331637,SUCCESS,Task Completed
2026-07-23 01:20:50,R3CRB0PZGDR,0,3331675,SUCCESS,Task Completed
2026-07-23 01:20:53,R3CR80NVXJE,0,3333265,FAIL,Frida Crash (Connection lost)
2026-07-23 01:21:49,R5CR802CTAL,0,3331797,SUCCESS,Task Completed
2026-07-23 01:23:02,R5CR807XTKD,0,3331803,SUCCESS,Task Completed
2026-07-23 01:25:16,R3CR90MAW4B,0,3331949,SUCCESS,Task Completed
2026-07-23 01:25:41,R3CRB0ATRRK,0,3331978,SUCCESS,Task Completed
2026-07-23 01:26:39,R5CR82FNMVX,0,3332466,SUCCESS,Task Completed
2026-07-23 01:28:07,R5CR802BBLB,0,3333529,SUCCESS,Task Completed
2026-07-23 01:28:39,R5CR802BBLB,0,3333902,FAIL,Frida Crash (Connection lost)
2026-07-23 01:30:53,R5CR818AW0R,0,3332456,SUCCESS,Task Completed
2026-07-23 01:33:02,R3CR70D3ECZ,0,3332748,SUCCESS,Task Completed
2026-07-23 01:33:32,R5CR82FNMVX,0,3333770,FAIL,Frida Crash (Connection lost)
2026-07-23 01:33:32,R3CRB0WCGET,0,3333801,FAIL,Frida Crash (Connection lost)
2026-07-23 01:33:32,R5CR80ZNFTH,0,3333590,FAIL,Frida Crash (Connection lost)
2026-07-23 01:33:32,R5CR813E9AB,0,3333639,FAIL,App Closed
2026-07-23 01:33:32,R5CRC2RDAFB,0,3333142,FAIL,Frida Crash (Connection lost)
2026-07-23 01:33:33,R5CR9336DSB,0,3333019,FAIL,Frida Crash (Connection lost)
2026-07-23 01:33:33,R3CR90SJ6SW,0,3333393,FAIL,Frida Crash (Connection lost)
2026-07-23 01:33:33,R5CR807XTKD,0,3333502,FAIL,Frida Crash (Connection lost)
2026-07-23 01:33:33,R5CR80E53QP,0,3333549,FAIL,Frida Crash (Connection lost)
2026-07-23 01:33:33,R3CR90MAW4B,0,3333671,FAIL,Frida Crash (Connection lost)
2026-07-23 01:33:33,R5CR8153KWN,0,3333652,FAIL,Frida Crash (Connection lost)
2026-07-23 01:33:33,R5CR802VA4D,0,3333075,FAIL,Frida Crash (Connection lost)
2026-07-23 01:33:33,R5CRA0TJHLK,0,3333116,FAIL,Frida Crash (Connection lost)
2026-07-23 01:33:33,R3CR70WD7NA,0,3333170,FAIL,App Closed
2026-07-23 01:33:33,R3CR90H1NCP,0,3333383,FAIL,Frida Crash (Connection lost)
2026-07-23 01:33:33,R3CR80NVXJE,0,3333441,FAIL,Frida Crash (Connection lost)
2026-07-23 01:33:33,R3CR90HEZDB,0,3333181,FAIL,Frida Crash (Connection lost)
2026-07-23 01:33:33,R5CR804V9CT,0,3332951,FAIL,Frida Crash (Connection lost)
2026-07-23 01:33:33,R3CR70AV5ZZ,0,3333160,FAIL,App Closed
2026-07-23 01:33:33,R3CRC0XSEHY,0,3333446,FAIL,Frida Crash (Connection lost)
2026-07-23 01:33:33,R5CR715VSTX,0,3333486,FAIL,Frida Crash (Connection lost)
2026-07-23 01:33:33,R5CR802BBLB,0,3334029,FAIL,Frida Crash (Connection lost)
2026-07-23 01:33:33,R3CR80LSWGD,0,3333235,FAIL,Frida Crash (Connection lost)
2026-07-23 01:33:33,R3CRA09DW9E,0,3332668,FAIL,App Closed
2026-07-23 01:33:33,R5CR81QCVCK,0,3332789,FAIL,Frida Crash (Connection lost)
2026-07-23 01:33:33,R5CR82CEZBN,0,3332919,FAIL,Frida Crash (Connection lost)
2026-07-23 01:33:33,R3CR90CE67P,0,3333361,FAIL,Frida Crash (Connection lost)
2026-07-23 01:33:33,R3CRA0EJ6SD,0,3333295,FAIL,Frida Crash (Connection lost)
2026-07-23 01:33:33,R5CR80DSS2W,0,3332905,FAIL,Frida Crash (Connection lost)
2026-07-23 01:33:33,R3CR70WD1KX,0,3333209,FAIL,Frida Crash (Connection lost)
2026-07-23 01:33:33,R5CR802CTAL,0,3333407,FAIL,Frida Crash (Connection lost)
2026-07-23 01:33:33,R3CR70SZ0JJ,0,3332883,FAIL,Frida Crash (Connection lost)
2026-07-23 01:33:33,R3CR70JFWXJ,0,3332939,FAIL,Frida Crash (Connection lost)
2026-07-23 01:33:33,R3CRB0ATRRK,0,3333713,FAIL,Frida Crash (Connection lost)
2026-07-23 01:33:33,R5CR80ZYL9K,0,3333619,FAIL,Frida Crash (Connection lost)
2026-07-23 01:33:34,R3CRA0GP5YP,0,3333681,FAIL,Frida Crash (Connection lost)
2026-07-23 01:33:34,R3CR90GC5AP,0,3333375,FAIL,Frida Crash (Connection lost)
2026-07-23 01:33:34,R5CRA19WHAD,0,3333127,FAIL,Frida Crash (Connection lost)
2026-07-23 01:33:35,R5CR91SH8LM,0,3333007,FAIL,Frida Crash (Connection lost)
2026-07-23 01:33:35,R5CR82H78WT,0,3332965,FAIL,Frida Crash (Connection lost)
2026-07-23 01:33:36,R3CRB0PZGDR,0,3333306,FAIL,Frida Crash (Connection lost)
2026-07-23 01:33:38,R5CR81S2C2J,0,3333760,FAIL,Frida Crash (Connection lost)
2026-07-23 01:33:38,R5CR80ZPJ0Z,0,3333721,FAIL,Frida Crash (Connection lost)
2026-07-23 01:33:38,R3CR90GCB5L,0,3333379,FAIL,Frida Crash (Connection lost)
2026-07-23 01:33:39,R3CR804583K,0,3333219,FAIL,Frida Crash (Connection lost)
2026-07-23 01:33:39,R3CR90CCP1D,0,3333284,FAIL,Frida Crash (Connection lost)
2026-07-23 01:33:42,R5CRC3DZRQH,0,3333735,FAIL,Frida Crash (Connection lost)
2026-07-23 01:33:42,R5CRA0PW01W,0,3333103,FAIL,Frida Crash (Connection lost)
2026-07-23 01:33:43,R5CR919ZL9A,0,3332998,FAIL,Frida Crash (Connection lost)
2026-07-23 01:33:46,R5CR713T5WT,0,3333459,FAIL,Frida Crash (Connection lost)
2026-07-23 01:33:46,R5CR81SQ8JJ,0,3332855,FAIL,Frida Crash (Connection lost)
2026-07-23 01:33:46,R5CR80BKKQH,0,3333085,FAIL,Frida Crash (Connection lost)
2026-07-23 01:33:46,R3CRC0ZCD2Z,0,3333058,FAIL,Frida Crash (Connection lost)
2026-07-23 01:33:46,R3CRC0RBEPP,0,3332759,FAIL,Frida Crash (Connection lost)
2026-07-23 01:34:03,R5CR81PA2GT,0,3334195,FAIL,Frida Crash (Connection lost)
2026-07-23 01:38:09,R5CR802BBLB,0,3334661,FAIL,NETWORK_TIMEOUT
2026-07-23 01:38:48,R5CR80ZNCXT,0,3334743,FAIL,Frida Crash (Connection lost)
2026-07-23 01:38:50,R5CR80E53QP,0,3334727,FAIL,Frida Crash (Connection lost)
2026-07-23 01:41:14,R3CR70WD7NA,0,3334389,SUCCESS,Task Completed
2026-07-23 01:46:20,R3CR90H1NCP,0,3334482,FAIL,ADDRESS_NOT_FOUND
2026-07-23 01:49:31,R3CR70AV5ZZ,0,3334340,SUCCESS,Task Completed
2026-07-23 01:50:54,R5CR804V9CT,0,3334697,SUCCESS,Task Completed
2026-07-23 01:53:30,R3CRC0ZCD2Z,0,3334625,SUCCESS,Task Completed
2026-07-23 01:55:23,R5CR80ZNFTH,0,3334754,SUCCESS,Task Completed
2026-07-23 01:55:34,R5CR802CTAL,0,3334676,SUCCESS,Task Completed
2026-07-23 01:55:36,R3CR80NVXJE,0,3336079,FAIL,Frida Crash (Connection lost)
2026-07-23 01:55:49,R5CR80DSS2W,0,3334718,SUCCESS,Task Completed
2026-07-23 01:57:58,R5CR82CEZBN,0,3334869,SUCCESS,Task Completed
2026-07-23 01:58:21,R5CR81SQ8JJ,0,3334863,SUCCESS,Task Completed
2026-07-23 01:59:38,R5CR81QCVCK,0,3334841,SUCCESS,Task Completed
2026-07-23 02:01:43,R5CR82H78WT,0,3334894,SUCCESS,Task Completed
2026-07-23 02:05:28,R5CR804V9CT,0,3335758,SUCCESS,Task Completed
2026-07-23 02:07:37,R3CR70AV5ZZ,0,3335650,SUCCESS,Task Completed
2026-07-23 02:09:10,R3CR70SZ0JJ,0,3336022,SUCCESS,Task Completed
2026-07-23 02:13:05,R3CR90GCB5L,0,3336166,SUCCESS,Task Completed
2026-07-23 02:14:14,R5CR80ZNFTH,0,3336099,SUCCESS,Task Completed
2026-07-23 02:14:38,R3CRA09DW9E,0,3336266,FAIL,Frida Crash (Connection lost)
2026-07-23 02:14:38,R3CR70WD1KX,0,3336032,FAIL,Frida Crash (Connection lost)
2026-07-23 02:14:38,R3CR70D3ECZ,0,3335988,FAIL,Frida Crash (Connection lost)
2026-07-23 02:14:38,R3CR90MAW4B,0,3336183,FAIL,Frida Crash (Connection lost)
2026-07-23 02:14:38,R3CR90HEZDB,0,3336175,FAIL,Frida Crash (Connection lost)
2026-07-23 02:14:38,R3CRB0PZGDR,0,3336291,FAIL,Frida Crash (Connection lost)
2026-07-23 02:14:38,R3CR90SJ6SW,0,3336402,FAIL,Frida Crash (Connection lost)
2026-07-23 02:14:38,R3CRA0EJ6SD,0,3336418,FAIL,Frida Crash (Connection lost)
2026-07-23 02:14:38,R3CRC0ZCD2Z,0,3335963,FAIL,Frida Crash (Connection lost)
2026-07-23 02:14:38,R5CR80BKKQH,0,3336488,FAIL,Frida Crash (Connection lost)
2026-07-23 02:14:38,R3CR70JFWXJ,0,3335999,FAIL,Frida Crash (Connection lost)
2026-07-23 02:14:38,R3CR90CE67P,0,3336154,FAIL,Frida Crash (Connection lost)
2026-07-23 02:14:38,R3CR90CCP1D,0,3336142,FAIL,Frida Crash (Connection lost)
2026-07-23 02:14:39,R3CRB0WCGET,0,3336311,FAIL,Frida Crash (Connection lost)
2026-07-23 02:31:38,R3CRC0RBEPP,0,3338153,SUCCESS,Task Completed
2026-07-23 02:35:39,R5CRA0TJHLK,0,3337940,SUCCESS,Task Completed
2026-07-23 03:06:47,R5CRA0PW01W,0,3341487,FAIL,Frida Crash (Connection lost)
2026-07-23 03:14:03,R5CR9336DSB,0,3341476,SUCCESS,Task Completed
2026-07-23 03:15:39,R5CR8153KWN,0,3342294,FAIL,Frida Crash (Connection lost)
2026-07-23 03:17:13,R3CRA0EJ6SD,0,3342412,FAIL,Frida Crash (Connection lost)
2026-07-23 03:17:27,R5CR82FNMVX,0,3342317,FAIL,NO_ROUTE_FOUND: 길찾기 결과가 없습니다.
2026-07-23 03:17:53,R5CR82H78WT,0,3342330,FAIL,ADDRESS_NOT_FOUND
2026-07-23 03:21:10,R3CR90CCP1D,0,3341659,SUCCESS,Task Completed
2026-07-23 03:21:53,R3CR70D3ECZ,0,3341561,SUCCESS,Task Completed
2026-07-23 03:23:33,R5CR82CEZBN,0,3341415,SUCCESS,Task Completed
2026-07-23 03:23:49,R3CR70WD1KX,0,3341598,SUCCESS,Task Completed
2026-07-23 03:23:56,R3CR70JFWXJ,0,3341570,SUCCESS,Task Completed
2026-07-23 03:24:31,R3CR90MAW4B,0,3341725,SUCCESS,Task Completed
2026-07-23 03:25:35,R5CR81SQ8JJ,0,3343140,FAIL,Frida Crash (Connection lost)
2026-07-23 03:28:04,R3CR90HEZDB,0,3341708,SUCCESS,Task Completed
2026-07-23 03:28:22,R3CRB0ATRRK,0,3341785,SUCCESS,Task Completed
2026-07-23 03:29:14,R3CR80NVXJE,0,3343428,FAIL,Frida Crash (Connection lost)
2026-07-23 03:30:08,R5CR80DSS2W,0,3342222,SUCCESS,Task Completed
2026-07-23 03:30:21,R3CR90SJ6SW,0,3342387,SUCCESS,Task Completed
2026-07-23 03:30:56,R5CR80BKKQH,0,3342202,SUCCESS,Task Completed
2026-07-23 03:31:21,R3CR80NVXJE,0,3343617,FAIL,Frida Crash (Connection lost)
2026-07-23 03:31:47,R3CR70SZ0JJ,0,3343327,SUCCESS,Task Completed
2026-07-23 03:32:01,R5CR80ZNCXT,0,3342239,SUCCESS,Task Completed
2026-07-23 03:32:10,R3CR70SZ0JJ,0,3343689,FAIL,Frida Crash (Connection lost)
2026-07-23 03:33:58,R5CR715VSTX,0,3342463,SUCCESS,Task Completed
2026-07-23 03:34:37,R3CR90HEZDB,0,3343385,SUCCESS,Task Completed
2026-07-23 03:35:31,R3CRC0XSEHY,0,3342426,SUCCESS,Task Completed
2026-07-23 03:35:34,R3CRC0ZCD2Z,0,3342441,SUCCESS,Task Completed
2026-07-23 03:36:01,R5CR82FNMVX,0,3342559,SUCCESS,Task Completed
2026-07-23 03:40:01,R5CR91SH8LM,0,3343199,SUCCESS,Task Completed
2026-07-23 03:42:31,R3CRA0GP5YP,0,3343525,SUCCESS,Task Completed
2026-07-23 03:42:36,R5CR82CEZBN,0,3342998,SUCCESS,Task Completed
2026-07-23 03:46:12,R5CRA0TJHLK,0,3343211,SUCCESS,Task Completed
2026-07-23 03:46:16,R5CR91SH8LM,0,3344374,SUCCESS,Task Completed
2026-07-23 03:46:23,R3CR90GC5AP,0,3343451,SUCCESS,Task Completed
2026-07-23 03:46:42,R3CR90H1NCP,0,3343505,SUCCESS,Task Completed
2026-07-23 03:47:09,R3CR90H1NCP,0,3344923,FAIL,Frida Crash (Connection lost)
2026-07-23 03:48:04,R5CR81PA2GT,0,3344065,SUCCESS,Task Completed
2026-07-23 03:48:34,R5CRC3DZRQH,0,3344998,FAIL,NETWORK_TIMEOUT
2026-07-23 03:49:01,R5CR804V9CT,0,3344247,FAIL,ADDRESS_NOT_FOUND
2026-07-23 03:49:26,R5CR802VA4D,0,3344232,SUCCESS,Task Completed
2026-07-23 03:49:59,R5CR80DSS2W,0,3343536,SUCCESS,Task Completed
2026-07-23 03:50:30,R3CR90HEZDB,0,3343913,SUCCESS,Task Completed
2026-07-23 03:51:04,R5CR919ZL9A,0,3344873,FAIL,ADDRESS_NOT_FOUND
2026-07-23 03:51:34,R5CR80ZNCXT,0,3343702,SUCCESS,Task Completed
2026-07-23 03:52:46,R5CR715VSTX,0,3343858,SUCCESS,Task Completed
2026-07-23 03:53:55,R3CRA0EJ6SD,0,3344339,SUCCESS,Task Completed
2026-07-23 03:54:32,R3CRC0XSEHY,0,3343987,SUCCESS,Task Completed
2026-07-23 03:55:06,R3CR8045YWN,0,3344110,SUCCESS,Task Completed
2026-07-23 03:55:23,R3CRC0ZCD2Z,0,3343997,SUCCESS,Task Completed
2026-07-23 03:56:14,R3CRC0RBEPP,0,3344142,SUCCESS,Task Completed
2026-07-23 03:56:51,R5CRA0PW01W,0,3344084,SUCCESS,Task Completed
2026-07-23 03:56:52,R5CR80E53QP,0,3345655,FAIL,ADDRESS_NOT_FOUND
2026-07-23 03:57:18,R5CR80ZNFTH,0,3345692,FAIL,ADDRESS_NOT_FOUND
2026-07-23 04:00:24,R3CR90MAW4B,0,3344758,SUCCESS,Task Completed
2026-07-23 04:01:19,R5CR80DSS2W,0,3345245,FAIL,MISSING_ARRIVAL_PACKETS
2026-07-23 04:02:57,R3CR70JFWXJ,0,3344702,SUCCESS,Task Completed
2026-07-23 04:02:57,R5CR8153KWN,0,3345993,FAIL,Frida Crash (Connection lost)
2026-07-23 04:02:57,R3CRA09DW9E,0,3345883,FAIL,Frida Crash (Connection lost)
2026-07-23 04:02:57,R5CR715VSTX,0,3345483,FAIL,Frida Crash (Connection lost)
2026-07-23 04:02:57,R3CR90H1NCP,0,3345047,FAIL,Frida Crash (Connection lost)
2026-07-23 04:02:57,R3CRC0RBEPP,0,3345775,FAIL,Frida Crash (Connection lost)
2026-07-23 04:02:57,R5CR81S2C2J,0,3344816,FAIL,Frida Crash (Connection lost)
2026-07-23 04:02:57,R3CR90HEZDB,0,3345269,FAIL,Frida Crash (Connection lost)
2026-07-23 04:02:57,R3CR70WD1KX,0,3344728,FAIL,Frida Crash (Connection lost)
2026-07-23 04:02:57,R3CR70SZ0JJ,0,3345534,FAIL,Frida Crash (Connection lost)
2026-07-23 04:02:57,R5CR802BBLB,0,3345924,FAIL,Frida Crash (Connection lost)
2026-07-23 04:02:57,R3CR90GC5AP,0,3344909,FAIL,Frida Crash (Connection lost)
2026-07-23 04:02:57,R5CR91SH8LM,0,3344879,FAIL,Frida Crash (Connection lost)
2026-07-23 04:02:57,R5CR81QCVCK,0,3344802,FAIL,Frida Crash (Connection lost)
2026-07-23 04:02:57,R5CR919ZL9A,0,3345327,FAIL,Frida Crash (Connection lost)
2026-07-23 04:02:57,R5CR9336DSB,0,3345856,FAIL,Frida Crash (Connection lost)
2026-07-23 04:02:57,R3CRB0ATRRK,0,3345101,FAIL,Frida Crash (Connection lost)
2026-07-23 04:02:57,R3CR70AV5ZZ,0,3344987,FAIL,Frida Crash (Connection lost)
2026-07-23 04:02:57,R3CR80NVXJE,0,3345466,FAIL,Frida Crash (Connection lost)
2026-07-23 04:02:57,R5CR713T5WT,0,3345903,FAIL,Frida Crash (Connection lost)
2026-07-23 04:02:58,R5CRA0PW01W,0,3345808,FAIL,Frida Crash (Connection lost)
2026-07-23 04:02:59,R3CRA0EJ6SD,0,3345578,FAIL,Frida Crash (Connection lost)
2026-07-23 04:02:59,R3CR8045YWN,0,3345674,FAIL,Frida Crash (Connection lost)
2026-07-23 04:02:59,R3CR90SJ6SW,0,3345294,FAIL,Frida Crash (Connection lost)
2026-07-23 04:02:59,R5CR82H78WT,0,3346011,FAIL,Frida Crash (Connection lost)
2026-07-23 04:02:59,R5CR82FNMVX,0,3345798,FAIL,Frida Crash (Connection lost)
2026-07-23 04:02:59,R3CR70WD7NA,0,3345031,FAIL,Frida Crash (Connection lost)
2026-07-23 04:02:59,R5CR80BKKQH,0,3345358,FAIL,Frida Crash (Connection lost)
2026-07-23 04:02:59,R3CR80LSWGD,0,3345164,FAIL,Frida Crash (Connection lost)
2026-07-23 04:02:59,R3CRA0GP5YP,0,3344588,FAIL,Frida Crash (Connection lost)
2026-07-23 04:02:59,R5CR80ZNFTH,0,3345847,FAIL,Frida Crash (Connection lost)
2026-07-23 04:03:01,R5CR804V9CT,0,3345118,FAIL,Frida Crash (Connection lost)
2026-07-23 04:03:01,R5CR80E53QP,0,3345833,FAIL,Frida Crash (Connection lost)
2026-07-23 04:03:02,R3CRB0PZGDR,0,3345305,FAIL,Frida Crash (Connection lost)
2026-07-23 04:03:03,R3CRB0WCGET,0,3345314,FAIL,Frida Crash (Connection lost)
2026-07-23 04:03:07,R5CR80ZYL9K,0,3345730,FAIL,Frida Crash (Connection lost)
2026-07-23 04:03:07,R5CR81SQ8JJ,0,3344952,FAIL,Frida Crash (Connection lost)
2026-07-23 04:03:08,R3CR804583K,0,3345090,FAIL,Frida Crash (Connection lost)
2026-07-23 04:03:08,R3CR90CE67P,0,3345180,FAIL,Frida Crash (Connection lost)
2026-07-23 04:03:08,R5CR81PA2GT,0,3345063,FAIL,Frida Crash (Connection lost)
2026-07-23 04:03:08,R3CR90MAW4B,0,3346093,FAIL,Frida Crash (Connection lost)
2026-07-23 04:03:10,R5CRC3DZRQH,0,3345381,FAIL,Frida Crash (Connection lost)
2026-07-23 04:03:11,R5CR813E9AB,0,3345744,FAIL,Frida Crash (Connection lost)
2026-07-23 04:03:11,R3CR90GCB5L,0,3345229,FAIL,Frida Crash (Connection lost)
2026-07-23 04:03:11,R5CRC2RDAFB,0,3344966,FAIL,Frida Crash (Connection lost)
2026-07-23 04:03:14,R5CRA19WHAD,0,3344960,FAIL,Frida Crash (Connection lost)
2026-07-23 04:03:21,R3CRC0ZCD2Z,0,3345685,FAIL,Frida Crash (Connection lost)
2026-07-23 04:03:26,R5CR807XTKD,0,3345970,FAIL,Frida Crash (Connection lost)
2026-07-23 04:03:32,R5CR80ZPJ0Z,0,3345700,FAIL,Frida Crash (Connection lost)
2026-07-23 04:03:33,R5CRA0TJHLK,0,3344889,FAIL,Frida Crash (Connection lost)
2026-07-23 04:03:35,R3CRC0XSEHY,0,3345625,FAIL,Frida Crash (Connection lost)
2026-07-23 04:03:37,R5CR802CTAL,0,3345936,FAIL,Frida Crash (Connection lost)
2026-07-23 04:04:58,R3CR70AV5ZZ,0,3346295,FAIL,NO_ROUTE_FOUND: 길찾기 결과가 없습니다.
2026-07-23 04:06:11,R3CR70D3ECZ,0,3346306,FAIL,NO_ROUTE_FOUND: 길찾기 결과가 없습니다.
2026-07-23 04:06:38,R3CR70JFWXJ,0,3346314,FAIL,ADDRESS_NOT_FOUND
2026-07-23 04:07:50,R5CR807XTKD,0,3346675,FAIL,Frida Crash (Connection lost)
2026-07-23 04:09:46,R5CR82CEZBN,0,3346828,FAIL,Frida Crash (Connection lost)
2026-07-23 04:21:12,R3CRA09DW9E,0,3346497,SUCCESS,Task Completed
2026-07-23 04:21:44,R3CR90MAW4B,0,3346478,SUCCESS,Task Completed
2026-07-23 04:23:56,R5CR802CTAL,0,3346642,SUCCESS,Task Completed
2026-07-23 04:25:29,R3CRB0ATRRK,0,3346535,SUCCESS,Task Completed
2026-07-23 04:25:52,R5CR80BKKQH,0,3346689,SUCCESS,Task Completed
2026-07-23 04:26:04,R5CR91SH8LM,0,3346872,SUCCESS,Task Completed
2026-07-23 04:26:08,R5CR81S2C2J,0,3346810,SUCCESS,Task Completed
2026-07-23 04:26:22,R3CRB0ATRRK,0,3348160,FAIL,Frida Crash (Connection lost)
2026-07-23 04:26:40,R3CR90SJ6SW,0,3346487,SUCCESS,Task Completed
2026-07-23 04:26:57,R5CR804V9CT,0,3346659,SUCCESS,Task Completed
2026-07-23 04:27:09,R3CR70WD7NA,0,3347976,FAIL,NO_ROUTE_FOUND: 길찾기 결과가 없습니다.
2026-07-23 04:28:03,R5CRA19WHAD,0,3346904,SUCCESS,Task Completed
2026-07-23 04:28:16,R5CR80ZYL9K,0,3346749,SUCCESS,Task Completed
2026-07-23 04:28:22,R3CR70WD1KX,0,3347957,FAIL,NO_ROUTE_FOUND: 길찾기 결과가 없습니다.
2026-07-23 04:28:50,R3CR90SJ6SW,0,3348213,FAIL,NO_ROUTE_FOUND: 길찾기 결과가 없습니다.
2026-07-23 04:29:17,R3CRA0EJ6SD,0,3348227,FAIL,ADDRESS_NOT_FOUND
2026-07-23 04:29:59,R5CRA0PW01W,0,3346882,SUCCESS,Task Completed
2026-07-23 04:30:00,R5CR802BBLB,0,3348427,FAIL,NETWORK_TIMEOUT
2026-07-23 04:30:34,R5CR81SQ8JJ,0,3346817,SUCCESS,Task Completed
2026-07-23 04:30:44,R5CRC2RDAFB,0,3346922,SUCCESS,Task Completed
2026-07-23 04:36:37,R3CR90HEZDB,0,3348145,SUCCESS,Task Completed
2026-07-23 04:40:11,R5CR82H78WT,0,3348710,SUCCESS,Task Completed
2026-07-23 04:40:37,R5CR81S2C2J,0,3348184,SUCCESS,Task Completed
2026-07-23 04:42:28,R5CR91SH8LM,0,3348190,SUCCESS,Task Completed
2026-07-23 04:46:56,R5CR80BKKQH,0,3349768,FAIL,Frida Crash (Connection lost)
2026-07-23 04:47:01,R5CRA0PW01W,0,3348500,SUCCESS,Task Completed
2026-07-23 04:47:27,R3CR8045YWN,0,3349636,FAIL,ADDRESS_NOT_FOUND
2026-07-23 04:47:54,R3CR90CE67P,0,3349702,FAIL,ADDRESS_NOT_FOUND
2026-07-23 04:50:29,R3CRB0ATRRK,0,3349866,FAIL,ADDRESS_NOT_FOUND
2026-07-23 04:50:56,R3CRB0PZGDR,0,3349875,FAIL,ADDRESS_NOT_FOUND
2026-07-23 04:51:09,R5CR80DSS2W,0,3350099,FAIL,Frida Crash (Connection lost)
2026-07-23 04:52:34,R5CRA0TJHLK,0,3348608,SUCCESS,Task Completed
2026-07-23 04:55:42,R5CR802BBLB,0,3350458,FAIL,NETWORK_TIMEOUT
2026-07-23 04:57:07,R3CR70AV5ZZ,0,3350349,SUCCESS,Task Completed
2026-07-23 04:57:10,R5CR81S2C2J,0,3349310,SUCCESS,Task Completed
2026-07-23 04:59:31,R5CR802BBLB,0,3350765,FAIL,NETWORK_TIMEOUT
2026-07-23 05:00:52,R3CR90MAW4B,0,3349395,SUCCESS,Task Completed
2026-07-23 05:01:18,R5CR91SH8LM,0,3349437,SUCCESS,Task Completed
2026-07-23 05:03:14,R5CR80ZYL9K,0,3350037,SUCCESS,Task Completed
2026-07-23 05:04:00,R5CRC3DZRQH,0,3350440,SUCCESS,Task Completed
2026-07-23 05:04:55,R3CRA0GP5YP,0,3349855,SUCCESS,Task Completed
2026-07-23 05:06:01,R5CR804V9CT,0,3350025,SUCCESS,Task Completed
2026-07-23 05:07:38,R5CRA0PW01W,0,3351371,FAIL,Frida Crash (Connection lost)
2026-07-23 05:07:39,R3CR70WD1KX,0,3349978,SUCCESS,Task Completed
2026-07-23 05:08:31,R5CR80BKKQH,0,3349955,SUCCESS,Task Completed
2026-07-23 05:08:34,R5CR80E53QP,0,3350114,SUCCESS,Task Completed
2026-07-23 05:08:36,R5CR81QCVCK,0,3350271,SUCCESS,Task Completed
2026-07-23 05:09:21,R5CRA19WHAD,0,3350051,SUCCESS,Task Completed
2026-07-23 05:11:09,R3CR70D3ECZ,0,3350358,FAIL,MISSING_ARRIVAL_PACKETS
2026-07-23 05:12:02,R5CR81SQ8JJ,0,3350279,SUCCESS,Task Completed
2026-07-23 05:12:59,R5CR802CTAL,0,3351131,SUCCESS,Task Completed
2026-07-23 05:14:25,R3CR70SZ0JJ,0,3351081,FAIL,MISSING_ARRIVAL_PACKETS
2026-07-23 05:15:09,R3CR90MAW4B,0,3350903,FAIL,MISSING_ARRIVAL_PACKETS
2026-07-23 05:15:19,R5CR9336DSB,0,3351891,FAIL,ADDRESS_NOT_FOUND
2026-07-23 05:15:46,R5CR82NR07J,0,3351879,FAIL,ADDRESS_NOT_FOUND
2026-07-23 05:15:48,R3CR70AV5ZZ,0,3350630,FAIL,MISSING_ARRIVAL_PACKETS
2026-07-23 05:16:13,R5CRA0TJHLK,0,3351907,FAIL,ADDRESS_NOT_FOUND
2026-07-23 05:16:30,R3CR804583K,0,3351157,FAIL,MISSING_ARRIVAL_PACKETS
2026-07-23 05:16:41,R5CR82FNMVX,0,3351870,FAIL,ADDRESS_NOT_FOUND
2026-07-23 05:17:24,R5CR82H78WT,0,3350860,SUCCESS,Task Completed
2026-07-23 05:18:17,R3CRA09DW9E,0,3350942,SUCCESS,Task Completed
2026-07-23 05:18:26,R5CR804V9CT,0,3351268,SUCCESS,Task Completed
2026-07-23 05:19:33,R5CRC2RDAFB,0,3352028,FAIL,ADDRESS_NOT_FOUND
2026-07-23 05:24:00,R5CR81QCVCK,0,3351518,SUCCESS,Task Completed
2026-07-23 05:28:06,R5CR80BKKQH,0,3351493,SUCCESS,Task Completed
2026-07-23 05:28:28,R5CR80ZNFTH,0,3351704,SUCCESS,Task Completed
2026-07-23 05:28:58,R5CR80ZPJ0Z,0,3351712,SUCCESS,Task Completed
2026-07-23 05:29:17,R5CRA19WHAD,0,3351587,SUCCESS,Task Completed
2026-07-23 05:29:43,R3CR90CCP1D,0,3352846,FAIL,ADDRESS_NOT_FOUND
2026-07-23 05:32:05,R3CRC0RBEPP,0,3353071,FAIL,NO_ROUTE_FOUND: 길찾기 결과가 없습니다.
2026-07-23 05:33:29,R5CR80ZNFTH,0,3353032,SUCCESS,Task Completed
2026-07-23 05:35:20,R3CR70D3ECZ,0,3353257,FAIL,ADDRESS_NOT_FOUND
2026-07-23 05:35:21,R5CR81SQ8JJ,0,3353356,SUCCESS,Task Completed
2026-07-23 05:35:58,R3CR90HEZDB,0,3352132,FAIL,MISSING_ARRIVAL_PACKETS
2026-07-23 05:36:20,R3CR70SZ0JJ,0,3353500,FAIL,ADDRESS_NOT_FOUND
2026-07-23 05:36:52,R5CR82NR07J,0,3352074,SUCCESS,Task Completed
2026-07-23 05:37:42,R5CRC2RDAFB,0,3352357,SUCCESS,Task Completed
2026-07-23 05:37:57,R3CR70D3ECZ,0,3353597,FAIL,ADDRESS_NOT_FOUND
2026-07-23 05:38:36,R5CR82H78WT,0,3353777,FAIL,Frida Crash (Connection lost)
2026-07-23 05:39:29,R5CR82NR07J,0,3353664,FAIL,ADDRESS_NOT_FOUND
2026-07-23 05:39:30,R3CRA0GP5YP,0,3352782,SUCCESS,Task Completed
2026-07-23 05:41:36,R5CR80DSS2W,0,3353388,SUCCESS,Task Completed
2026-07-23 05:41:58,R3CRB0WCGET,0,3353059,SUCCESS,Task Completed
2026-07-23 05:43:01,R5CR80ZYL9K,0,3352653,SUCCESS,Task Completed
2026-07-23 05:43:34,R5CR802BBLB,0,3354148,FAIL,Frida Crash (Connection lost)
2026-07-23 05:44:02,R3CR80LSWGD,0,3352805,SUCCESS,Task Completed
2026-07-23 05:44:43,R3CR8045YWN,0,3352988,SUCCESS,Task Completed
2026-07-23 05:47:15,R5CR80BKKQH,0,3352998,SUCCESS,Task Completed
2026-07-23 05:48:25,R3CR70WD1KX,0,3354503,FAIL,Frida Crash (Connection lost)
2026-07-23 05:48:46,R5CR813E9AB,0,3353334,SUCCESS,Task Completed
2026-07-23 05:49:05,R5CR8153KWN,0,3353351,SUCCESS,Task Completed
2026-07-23 05:49:20,R5CRA0PW01W,0,3353199,SUCCESS,Task Completed
2026-07-23 05:50:47,R3CR90GCB5L,0,3354441,FAIL,ADDRESS_NOT_FOUND
2026-07-23 05:51:40,R5CR81PA2GT,0,3353437,SUCCESS,Task Completed
2026-07-23 05:51:59,R5CR802CTAL,0,3353416,SUCCESS,Task Completed
2026-07-23 05:52:15,R5CR82CEZBN,0,3353543,SUCCESS,Task Completed
2026-07-23 05:53:00,R5CR82CEZBN,0,3354900,FAIL,Frida Crash (Connection lost)
2026-07-23 05:54:59,R3CR90H1NCP,0,3354469,SUCCESS,Task Completed
2026-07-23 05:55:08,R3CR70D3ECZ,0,3353764,SUCCESS,Task Completed
2026-07-23 05:56:02,R3CR90SJ6SW,0,3354773,FAIL,ADDRESS_NOT_FOUND
2026-07-23 05:56:46,R3CR90GCB5L,0,3354730,FAIL,ADDRESS_NOT_FOUND
2026-07-23 05:58:16,R5CR81S2C2J,0,3353716,SUCCESS,Task Completed
2026-07-23 05:59:13,R5CR80ZYL9K,0,3354159,SUCCESS,Task Completed
2026-07-23 06:00:52,R5CRA0TJHLK,0,3355327,FAIL,ADDRESS_NOT_FOUND
2026-07-23 06:02:29,R5CR802VA4D,0,3354886,FAIL,Frida Crash (Connection lost)
2026-07-23 06:02:29,R5CR802BBLB,0,3354295,FAIL,Frida Crash (Connection lost)
2026-07-23 06:02:29,R3CR804583K,0,3355313,FAIL,Frida Crash (Connection lost)
2026-07-23 06:02:29,R3CRA09DW9E,0,3355402,FAIL,Frida Crash (Connection lost)
2026-07-23 06:02:29,R5CR82CEZBN,0,3355028,FAIL,Frida Crash (Connection lost)
2026-07-23 06:02:29,R5CR81PA2GT,0,3354799,FAIL,Frida Crash (Connection lost)
2026-07-23 06:02:29,R3CR8045YWN,0,3354284,FAIL,Frida Crash (Connection lost)
2026-07-23 06:02:29,R5CR80ZYL9K,0,3355455,FAIL,Frida Crash (Connection lost)
2026-07-23 06:02:29,R5CR919ZL9A,0,3355207,FAIL,Frida Crash (Connection lost)
2026-07-23 06:02:29,R3CRB0PZGDR,0,3354955,FAIL,Frida Crash (Connection lost)
2026-07-23 06:02:29,R5CRC2RDAFB,0,3355365,FAIL,Frida Crash (Connection lost)
2026-07-23 06:02:29,R5CR80E53QP,0,3354691,FAIL,Frida Crash (Connection lost)
2026-07-23 06:02:29,R5CR802CTAL,0,3354872,FAIL,Frida Crash (Connection lost)
2026-07-23 06:02:29,R3CR90SJ6SW,0,3355199,FAIL,Frida Crash (Connection lost)
2026-07-23 06:02:29,R5CR713T5WT,0,3354741,FAIL,Frida Crash (Connection lost)
2026-07-23 06:02:29,R5CR807XTKD,0,3355109,FAIL,Frida Crash (Connection lost)
2026-07-23 06:02:29,R3CR70D3ECZ,0,3355131,FAIL,Frida Crash (Connection lost)
2026-07-23 06:02:29,R5CR8153KWN,0,3354573,FAIL,Frida Crash (Connection lost)
2026-07-23 06:02:29,R3CR70WD1KX,0,3354645,FAIL,Frida Crash (Connection lost)
2026-07-23 06:02:29,R3CR90CCP1D,0,3354720,FAIL,Frida Crash (Connection lost)
2026-07-23 06:02:29,R3CRC0ZCD2Z,0,3354682,FAIL,Frida Crash (Connection lost)
2026-07-23 06:02:29,R5CRA0PW01W,0,3354619,FAIL,Frida Crash (Connection lost)
2026-07-23 06:02:29,R5CR80ZNFTH,0,3355005,FAIL,Frida Crash (Connection lost)
2026-07-23 06:02:29,R3CR70JFWXJ,0,3355052,FAIL,Frida Crash (Connection lost)
2026-07-23 06:02:29,R3CR90MAW4B,0,3355255,FAIL,Frida Crash (Connection lost)
2026-07-23 06:02:29,R3CR90H1NCP,0,3355095,FAIL,Frida Crash (Connection lost)
2026-07-23 06:02:29,R5CRC3DZRQH,0,3354262,FAIL,Frida Crash (Connection lost)
2026-07-23 06:02:29,R3CR90HEZDB,0,3355242,FAIL,Frida Crash (Connection lost)
2026-07-23 06:02:29,R5CR9336DSB,0,3355270,FAIL,Frida Crash (Connection lost)
2026-07-23 06:02:29,R5CR81SQ8JJ,0,3355156,FAIL,Frida Crash (Connection lost)
2026-07-23 06:02:29,R5CR715VSTX,0,3354787,FAIL,Frida Crash (Connection lost)
2026-07-23 06:02:29,R3CR80LSWGD,0,3354229,FAIL,App Closed
2026-07-23 06:02:29,R5CRA19WHAD,0,3354634,FAIL,Frida Crash (Connection lost)
2026-07-23 06:02:29,R5CR80BKKQH,0,3354479,FAIL,Frida Crash (Connection lost)
2026-07-23 06:02:30,R3CR70AV5ZZ,0,3355186,FAIL,Frida Crash (Connection lost)
2026-07-23 06:02:30,R5CR813E9AB,0,3354568,FAIL,Frida Crash (Connection lost)
2026-07-23 06:02:30,R3CR90GCB5L,0,3355234,FAIL,Frida Crash (Connection lost)
2026-07-23 06:02:30,R5CR81QCVCK,0,3354236,FAIL,Frida Crash (Connection lost)
2026-07-23 06:02:30,R3CRC0XSEHY,0,3354660,FAIL,Frida Crash (Connection lost)
2026-07-23 06:02:30,R3CR90GC5AP,0,3354420,FAIL,Frida Crash (Connection lost)
2026-07-23 06:02:31,R3CRB0ATRRK,0,3354857,FAIL,Frida Crash (Connection lost)
2026-07-23 06:02:33,R3CR90CE67P,0,3354561,FAIL,Frida Crash (Connection lost)
2026-07-23 06:02:34,R3CRA0GP5YP,0,3355519,FAIL,Frida Crash (Connection lost)
2026-07-23 06:02:35,R3CR70SZ0JJ,0,3355300,FAIL,Frida Crash (Connection lost)
2026-07-23 06:02:35,R5CR82H78WT,0,3355530,FAIL,Frida Crash (Connection lost)
2026-07-23 06:02:35,R5CR804V9CT,0,3355549,FAIL,Frida Crash (Connection lost)
2026-07-23 06:02:37,R3CRC0RBEPP,0,3354930,FAIL,Frida Crash (Connection lost)
2026-07-23 06:02:37,R5CRA0TJHLK,0,3355580,FAIL,Frida Crash (Connection lost)
2026-07-23 06:02:42,R3CR80NVXJE,0,3354358,FAIL,Frida Crash (Connection lost)
2026-07-23 06:02:43,R5CR81S2C2J,0,3355464,FAIL,Frida Crash (Connection lost)
2026-07-23 06:02:50,R3CR70WD7NA,0,3354761,FAIL,Frida Crash (Connection lost)
2026-07-23 06:03:01,R3CRA0EJ6SD,0,3354843,FAIL,Frida Crash (Connection lost)
2026-07-23 06:03:04,R5CR82FNMVX,0,3355356,FAIL,Frida Crash (Connection lost)
2026-07-23 06:05:47,R3CRB0ATRRK,0,3355974,FAIL,App Closed
2026-07-23 06:10:44,R5CRC3DZRQH,0,3356323,FAIL,NETWORK_TIMEOUT
2026-07-23 06:10:50,R3CR70WD1KX,0,3355796,SUCCESS,Task Completed
2026-07-23 06:15:55,R5CR813E9AB,0,3356171,FAIL,ADDRESS_NOT_FOUND
2026-07-23 06:16:37,R3CRC0XSEHY,0,3356018,SUCCESS,Task Completed
2026-07-23 06:16:50,R5CR713T5WT,0,3356035,SUCCESS,Task Completed
2026-07-23 06:17:00,R5CR818AW0R,0,3356192,FAIL,ADDRESS_NOT_FOUND
2026-07-23 06:17:45,R3CR90CCP1D,0,3355866,SUCCESS,Task Completed
2026-07-23 06:20:32,R5CR713T5WT,0,3356859,FAIL,Frida Crash (Connection lost)
2026-07-23 06:20:32,R3CRC0RBEPP,0,3356005,FAIL,Frida Crash (Connection lost)
2026-07-23 06:20:32,R5CR80ZYL9K,0,3356154,FAIL,Frida Crash (Connection lost)
2026-07-23 06:20:32,R5CR91SH8LM,0,3356264,FAIL,Frida Crash (Connection lost)
2026-07-23 06:20:32,R5CR81PA2GT,0,3356367,FAIL,App Closed
2026-07-23 06:20:32,R3CRB0ATRRK,0,3356348,FAIL,Frida Crash (Connection lost)
2026-07-23 06:20:32,R5CR9336DSB,0,3356272,FAIL,App Closed
2026-07-23 06:20:32,R5CR813E9AB,0,3356783,FAIL,App Closed
2026-07-23 06:20:32,R3CR90CCP1D,0,3356909,FAIL,App Closed
2026-07-23 06:20:32,R3CR90GCB5L,0,3355888,FAIL,App Closed
2026-07-23 06:20:32,R5CRA19WHAD,0,3356304,FAIL,App Closed
2026-07-23 06:20:32,R5CRA0PW01W,0,3356282,FAIL,Frida Crash (Connection lost)
2026-07-23 06:20:32,R5CR80ZNFTH,0,3356131,FAIL,App Closed
2026-07-23 06:20:32,R3CR70SZ0JJ,0,3355780,FAIL,App Closed
2026-07-23 06:20:32,R5CR8153KWN,0,3356183,FAIL,App Closed
2026-07-23 06:20:32,R5CR81S2C2J,0,3356207,FAIL,App Closed
2026-07-23 06:20:32,R3CR70D3ECZ,0,3355743,FAIL,App Closed
2026-07-23 06:20:33,R3CR90MAW4B,0,3355927,FAIL,App Closed
2026-07-23 06:20:33,R3CR80NVXJE,0,3355854,FAIL,App Closed
2026-07-23 06:20:33,R5CR80BKKQH,0,3356091,FAIL,App Closed
2026-07-23 06:20:33,R5CR80ZPJ0Z,0,3356142,FAIL,App Closed
2026-07-23 06:20:33,R5CR80E53QP,0,3356113,FAIL,App Closed
2026-07-23 06:20:33,R5CR82H78WT,0,3356231,FAIL,App Closed
2026-07-23 06:20:33,R3CR70WD7NA,0,3355810,FAIL,App Closed
2026-07-23 06:20:33,R3CR804583K,0,3355820,FAIL,App Closed
2026-07-23 06:20:33,R3CRB0PZGDR,0,3355982,FAIL,App Closed
2026-07-23 06:20:33,R5CR715VSTX,0,3356042,FAIL,App Closed
2026-07-23 06:20:33,R5CR802CTAL,0,3356061,FAIL,App Closed
2026-07-23 06:20:33,R5CR807XTKD,0,3356359,FAIL,App Closed
2026-07-23 06:20:33,R3CRA0EJ6SD,0,3355957,FAIL,App Closed
2026-07-23 06:20:33,R3CRA09DW9E,0,3355944,FAIL,App Closed
2026-07-23 06:20:33,R3CR90GC5AP,0,3355877,FAIL,App Closed
2026-07-23 06:20:33,R5CR82NR07J,0,3356239,FAIL,Frida Crash (Connection lost)
2026-07-23 06:20:33,R3CR8045YWN,0,3355829,FAIL,App Closed
2026-07-23 06:20:33,R5CR802BBLB,0,3356053,FAIL,App Closed
2026-07-23 06:20:33,R3CRA0GP5YP,0,3355967,FAIL,Frida Crash (Connection lost)
2026-07-23 06:20:33,R3CR80LSWGD,0,3355840,FAIL,App Closed
2026-07-23 06:20:33,R5CR802VA4D,0,3356071,FAIL,App Closed
2026-07-23 06:20:33,R5CR804V9CT,0,3356081,FAIL,App Closed
2026-07-23 06:20:33,R3CRB0WCGET,0,3355988,FAIL,App Closed
2026-07-23 06:20:35,R5CRC2RDAFB,0,3356312,FAIL,Frida Crash (Connection lost)
2026-07-23 06:20:37,R3CR90H1NCP,0,3355902,FAIL,Frida Crash (Connection lost)
2026-07-23 06:20:37,R3CR90CE67P,0,3355871,FAIL,Frida Crash (Connection lost)
2026-07-23 06:20:38,R3CR70WD1KX,0,3356409,FAIL,Frida Crash (Connection lost)
2026-07-23 06:20:38,R5CR80ZNCXT,0,3356122,FAIL,App Closed
2026-07-23 06:20:38,R3CR90HEZDB,0,3355914,FAIL,Frida Crash (Connection lost)
2026-07-23 06:20:38,R5CR919ZL9A,0,3356253,FAIL,App Closed
2026-07-23 06:20:39,R5CR80DSS2W,0,3356103,FAIL,Frida Crash (Connection lost)
2026-07-23 06:20:39,R5CR82FNMVX,0,3356220,FAIL,App Closed
2026-07-23 06:20:39,R3CR90SJ6SW,0,3355935,FAIL,Frida Crash (Connection lost)
2026-07-23 06:20:40,R3CRC0XSEHY,0,3356840,FAIL,Frida Crash (Connection lost)
2026-07-23 06:20:40,R3CRC0ZCD2Z,0,3356029,FAIL,App Closed
2026-07-23 06:20:40,R5CR82CEZBN,0,3356381,FAIL,Frida Crash (Connection lost)
2026-07-23 06:20:41,R5CR81SQ8JJ,0,3356371,FAIL,App Closed
2026-07-23 06:20:41,R5CR818AW0R,0,3356868,FAIL,Frida Crash (Connection lost)
2026-07-23 06:20:46,R3CR70AV5ZZ,0,3355734,FAIL,App Closed
2026-07-23 06:20:46,R5CR81QCVCK,0,3356200,FAIL,Frida Crash (Connection lost)
2026-07-23 06:20:46,R3CR70JFWXJ,0,3355760,FAIL,App Closed
2026-07-23 06:20:49,R5CRC3DZRQH,0,3356589,FAIL,Frida Crash (Connection lost)
2026-07-23 06:20:53,R5CRA0TJHLK,0,3356295,FAIL,Frida Crash (Connection lost)
2026-07-23 06:21:44,R5CR813E9AB,0,3357106,FAIL,ADDRESS_NOT_FOUND
2026-07-23 06:31:14,R3CR90SJ6SW,0,3357545,SUCCESS,Task Completed
2026-07-23 06:33:55,R3CR80LSWGD,0,3357436,FAIL,ADDRESS_NOT_FOUND
2026-07-23 06:34:05,R3CRA0GP5YP,0,3357584,SUCCESS,Task Completed
2026-07-23 06:34:13,R5CRA0TJHLK,0,3357266,FAIL,ADDRESS_NOT_FOUND
2026-07-23 06:34:40,R5CRA19WHAD,0,3357273,FAIL,ADDRESS_NOT_FOUND
2026-07-23 06:35:13,R3CR80NVXJE,0,3357447,FAIL,ADDRESS_NOT_FOUND
2026-07-23 06:35:27,R5CR8153KWN,0,3357120,SUCCESS,Task Completed
2026-07-23 06:36:23,R5CR80BKKQH,0,3357738,SUCCESS,Task Completed
2026-07-23 06:40:06,R5CR80ZYL9K,0,3357095,SUCCESS,Task Completed
2026-07-23 06:41:08,R3CR70AV5ZZ,0,3357323,SUCCESS,Task Completed
2026-07-23 06:41:35,R5CR813E9AB,0,3357808,SUCCESS,Task Completed
2026-07-23 06:41:42,R3CR70AV5ZZ,0,3358733,FAIL,Frida Crash (Connection lost)
2026-07-23 06:44:43,R5CRC3DZRQH,0,3358946,FAIL,NETWORK_TIMEOUT
2026-07-23 06:44:56,R5CR81S2C2J,0,3358772,FAIL,NO_ROUTE_FOUND: 길찾기 결과가 없습니다.
2026-07-23 06:45:40,R5CR8153KWN,0,3358297,SUCCESS,Task Completed
2026-07-23 06:45:50,R3CRB0PZGDR,0,3357609,SUCCESS,Task Completed
2026-07-23 06:46:03,R5CR81SQ8JJ,0,3358806,FAIL,NO_ROUTE_FOUND: 길찾기 결과가 없습니다.
2026-07-23 06:46:23,R3CR90HEZDB,0,3357523,SUCCESS,Task Completed
2026-07-23 06:46:42,R3CR90GCB5L,0,3359094,FAIL,Frida Crash (Connection lost)
2026-07-23 06:47:16,R5CR82CEZBN,0,3358822,FAIL,NO_ROUTE_FOUND: 길찾기 결과가 없습니다.
2026-07-23 06:47:18,R5CR807XTKD,0,3357730,SUCCESS,Task Completed
2026-07-23 06:47:43,R5CR82FNMVX,0,3358840,FAIL,ADDRESS_NOT_FOUND
2026-07-23 06:48:03,R5CR802VA4D,0,3357716,SUCCESS,Task Completed
2026-07-23 06:48:19,R5CR715VSTX,0,3357676,SUCCESS,Task Completed
2026-07-23 06:50:43,R3CR80LSWGD,0,3358166,SUCCESS,Task Completed
2026-07-23 06:53:44,R3CR70D3ECZ,0,3358971,SUCCESS,Task Completed
2026-07-23 06:53:46,R5CRC3DZRQH,0,3359453,SUCCESS,Task Completed
2026-07-23 06:53:52,R5CR818AW0R,0,3358719,SUCCESS,Task Completed
2026-07-23 06:55:47,R3CR80NVXJE,0,3359857,FAIL,Frida Crash (Connection lost)
2026-07-23 06:58:01,R3CRC0RBEPP,0,3359243,SUCCESS,Task Completed
2026-07-23 06:58:05,R5CR813E9AB,0,3358793,SUCCESS,Task Completed
2026-07-23 07:00:15,R5CRA0TJHLK,0,3359776,SUCCESS,Task Completed
2026-07-23 07:00:40,R5CR802BBLB,0,3359363,SUCCESS,Task Completed
2026-07-23 07:00:46,R5CRA0TJHLK,0,3360228,FAIL,Frida Crash (Connection lost)
2026-07-23 07:01:35,R3CR70JFWXJ,0,3358980,SUCCESS,Task Completed
2026-07-23 07:01:55,R3CRA09DW9E,0,3359198,SUCCESS,Task Completed
2026-07-23 07:02:29,R5CR81QCVCK,0,3360383,FAIL,Frida Crash (Connection lost)
2026-07-23 07:04:34,R5CR807XTKD,0,3359279,SUCCESS,Task Completed
2026-07-23 07:04:54,R5CR80ZPJ0Z,0,3359444,SUCCESS,Task Completed
2026-07-23 07:05:14,R5CR8153KWN,0,3359143,SUCCESS,Task Completed
2026-07-23 07:06:09,R3CR80LSWGD,0,3359475,SUCCESS,Task Completed
2026-07-23 07:10:35,R3CR70D3ECZ,0,3359710,SUCCESS,Task Completed
2026-07-23 07:12:20,R5CR802VA4D,0,3360851,SUCCESS,Task Completed
2026-07-23 07:14:35,R5CRA19WHAD,0,3359798,SUCCESS,Task Completed
2026-07-23 07:15:07,R5CR813E9AB,0,3360051,SUCCESS,Task Completed
2026-07-23 07:18:28,R5CRA19WHAD,0,3361299,SUCCESS,Task Completed
2026-07-23 07:18:59,R5CR81PA2GT,0,3360347,SUCCESS,Task Completed
2026-07-23 07:19:29,R5CRA0TJHLK,0,3360393,SUCCESS,Task Completed
2026-07-23 07:20:16,R5CR802BBLB,0,3360249,SUCCESS,Task Completed
2026-07-23 07:20:41,R5CR8153KWN,0,3360627,SUCCESS,Task Completed
2026-07-23 07:20:46,R3CRA09DW9E,0,3360369,SUCCESS,Task Completed
2026-07-23 07:22:00,R5CR919ZL9A,0,3360475,SUCCESS,Task Completed
2026-07-23 07:22:28,R3CR70WD1KX,0,3360599,SUCCESS,Task Completed
2026-07-23 07:23:28,R5CR807XTKD,0,3360560,SUCCESS,Task Completed
2026-07-23 07:23:52,R3CR70AV5ZZ,0,3361944,FAIL,Frida Crash (Connection lost)
2026-07-23 07:24:40,R5CR91SH8LM,0,3362004,FAIL,Frida Crash (Connection lost)
2026-07-23 07:25:18,R3CR70SZ0JJ,0,3360586,SUCCESS,Task Completed
2026-07-23 07:26:43,R3CRA0EJ6SD,0,3360810,SUCCESS,Task Completed
2026-07-23 07:26:58,R3CRB0ATRRK,0,3360821,SUCCESS,Task Completed
2026-07-23 07:27:05,R5CR804V9CT,0,3360944,SUCCESS,Task Completed
2026-07-23 07:28:36,R5CR80E53QP,0,3360974,SUCCESS,Task Completed
2026-07-23 07:30:11,R5CRC3DZRQH,0,3361268,SUCCESS,Task Completed
2026-07-23 07:30:39,R5CR80ZPJ0Z,0,3362127,SUCCESS,Task Completed
2026-07-23 07:33:31,R5CR804V9CT,0,3362258,SUCCESS,Task Completed
2026-07-23 07:34:47,R3CR80NVXJE,0,3361457,SUCCESS,Task Completed
2026-07-23 07:35:32,R3CRB0ATRRK,0,3362250,SUCCESS,Task Completed
2026-07-23 07:35:41,R3CR90GC5AP,0,3362298,SUCCESS,Task Completed
2026-07-23 07:36:27,R5CR81PA2GT,0,3361613,SUCCESS,Task Completed
2026-07-23 07:36:30,R5CR80ZYL9K,0,3361726,SUCCESS,Task Completed
2026-07-23 07:36:33,R3CRC0RBEPP,0,3361559,SUCCESS,Task Completed
2026-07-23 07:37:40,R3CR70WD1KX,0,3361868,SUCCESS,Task Completed
2026-07-23 07:38:14,R5CR82H78WT,0,3361905,SUCCESS,Task Completed
2026-07-23 07:38:17,R3CR90H1NCP,0,3362334,SUCCESS,Task Completed
2026-07-23 07:39:11,R5CR80ZNFTH,0,3362594,SUCCESS,Task Completed
2026-07-23 07:39:27,R5CR9336DSB,0,3362022,SUCCESS,Task Completed
2026-07-23 07:41:34,R5CR80DSS2W,0,3362527,FAIL,Frida Crash (Connection lost)
2026-07-23 07:41:34,R5CR82FNMVX,0,3362490,FAIL,Frida Crash (Connection lost)
2026-07-23 07:41:34,R5CR81QCVCK,0,3361979,FAIL,Frida Crash (Connection lost)
2026-07-23 07:41:34,R3CR70WD1KX,0,3363033,FAIL,Frida Crash (Connection lost)
2026-07-23 07:41:34,R3CRC0ZCD2Z,0,3362460,FAIL,App Closed
2026-07-23 07:41:34,R5CR813E9AB,0,3362871,FAIL,Frida Crash (Connection lost)
2026-07-23 07:41:34,R3CR90GCB5L,0,3362319,FAIL,Frida Crash (Connection lost)
2026-07-23 07:41:34,R3CRB0PZGDR,0,3362350,FAIL,Frida Crash (Connection lost)
2026-07-23 07:41:34,R5CR804V9CT,0,3362726,FAIL,Frida Crash (Connection lost)
2026-07-23 07:41:34,R5CR82H78WT,0,3363097,FAIL,Frida Crash (Connection lost)
2026-07-23 07:41:34,R5CR91SH8LM,0,3362178,FAIL,Frida Crash (Connection lost)
2026-07-23 07:41:34,R5CR81SQ8JJ,0,3362373,FAIL,Frida Crash (Connection lost)
2026-07-23 07:41:34,R5CR82CEZBN,0,3362427,FAIL,Frida Crash (Connection lost)
2026-07-23 07:41:34,R3CR70SZ0JJ,0,3362099,FAIL,Frida Crash (Connection lost)
2026-07-23 07:41:34,R5CR80E53QP,0,3362361,FAIL,Frida Crash (Connection lost)
2026-07-23 07:41:34,R5CRA0PW01W,0,3362040,FAIL,Frida Crash (Connection lost)
2026-07-23 07:41:34,R5CRC2RDAFB,0,3362058,FAIL,Frida Crash (Connection lost)
2026-07-23 07:41:34,R3CRC0XSEHY,0,3362408,FAIL,Frida Crash (Connection lost)
2026-07-23 07:41:34,R3CR90MAW4B,0,3362388,FAIL,Frida Crash (Connection lost)
2026-07-23 07:41:34,R5CRC3DZRQH,0,3362501,FAIL,Frida Crash (Connection lost)
2026-07-23 07:41:34,R5CR802VA4D,0,3362658,FAIL,Frida Crash (Connection lost)
2026-07-23 07:41:34,R3CRA0GP5YP,0,3362850,FAIL,App Closed
2026-07-23 07:41:34,R3CR70D3ECZ,0,3362567,FAIL,Frida Crash (Connection lost)
2026-07-23 07:41:35,R3CR90CE67P,0,3362221,FAIL,Frida Crash (Connection lost)
2026-07-23 07:41:35,R3CR8045YWN,0,3362165,FAIL,Frida Crash (Connection lost)
2026-07-23 07:41:36,R3CR90CCP1D,0,3362215,FAIL,Frida Crash (Connection lost)
2026-07-23 07:41:36,R5CR81PA2GT,0,3362948,FAIL,Frida Crash (Connection lost)
2026-07-23 07:41:36,R3CR90GC5AP,0,3362889,FAIL,Frida Crash (Connection lost)
2026-07-23 07:41:36,R3CR70JFWXJ,0,3361805,FAIL,Frida Crash (Connection lost)
2026-07-23 07:41:36,R5CR919ZL9A,0,3361832,FAIL,Frida Crash (Connection lost)
2026-07-23 07:41:36,R3CR80NVXJE,0,3362840,FAIL,Frida Crash (Connection lost)
2026-07-23 07:41:36,R3CR70WD7NA,0,3362120,FAIL,Frida Crash (Connection lost)
2026-07-23 07:41:36,R5CR807XTKD,0,3361960,FAIL,Frida Crash (Connection lost)
2026-07-23 07:41:36,R5CR80ZYL9K,0,3362979,FAIL,Frida Crash (Connection lost)
2026-07-23 07:41:36,R3CR90SJ6SW,0,3362620,FAIL,Frida Crash (Connection lost)
2026-07-23 07:41:37,R5CR715VSTX,0,3362480,FAIL,Frida Crash (Connection lost)
2026-07-23 07:41:38,R5CR802CTAL,0,3362520,FAIL,Frida Crash (Connection lost)
2026-07-23 07:41:39,R3CRB0WCGET,0,3362393,FAIL,Frida Crash (Connection lost)
2026-07-23 07:41:40,R3CRA0EJ6SD,0,3362236,FAIL,Frida Crash (Connection lost)
2026-07-23 07:41:41,R3CR70AV5ZZ,0,3362084,FAIL,Frida Crash (Connection lost)
2026-07-23 07:41:41,R3CRC0RBEPP,0,3362966,FAIL,Frida Crash (Connection lost)
2026-07-23 07:41:42,R3CR804583K,0,3362153,FAIL,Frida Crash (Connection lost)
2026-07-23 07:41:43,R5CR9336DSB,0,3363178,FAIL,Frida Crash (Connection lost)
2026-07-23 07:41:43,R5CR713T5WT,0,3362469,FAIL,Frida Crash (Connection lost)
2026-07-23 07:41:43,R5CR80BKKQH,0,3363000,FAIL,Frida Crash (Connection lost)
2026-07-23 07:41:44,R5CR80ZPJ0Z,0,3362540,FAIL,Frida Crash (Connection lost)
2026-07-23 07:41:45,R5CR81S2C2J,0,3362272,FAIL,Frida Crash (Connection lost)
2026-07-23 07:41:47,R3CR80LSWGD,0,3362206,FAIL,Frida Crash (Connection lost)
2026-07-23 07:41:47,R3CRB0ATRRK,0,3362901,FAIL,Frida Crash (Connection lost)
2026-07-23 07:41:47,R5CRA19WHAD,0,3363112,FAIL,Frida Crash (Connection lost)
2026-07-23 07:41:48,R3CR90HEZDB,0,3362342,FAIL,Frida Crash (Connection lost)
2026-07-23 07:41:51,R5CRA0TJHLK,0,3363200,FAIL,App Launch Timeout
2026-07-23 07:41:52,R5CR80ZNFTH,0,3363165,FAIL,Frida Crash (Connection lost)
2026-07-23 07:45:32,R3CR70JFWXJ,0,3363334,SUCCESS,Task Completed
2026-07-23 07:49:15,R5CRC3DZRQH,0,3363867,FAIL,NETWORK_TIMEOUT
2026-07-23 07:49:47,R5CR81SQ8JJ,0,3363773,FAIL,NO_ROUTE_FOUND: 길찾기 결과가 없습니다.
2026-07-23 07:50:35,R5CRA19WHAD,0,3363985,FAIL,Frida Crash (Connection lost)
2026-07-23 07:51:57,R3CRB0WCGET,0,3363521,SUCCESS,Task Completed
2026-07-23 07:54:05,R3CRC0ZCD2Z,0,3363545,SUCCESS,Task Completed
2026-07-23 07:55:18,R5CR82NR07J,0,3363806,FAIL,ADDRESS_NOT_FOUND
2026-07-23 07:55:26,R5CR80E53QP,0,3363661,FAIL,ADDRESS_NOT_FOUND
2026-07-23 07:55:37,R3CRC0ZCD2Z,0,3364296,FAIL,ADDRESS_NOT_FOUND
2026-07-23 07:55:52,R5CR80ZPJ0Z,0,3363696,FAIL,ADDRESS_NOT_FOUND
2026-07-23 07:56:36,R3CR90CCP1D,0,3363909,SUCCESS,Task Completed
2026-07-23 07:58:34,R5CRC3DZRQH,0,3364132,FAIL,ADDRESS_NOT_FOUND
2026-07-23 07:59:13,R3CR90HEZDB,0,3363449,SUCCESS,Task Completed
2026-07-23 07:59:44,R5CR80ZPJ0Z,0,3364433,SUCCESS,Task Completed
2026-07-23 07:59:46,R3CR90SJ6SW,0,3363463,SUCCESS,Task Completed
2026-07-23 08:00:20,R3CR70SZ0JJ,0,3363340,SUCCESS,Task Completed
2026-07-23 08:00:49,R3CR70D3ECZ,0,3363322,SUCCESS,Task Completed
2026-07-23 08:03:33,R3CRA09DW9E,0,3363472,SUCCESS,Task Completed
2026-07-23 08:03:36,R3CRA0EJ6SD,0,3363486,SUCCESS,Task Completed
2026-07-23 08:05:42,R5CR715VSTX,0,3365098,FAIL,Frida Crash (Connection lost)
2026-07-23 08:06:06,R5CR81S2C2J,0,3363766,SUCCESS,Task Completed
2026-07-23 08:07:09,R5CR81S2C2J,0,3365218,FAIL,Frida Crash (Connection lost)
2026-07-23 08:07:14,R5CR82FNMVX,0,3363794,SUCCESS,Task Completed
2026-07-23 08:08:49,R3CR70JFWXJ,0,3363895,SUCCESS,Task Completed
2026-07-23 08:09:47,R3CR70AV5ZZ,0,3365404,FAIL,Frida Crash (Connection lost)
2026-07-23 08:10:23,R3CRB0ATRRK,0,3365030,SUCCESS,Task Completed
2026-07-23 08:12:19,R5CR80E53QP,0,3364420,SUCCESS,Task Completed
2026-07-23 08:12:25,R5CR713T5WT,0,3365078,SUCCESS,Task Completed
2026-07-23 08:13:28,R5CR80ZNFTH,0,3365250,SUCCESS,Task Completed
2026-07-23 08:15:50,R5CR713T5WT,0,3365640,SUCCESS,Task Completed
2026-07-23 08:16:49,R5CR80ZPJ0Z,0,3364671,SUCCESS,Task Completed
2026-07-23 08:17:35,R5CR81S2C2J,0,3365306,FAIL,Frida Crash (Connection lost)
2026-07-23 08:17:35,R3CR90H1NCP,0,3364995,FAIL,Frida Crash (Connection lost)
2026-07-23 08:17:35,R3CR70WD7NA,0,3364874,FAIL,Frida Crash (Connection lost)
2026-07-23 08:17:35,R5CRC3DZRQH,0,3364594,FAIL,Frida Crash (Connection lost)
2026-07-23 08:17:35,R5CR80DSS2W,0,3365186,FAIL,Frida Crash (Connection lost)
2026-07-23 08:17:35,R3CR70WD1KX,0,3364843,FAIL,Frida Crash (Connection lost)
2026-07-23 08:17:35,R5CR8153KWN,0,3365285,FAIL,Frida Crash (Connection lost)
2026-07-23 08:17:35,R5CRA0TJHLK,0,3365384,FAIL,Frida Crash (Connection lost)
2026-07-23 08:17:35,R5CR82FNMVX,0,3365310,FAIL,Frida Crash (Connection lost)
2026-07-23 08:17:35,R5CR804V9CT,0,3365161,FAIL,Frida Crash (Connection lost)
2026-07-23 08:17:35,R5CR82H78WT,0,3365346,FAIL,Frida Crash (Connection lost)
2026-07-23 08:17:35,R3CRA0GP5YP,0,3365018,FAIL,Frida Crash (Connection lost)
2026-07-23 08:17:35,R5CR715VSTX,0,3365245,FAIL,Frida Crash (Connection lost)
2026-07-23 08:17:35,R3CR80NVXJE,0,3364932,FAIL,Frida Crash (Connection lost)
2026-07-23 08:17:35,R5CR82CEZBN,0,3365334,FAIL,Frida Crash (Connection lost)
2026-07-23 08:17:35,R3CRC0RBEPP,0,3365064,FAIL,Frida Crash (Connection lost)
2026-07-23 08:17:35,R3CRA09DW9E,0,3364970,FAIL,Frida Crash (Connection lost)
2026-07-23 08:17:35,R5CR80ZYL9K,0,3365262,FAIL,Frida Crash (Connection lost)
2026-07-23 08:17:35,R5CR81PA2GT,0,3365478,FAIL,Frida Crash (Connection lost)
2026-07-23 08:17:35,R3CRB0ATRRK,0,3365468,FAIL,Frida Crash (Connection lost)
2026-07-23 08:17:35,R3CRC0XSEHY,0,3365432,FAIL,Frida Crash (Connection lost)
2026-07-23 08:17:35,R5CR802VA4D,0,3365137,FAIL,Frida Crash (Connection lost)
2026-07-23 08:17:36,R3CR8045YWN,0,3364892,FAIL,Frida Crash (Connection lost)
2026-07-23 08:17:36,R5CR919ZL9A,0,3365357,FAIL,Frida Crash (Connection lost)
2026-07-23 08:17:36,R3CRB0WCGET,0,3365588,FAIL,Frida Crash (Connection lost)
2026-07-23 08:17:36,R3CR70SZ0JJ,0,3364715,FAIL,Frida Crash (Connection lost)
2026-07-23 08:17:36,R3CR90MAW4B,0,3365007,FAIL,Frida Crash (Connection lost)
2026-07-23 08:17:36,R3CRA0EJ6SD,0,3364977,FAIL,Frida Crash (Connection lost)
2026-07-23 08:17:36,R3CR70AV5ZZ,0,3365543,FAIL,Frida Crash (Connection lost)
2026-07-23 08:17:36,R5CR802BBLB,0,3365109,FAIL,Frida Crash (Connection lost)
2026-07-23 08:17:36,R5CR81QCVCK,0,3365491,FAIL,Frida Crash (Connection lost)
2026-07-23 08:17:36,R5CR807XTKD,0,3365168,FAIL,Frida Crash (Connection lost)
2026-07-23 08:17:36,R5CR9336DSB,0,3365377,FAIL,Frida Crash (Connection lost)
2026-07-23 08:17:36,R3CR804583K,0,3364882,FAIL,Frida Crash (Connection lost)
2026-07-23 08:17:37,R3CR90CE67P,0,3364947,FAIL,Frida Crash (Connection lost)
2026-07-23 08:17:37,R5CRC2RDAFB,0,3365444,FAIL,Frida Crash (Connection lost)
2026-07-23 08:17:37,R5CR80BKKQH,0,3365175,FAIL,Frida Crash (Connection lost)
2026-07-23 08:17:37,R3CRB0PZGDR,0,3365049,FAIL,Frida Crash (Connection lost)
2026-07-23 08:17:37,R3CR90GCB5L,0,3364956,FAIL,Frida Crash (Connection lost)
2026-07-23 08:17:37,R3CR90SJ6SW,0,3364696,FAIL,Frida Crash (Connection lost)
2026-07-23 08:17:37,R5CR813E9AB,0,3365275,FAIL,Frida Crash (Connection lost)
2026-07-23 08:17:38,R5CR802CTAL,0,3365120,FAIL,Frida Crash (Connection lost)
2026-07-23 08:17:39,R5CR91SH8LM,0,3365369,FAIL,Frida Crash (Connection lost)
2026-07-23 08:17:41,R3CR70D3ECZ,0,3364751,FAIL,Frida Crash (Connection lost)
2026-07-23 08:17:42,R3CR90HEZDB,0,3364635,FAIL,Frida Crash (Connection lost)
2026-07-23 08:17:43,R3CR70JFWXJ,0,3365413,FAIL,Frida Crash (Connection lost)
2026-07-23 08:17:45,R5CR81SQ8JJ,0,3365496,FAIL,Frida Crash (Connection lost)
2026-07-23 08:17:47,R5CR80ZPJ0Z,0,3366003,FAIL,Frida Crash (Connection lost)
2026-07-23 08:17:48,R5CR80E53QP,0,3365615,FAIL,Frida Crash (Connection lost)
2026-07-23 08:17:48,R3CR90GC5AP,0,3365422,FAIL,Frida Crash (Connection lost)
2026-07-23 08:17:52,R5CRA0PW01W,0,3365503,FAIL,Frida Crash (Connection lost)
2026-07-23 08:17:57,R5CR80ZNFTH,0,3365701,FAIL,Frida Crash (Connection lost)
2026-07-23 08:18:00,R3CRC0ZCD2Z,0,3365882,FAIL,Frida Crash (Connection lost)
2026-07-23 08:18:01,R5CRA19WHAD,0,3365570,FAIL,Frida Crash (Connection lost)
2026-07-23 08:18:27,R5CR818AW0R,0,3366036,FAIL,App Launch Timeout
2026-07-23 08:20:08,R5CR80ZYL9K,0,3366012,SUCCESS,Task Completed
2026-07-23 08:25:06,R5CR802BBLB,0,3366550,FAIL,NETWORK_TIMEOUT
2026-07-23 08:26:29,R5CR80ZPJ0Z,0,3366670,FAIL,NETWORK_TIMEOUT
2026-07-23 08:29:21,R3CR90HEZDB,0,3366395,SUCCESS,Task Completed
2026-07-23 08:32:16,R5CR81PA2GT,0,3366046,SUCCESS,Task Completed
2026-07-23 08:33:07,R5CR813E9AB,0,3366021,SUCCESS,Task Completed
2026-07-23 08:34:10,R3CR804583K,0,3366290,SUCCESS,Task Completed
2026-07-23 08:35:22,R5CR8153KWN,0,3366032,SUCCESS,Task Completed
2026-07-23 08:35:49,R3CRB0WCGET,0,3366486,FAIL,ADDRESS_NOT_FOUND
2026-07-23 08:35:51,R3CR70AV5ZZ,0,3366227,SUCCESS,Task Completed
2026-07-23 08:37:27,R3CR804583K,0,3367273,SUCCESS,Task Completed
2026-07-23 08:40:27,R3CRB0WCGET,0,3367408,SUCCESS,Task Completed
2026-07-23 08:41:01,R3CR80LSWGD,0,3366326,SUCCESS,Task Completed
2026-07-23 08:41:39,R5CR802CTAL,0,3366559,SUCCESS,Task Completed
2026-07-23 08:42:04,R3CRA09DW9E,0,3366440,SUCCESS,Task Completed
2026-07-23 08:42:35,R5CR807XTKD,0,3366604,SUCCESS,Task Completed
2026-07-23 08:44:18,R5CR80ZNFTH,0,3366652,SUCCESS,Task Completed
2026-07-23 08:45:03,R5CR804V9CT,0,3366586,SUCCESS,Task Completed
2026-07-23 08:45:57,R5CR80BKKQH,0,3366619,SUCCESS,Task Completed
2026-07-23 08:46:58,R5CR919ZL9A,0,3367718,SUCCESS,Task Completed
2026-07-23 08:47:03,R3CR70D3ECZ,0,3367834,SUCCESS,Task Completed
2026-07-23 08:47:21,R5CR818AW0R,0,3368263,FAIL,Frida Crash (Connection lost)
2026-07-23 08:48:31,R3CR90SJ6SW,0,3368035,FAIL,NO_ROUTE_FOUND: 길찾기 결과가 없습니다.
2026-07-23 08:49:19,R3CRA0EJ6SD,0,3368061,FAIL,NO_ROUTE_FOUND: 길찾기 결과가 없습니다.
2026-07-23 08:49:43,R3CRA0GP5YP,0,3368076,FAIL,ADDRESS_NOT_FOUND
2026-07-23 08:50:04,R3CRA0EJ6SD,0,3368443,FAIL,Frida Crash (Connection lost)
2026-07-23 08:51:51,R5CR713T5WT,0,3367428,SUCCESS,Task Completed
2026-07-23 08:52:07,R3CRB0WCGET,0,3367767,SUCCESS,Task Completed
2026-07-23 08:53:36,R5CR80ZYL9K,0,3368245,SUCCESS,Task Completed
2026-07-23 08:54:44,R5CR81SQ8JJ,0,3367628,SUCCESS,Task Completed
2026-07-23 08:54:45,R5CRC3DZRQH,0,3367810,SUCCESS,Task Completed
2026-07-23 08:54:52,R3CR804583K,0,3367521,SUCCESS,Task Completed
2026-07-23 08:55:13,R3CRA09DW9E,0,3367901,SUCCESS,Task Completed
2026-07-23 08:55:15,R5CR81S2C2J,0,3367619,SUCCESS,Task Completed
2026-07-23 08:55:49,R5CR81S2C2J,0,3368927,FAIL,Frida Crash (Connection lost)
2026-07-23 08:56:27,R3CR70AV5ZZ,0,3368971,FAIL,Frida Crash (Connection lost)
2026-07-23 08:57:18,R3CR70SZ0JJ,0,3367864,SUCCESS,Task Completed
2026-07-23 08:57:29,R3CR70JFWXJ,0,3367849,SUCCESS,Task Completed
2026-07-23 08:58:06,R3CR70D3ECZ,0,3368299,SUCCESS,Task Completed
2026-07-23 09:00:30,R3CR70WD7NA,0,3367885,SUCCESS,Task Completed
2026-07-23 09:01:19,R3CRB0WCGET,0,3368658,SUCCESS,Task Completed
2026-07-23 09:02:27,R5CR80DSS2W,0,3368213,SUCCESS,Task Completed
2026-07-23 09:02:51,R3CR70SZ0JJ,0,3369056,SUCCESS,Task Completed
2026-07-23 09:03:10,R5CR80E53QP,0,3368222,SUCCESS,Task Completed
2026-07-23 09:04:23,R3CR70WD1KX,0,3369420,SUCCESS,Task Completed
2026-07-23 09:04:24,R3CR90MAW4B,0,3368024,SUCCESS,Task Completed
2026-07-23 09:04:47,R5CR802VA4D,0,3368189,SUCCESS,Task Completed
2026-07-23 09:06:44,R5CR919ZL9A,0,3368273,SUCCESS,Task Completed
2026-07-23 09:06:50,R5CR91SH8LM,0,3369296,SUCCESS,Task Completed
2026-07-23 09:08:23,R5CR82FNMVX,0,3369238,SUCCESS,Task Completed
2026-07-23 09:08:41,R5CRA0TJHLK,0,3369351,FAIL,Frida Crash (Connection lost)
2026-07-23 09:08:41,R5CR80DSS2W,0,3369451,FAIL,Frida Crash (Connection lost)
2026-07-23 09:08:41,R5CR81SQ8JJ,0,3368866,FAIL,Frida Crash (Connection lost)
2026-07-23 09:08:41,R3CR804583K,0,3368907,FAIL,Frida Crash (Connection lost)
2026-07-23 09:08:41,R3CR90MAW4B,0,3369614,SUCCESS,Task Completed
2026-07-23 09:08:41,R5CR81QCVCK,0,3369167,FAIL,Frida Crash (Connection lost)
2026-07-23 09:08:41,R5CR80ZYL9K,0,3368777,FAIL,Frida Crash (Connection lost)
2026-07-23 09:08:41,R5CR9336DSB,0,3369305,FAIL,Frida Crash (Connection lost)
2026-07-23 09:08:41,R5CR818AW0R,0,3368367,FAIL,Frida Crash (Connection lost)
2026-07-23 09:08:41,R5CR713T5WT,0,3368632,FAIL,App Closed
2026-07-23 09:08:41,R5CR8153KWN,0,3368955,FAIL,App Closed
2026-07-23 09:08:41,R5CR80E53QP,0,3369503,FAIL,Frida Crash (Connection lost)
2026-07-23 09:08:41,R3CR70SZ0JJ,0,3369466,FAIL,App Closed
2026-07-23 09:08:41,R5CRA0PW01W,0,3369331,FAIL,Frida Crash (Connection lost)
2026-07-23 09:08:41,R5CR82NR07J,0,3369275,FAIL,Frida Crash (Connection lost)
2026-07-23 09:08:41,R3CRB0PZGDR,0,3369673,FAIL,Frida Crash (Connection lost)
2026-07-23 09:08:41,R3CR70AV5ZZ,0,3369083,FAIL,Frida Crash (Connection lost)
2026-07-23 09:08:41,R5CR81PA2GT,0,3368682,FAIL,App Closed
2026-07-23 09:08:41,R5CR919ZL9A,0,3369782,FAIL,Frida Crash (Connection lost)
2026-07-23 09:08:41,R5CR807XTKD,0,3369492,FAIL,Frida Crash (Connection lost)
2026-07-23 09:08:41,R5CRA19WHAD,0,3369363,FAIL,App Closed
2026-07-23 09:08:41,R3CR70WD7NA,0,3369326,FAIL,Frida Crash (Connection lost)
2026-07-23 09:08:41,R5CRC2RDAFB,0,3369377,FAIL,Frida Crash (Connection lost)
2026-07-23 09:08:41,R3CR80LSWGD,0,3369443,FAIL,Frida Crash (Connection lost)
2026-07-23 09:08:41,R5CR802VA4D,0,3369621,FAIL,Frida Crash (Connection lost)
2026-07-23 09:08:41,R3CR90H1NCP,0,3369608,FAIL,Frida Crash (Connection lost)
2026-07-23 09:08:41,R5CR82H78WT,0,3369251,FAIL,Frida Crash (Connection lost)
2026-07-23 09:08:41,R3CRB0ATRRK,0,3369658,FAIL,Frida Crash (Connection lost)
2026-07-23 09:08:41,R5CR81S2C2J,0,3369039,FAIL,Frida Crash (Connection lost)
2026-07-23 09:08:41,R3CRB0WCGET,0,3369395,FAIL,Frida Crash (Connection lost)
2026-07-23 09:08:41,R5CR802CTAL,0,3369480,FAIL,Frida Crash (Connection lost)
2026-07-23 09:08:41,R5CR80ZPJ0Z,0,3368521,FAIL,Frida Crash (Connection lost)
2026-07-23 09:08:42,R5CR802BBLB,0,3368495,FAIL,Frida Crash (Connection lost)
2026-07-23 09:08:42,R3CR8045YWN,0,3369524,FAIL,Frida Crash (Connection lost)
2026-07-23 09:08:42,R5CR82CEZBN,0,3369217,FAIL,Frida Crash (Connection lost)
2026-07-23 09:08:42,R5CR813E9AB,0,3368747,FAIL,Frida Crash (Connection lost)
2026-07-23 09:08:42,R3CRA09DW9E,0,3368915,FAIL,Frida Crash (Connection lost)
2026-07-23 09:08:42,R5CRC3DZRQH,0,3368876,FAIL,Frida Crash (Connection lost)
2026-07-23 09:08:42,R3CR90HEZDB,0,3368475,FAIL,Frida Crash (Connection lost)
2026-07-23 09:08:43,R3CR80NVXJE,0,3369537,FAIL,Frida Crash (Connection lost)
2026-07-23 09:08:43,R3CRA0GP5YP,0,3368483,FAIL,Frida Crash (Connection lost)
2026-07-23 09:08:48,R3CR70JFWXJ,0,3369092,FAIL,Frida Crash (Connection lost)
2026-07-23 09:08:48,R5CR804V9CT,0,3369747,FAIL,Frida Crash (Connection lost)
2026-07-23 09:08:48,R5CR82FNMVX,0,3369893,FAIL,Frida Crash (Connection lost)
2026-07-23 09:08:49,R3CRC0RBEPP,0,3369683,FAIL,Frida Crash (Connection lost)
2026-07-23 09:08:50,R5CR91SH8LM,0,3369793,FAIL,Frida Crash (Connection lost)
2026-07-23 09:08:51,R3CRC0ZCD2Z,0,3369707,FAIL,Frida Crash (Connection lost)
2026-07-23 09:08:51,R3CR90CCP1D,0,3369550,FAIL,Frida Crash (Connection lost)
2026-07-23 09:08:52,R3CRC0XSEHY,0,3369698,FAIL,Frida Crash (Connection lost)
2026-07-23 09:08:57,R5CR80BKKQH,0,3369759,FAIL,Frida Crash (Connection lost)
2026-07-23 09:08:57,R5CR715VSTX,0,3369734,FAIL,Frida Crash (Connection lost)
2026-07-23 09:09:00,R3CR90CE67P,0,3369561,FAIL,Frida Crash (Connection lost)
2026-07-23 09:09:06,R5CR80ZNFTH,0,3369766,FAIL,Frida Crash (Connection lost)
2026-07-23 09:09:09,R3CR90GC5AP,0,3369574,FAIL,Frida Crash (Connection lost)
2026-07-23 09:09:10,R3CRA0EJ6SD,0,3368597,FAIL,Frida Crash (Connection lost)
2026-07-23 09:09:12,R3CR70D3ECZ,0,3369139,FAIL,Frida Crash (Connection lost)
2026-07-23 09:09:15,R5CR80ZNCXT,0,3369806,FAIL,Frida Crash (Connection lost)
2026-07-23 09:09:19,R3CR70WD1KX,0,3369593,FAIL,Frida Crash (Connection lost)
2026-07-23 09:09:21,R3CR90SJ6SW,0,3368407,FAIL,Frida Crash (Connection lost)
2026-07-23 09:09:46,R3CR90GCB5L,0,3369599,FAIL,ADDRESS_NOT_FOUND
2026-07-23 09:12:08,R3CR90HEZDB,0,3370061,FAIL,NO_ROUTE_FOUND: 길찾기 결과가 없습니다.
2026-07-23 09:12:40,R5CR802CTAL,0,3370216,FAIL,Frida Crash (Connection lost)
2026-07-23 09:12:55,R5CR802BBLB,0,3370206,FAIL,NETWORK_TIMEOUT
2026-07-23 09:13:15,R3CR90MAW4B,0,3370067,FAIL,NO_ROUTE_FOUND: 길찾기 결과가 없습니다.
2026-07-23 09:13:42,R3CR90SJ6SW,0,3370075,FAIL,ADDRESS_NOT_FOUND
2026-07-23 09:17:04,R5CR802CTAL,0,3370613,FAIL,Frida Crash (Connection lost)
2026-07-23 09:17:14,R5CR80DSS2W,0,3370620,FAIL,Frida Crash (Connection lost)
2026-07-23 09:17:57,R3CR8045YWN,0,3369974,FAIL,ADDRESS_NOT_FOUND
2026-07-23 09:19:55,R5CR802BBLB,0,3370792,FAIL,NETWORK_TIMEOUT
2026-07-23 09:20:03,R3CR90CE67P,0,3370010,FAIL,ADDRESS_NOT_FOUND
2026-07-23 09:24:38,R5CRA19WHAD,0,3370513,SUCCESS,Task Completed
2026-07-23 09:26:02,R5CR81PA2GT,0,3370374,SUCCESS,Task Completed
2026-07-23 09:29:44,R5CRC3DZRQH,0,3370540,SUCCESS,Task Completed
2026-07-23 09:29:49,R3CR70WD7NA,0,3371539,FAIL,Frida Crash (Connection lost)
2026-07-23 09:31:52,R5CR802VA4D,0,3370231,SUCCESS,Task Completed
2026-07-23 09:32:46,R3CR70AV5ZZ,0,3371486,SUCCESS,Task Completed
2026-07-23 09:33:26,R5CR81S2C2J,0,3370386,SUCCESS,Task Completed
2026-07-23 09:33:29,R5CR80E53QP,0,3370288,SUCCESS,Task Completed
2026-07-23 09:33:44,R5CR713T5WT,0,3371805,FAIL,Frida Crash (Connection lost)
2026-07-23 09:34:01,R3CR70SZ0JJ,0,3371516,SUCCESS,Task Completed
2026-07-23 09:35:04,R5CR81SQ8JJ,0,3370405,SUCCESS,Task Completed
2026-07-23 09:36:34,R5CR919ZL9A,0,3372075,FAIL,Frida Crash (Connection lost)
2026-07-23 09:36:57,R5CR804V9CT,0,3371822,SUCCESS,Task Completed
2026-07-23 09:38:07,R5CRA19WHAD,0,3371171,FAIL,App Closed
2026-07-23 09:39:47,R5CR91SH8LM,0,3372315,FAIL,Frida Crash (Connection lost)
2026-07-23 09:40:21,R5CR802BBLB,0,3371043,FAIL,MISSING_ARRIVAL_PACKETS
2026-07-23 09:40:48,R5CR802BBLB,0,3372386,FAIL,NETWORK_TIMEOUT
2026-07-23 09:41:05,R5CRC3DZRQH,0,3371547,FAIL,MISSING_ARRIVAL_PACKETS
2026-07-23 09:41:06,R5CRA19WHAD,0,3372257,FAIL,NETWORK_TIMEOUT
2026-07-23 09:41:35,R5CRC3DZRQH,0,3372445,FAIL,NETWORK_TIMEOUT
2026-07-23 09:41:58,R5CR81PA2GT,0,3371272,FAIL,MISSING_ARRIVAL_PACKETS
2026-07-23 09:42:11,R3CR70JFWXJ,0,3371503,FAIL,Frida Crash (Connection lost)
2026-07-23 09:42:11,R5CR813E9AB,0,3371957,FAIL,Frida Crash (Connection lost)
2026-07-23 09:42:11,R3CR70SZ0JJ,0,3371880,FAIL,Frida Crash (Connection lost)
2026-07-23 09:42:12,R3CRB0WCGET,0,3371726,FAIL,Frida Crash (Connection lost)
2026-07-23 09:42:12,R5CR713T5WT,0,3371885,FAIL,Frida Crash (Connection lost)
2026-07-23 09:42:13,R5CR807XTKD,0,3371832,FAIL,Frida Crash (Connection lost)
2026-07-23 09:42:13,R5CR82H78WT,0,3372042,FAIL,Frida Crash (Connection lost)
2026-07-23 09:42:13,R3CR70AV5ZZ,0,3371782,FAIL,Frida Crash (Connection lost)
2026-07-23 09:42:13,R3CR804583K,0,3371545,FAIL,Frida Crash (Connection lost)
2026-07-23 09:42:13,R3CR90GC5AP,0,3371594,FAIL,Frida Crash (Connection lost)
2026-07-23 09:42:13,R5CR82CEZBN,0,3372011,FAIL,Frida Crash (Connection lost)
2026-07-23 09:42:15,R5CR80ZNFTH,0,3371926,FAIL,ADDRESS_NOT_FOUND
2026-07-23 09:42:16,R3CRA09DW9E,0,3371662,FAIL,MISSING_ARRIVAL_PACKETS
2026-07-23 09:42:17,R3CR90CE67P,0,3372374,FAIL,Frida Crash (Connection lost)
2026-07-23 09:42:23,R3CR70D3ECZ,0,3372123,FAIL,Frida Crash (Connection lost)
2026-07-23 09:42:23,R5CR715VSTX,0,3371815,FAIL,Frida Crash (Connection lost)
2026-07-23 09:42:25,R5CR804V9CT,0,3372199,FAIL,Frida Crash (Connection lost)
2026-07-23 09:42:33,R5CRA0TJHLK,0,3372093,FAIL,Frida Crash (Connection lost)
2026-07-23 09:42:35,R5CR818AW0R,0,3371978,FAIL,Frida Crash (Connection lost)
2026-07-23 09:42:37,R3CR80NVXJE,0,3372157,FAIL,Frida Crash (Connection lost)
2026-07-23 09:42:38,R3CRC0XSEHY,0,3371752,FAIL,Frida Crash (Connection lost)
2026-07-23 09:43:35,R3CR90CCP1D,0,3371583,FAIL,MISSING_ARRIVAL_PACKETS
2026-07-23 09:43:47,R3CR90H1NCP,0,3371624,FAIL,MISSING_ARRIVAL_PACKETS
2026-07-23 09:43:52,R5CR81S2C2J,0,3371858,FAIL,MISSING_ARRIVAL_PACKETS
2026-07-23 09:45:24,R5CR818AW0R,0,3372736,FAIL,Frida Crash (Connection lost)
2026-07-23 09:45:25,R5CR813E9AB,0,3372731,FAIL,Frida Crash (Connection lost)
2026-07-23 09:45:25,R5CR82CEZBN,0,3372756,FAIL,Frida Crash (Connection lost)
2026-07-23 09:45:28,R3CR70D3ECZ,0,3372564,FAIL,Frida Crash (Connection lost)
2026-07-23 09:45:28,R5CR715VSTX,0,3372679,FAIL,Frida Crash (Connection lost)
2026-07-23 09:45:28,R3CR90CE67P,0,3372624,FAIL,Frida Crash (Connection lost)
2026-07-23 09:45:31,R5CRA0TJHLK,0,3372783,FAIL,NETWORK_TIMEOUT
2026-07-23 09:45:32,R3CR90GC5AP,0,3372638,FAIL,Frida Crash (Connection lost)
2026-07-23 09:45:32,R5CR804V9CT,0,3372688,FAIL,Frida Crash (Connection lost)
2026-07-23 09:45:34,R3CR70JFWXJ,0,3372573,FAIL,Frida Crash (Connection lost)
2026-07-23 09:45:36,R5CR807XTKD,0,3372699,FAIL,Frida Crash (Connection lost)
2026-07-23 09:45:37,R3CR70SZ0JJ,0,3372587,FAIL,Frida Crash (Connection lost)
2026-07-23 09:45:40,R3CRB0WCGET,0,3372651,FAIL,Frida Crash (Connection lost)
2026-07-23 09:45:43,R5CR802VA4D,0,3371764,FAIL,MISSING_ARRIVAL_PACKETS
2026-07-23 09:45:43,R3CR804583K,0,3372603,FAIL,Frida Crash (Connection lost)
2026-07-23 09:45:44,R5CR82H78WT,0,3372767,FAIL,App Launch Timeout
2026-07-23 09:45:48,R3CRC0XSEHY,0,3372662,FAIL,Frida Crash (Connection lost)
2026-07-23 09:45:48,R5CR80ZNFTH,0,3372719,FAIL,Frida Crash (Connection lost)
2026-07-23 09:45:53,R3CR80NVXJE,0,3372615,FAIL,Frida Crash (Connection lost)
2026-07-23 09:45:55,R5CR713T5WT,0,3372670,FAIL,Frida Crash (Connection lost)
2026-07-23 09:45:55,R3CR70AV5ZZ,0,3372551,FAIL,Frida Crash (Connection lost)
2026-07-23 09:47:52,R5CR81SQ8JJ,0,3371989,FAIL,MISSING_ARRIVAL_PACKETS
2026-07-23 09:48:06,R5CR802BBLB,0,3372949,FAIL,NETWORK_TIMEOUT
2026-07-23 09:49:00,R3CR80LSWGD,0,3371569,FAIL,MISSING_ARRIVAL_PACKETS
2026-07-23 09:50:04,R5CRC3DZRQH,0,3373101,FAIL,NETWORK_TIMEOUT
2026-07-23 09:50:26,R3CR80LSWGD,0,3373133,FAIL,Frida Crash (Connection lost)
2026-07-23 10:05:17,R3CR70D3ECZ,0,3374016,SUCCESS,Task Completed
2026-07-23 10:06:32,R3CR70SZ0JJ,0,3374035,SUCCESS,Task Completed
2026-07-23 10:07:17,R3CR90MAW4B,0,3374187,SUCCESS,Task Completed
2026-07-23 10:09:27,R5CRA0TJHLK,0,3374642,FAIL,Frida Crash (Connection lost)
2026-07-23 10:10:41,R5CR713T5WT,0,3374325,SUCCESS,Task Completed
2026-07-23 10:14:34,R3CR70WD1KX,0,3374044,SUCCESS,Task Completed
2026-07-23 10:16:19,R3CRC0RBEPP,0,3374284,SUCCESS,Task Completed
2026-07-23 10:16:58,R5CR9336DSB,0,3374631,FAIL,ADDRESS_NOT_FOUND
2026-07-23 10:17:25,R5CRA0PW01W,0,3374636,FAIL,ADDRESS_NOT_FOUND
2026-07-23 10:17:51,R5CR91SH8LM,0,3374623,SUCCESS,Task Completed
2026-07-23 10:18:03,R3CRC0ZCD2Z,0,3374317,SUCCESS,Task Completed
2026-07-23 10:18:20,R3CR70JFWXJ,0,3374024,SUCCESS,Task Completed
2026-07-23 10:18:42,R3CR90CE67P,0,3374127,SUCCESS,Task Completed
2026-07-23 10:19:21,R5CR81S2C2J,0,3374539,SUCCESS,Task Completed
2026-07-23 10:19:53,R5CR802CTAL,0,3374353,SUCCESS,Task Completed
2026-07-23 10:20:46,R5CRC2RDAFB,0,3374711,SUCCESS,Task Completed
2026-07-23 10:21:08,R5CR715VSTX,0,3374328,SUCCESS,Task Completed
2026-07-23 10:21:41,R3CRA0GP5YP,0,3374237,SUCCESS,Task Completed
2026-07-23 10:22:02,R3CR70WD7NA,0,3374056,SUCCESS,Task Completed
2026-07-23 10:22:12,R5CR802BBLB,0,3374337,SUCCESS,Task Completed
2026-07-23 10:22:30,R5CR802VA4D,0,3374371,SUCCESS,Task Completed
2026-07-23 10:22:52,R3CRC0XSEHY,0,3374300,SUCCESS,Task Completed
2026-07-23 10:23:02,R3CR90HEZDB,0,3374175,SUCCESS,Task Completed
2026-07-23 10:23:21,R3CRA0EJ6SD,0,3374219,SUCCESS,Task Completed
2026-07-23 10:23:21,R5CR80BKKQH,0,3374402,SUCCESS,Task Completed
2026-07-23 10:23:22,R3CR90CCP1D,0,3374113,SUCCESS,Task Completed
2026-07-23 10:24:14,R3CRB0WCGET,0,3374270,SUCCESS,Task Completed
2026-07-23 10:25:11,R5CR80DSS2W,0,3374408,SUCCESS,Task Completed
2026-07-23 10:26:23,R5CR81QCVCK,0,3374524,SUCCESS,Task Completed
2026-07-23 10:26:49,R3CR70SZ0JJ,0,3374748,SUCCESS,Task Completed
2026-07-23 10:27:53,R5CR9336DSB,0,3375215,FAIL,App Closed
2026-07-23 10:28:12,R3CR70D3ECZ,0,3374740,SUCCESS,Task Completed
2026-07-23 10:28:19,R5CR919ZL9A,0,3374610,SUCCESS,Task Completed
2026-07-23 10:29:43,R5CR82H78WT,0,3376201,FAIL,Frida Crash (Connection lost)
2026-07-23 10:30:02,R3CRC0RBEPP,0,3375171,SUCCESS,Task Completed
2026-07-23 10:31:06,R5CR713T5WT,0,3374771,SUCCESS,Task Completed
2026-07-23 10:31:35,R5CR80ZPJ0Z,0,3376033,FAIL,ADDRESS_NOT_FOUND
2026-07-23 10:32:02,R5CR813E9AB,0,3376048,FAIL,ADDRESS_NOT_FOUND
2026-07-23 10:33:54,R3CRC0RBEPP,0,3376319,SUCCESS,Task Completed
2026-07-23 10:37:45,R3CR90H1NCP,0,3375771,SUCCESS,Task Completed
2026-07-23 10:38:21,R5CR713T5WT,0,3376365,SUCCESS,Task Completed
2026-07-23 10:38:24,R5CR802CTAL,0,3375444,SUCCESS,Task Completed
2026-07-23 10:38:45,R5CR80BKKQH,0,3375707,SUCCESS,Task Completed
2026-07-23 10:38:48,R3CR70JFWXJ,0,3375322,SUCCESS,Task Completed
2026-07-23 10:38:51,R3CR80LSWGD,0,3375679,SUCCESS,Task Completed
2026-07-23 10:39:42,R5CR802BBLB,0,3375630,SUCCESS,Task Completed
2026-07-23 10:40:07,R5CR82NR07J,0,3376211,SUCCESS,Task Completed
2026-07-23 10:40:23,R5CRA0PW01W,0,3376836,SUCCESS,Task Completed
2026-07-23 10:41:31,R5CR802VA4D,0,3375701,SUCCESS,Task Completed
2026-07-23 10:41:32,R3CRB0WCGET,0,3375798,SUCCESS,Task Completed
2026-07-23 10:41:45,R3CRC0XSEHY,0,3375697,SUCCESS,Task Completed
2026-07-23 10:42:24,R3CR804583K,0,3375647,SUCCESS,Task Completed
2026-07-23 10:42:28,R3CR80NVXJE,0,3375732,SUCCESS,Task Completed
2026-07-23 10:42:52,R3CRB0ATRRK,0,3375836,SUCCESS,Task Completed
2026-07-23 10:43:12,R3CRB0ATRRK,0,3377240,FAIL,Frida Crash (Connection lost)
2026-07-23 10:43:14,R3CR90SJ6SW,0,3375821,SUCCESS,Task Completed
2026-07-23 10:43:31,R3CR70D3ECZ,0,3376156,SUCCESS,Task Completed
2026-07-23 10:43:37,R3CR90MAW4B,0,3376309,SUCCESS,Task Completed
2026-07-23 10:43:48,R3CR90SJ6SW,0,3377281,FAIL,Frida Crash (Connection lost)
2026-07-23 10:45:21,R5CR9336DSB,0,3376138,SUCCESS,Task Completed
2026-07-23 10:45:45,R5CR81QCVCK,0,3375951,SUCCESS,Task Completed
2026-07-23 10:46:01,R5CR80ZNFTH,0,3376024,SUCCESS,Task Completed
2026-07-23 10:46:03,R5CR919ZL9A,0,3376131,SUCCESS,Task Completed
2026-07-23 10:47:09,R5CR813E9AB,0,3376441,SUCCESS,Task Completed
2026-07-23 10:47:16,R3CR70SZ0JJ,0,3376008,SUCCESS,Task Completed
2026-07-23 10:47:53,R5CR82CEZBN,0,3376166,SUCCESS,Task Completed
2026-07-23 10:51:26,R5CRA0TJHLK,0,3376396,SUCCESS,Task Completed
2026-07-23 10:51:54,R5CR80ZPJ0Z,0,3376429,SUCCESS,Task Completed
2026-07-23 10:52:33,R5CR80ZNCXT,0,3377566,SUCCESS,Task Completed
2026-07-23 10:52:56,R3CR80LSWGD,0,3376964,SUCCESS,Task Completed
2026-07-23 10:54:52,R5CR802CTAL,0,3376914,SUCCESS,Task Completed
2026-07-23 10:55:13,R3CR90H1NCP,0,3376854,SUCCESS,Task Completed
2026-07-23 10:55:18,R3CR90CCP1D,0,3377342,SUCCESS,Task Completed
2026-07-23 10:55:52,R3CR70WD1KX,0,3378150,FAIL,ADDRESS_NOT_FOUND
2026-07-23 10:56:04,R5CR715VSTX,0,3377117,SUCCESS,Task Completed
2026-07-23 10:56:23,R5CRA19WHAD,0,3377876,FAIL,App Launch Timeout
2026-07-23 10:57:36,R3CR80LSWGD,0,3378038,SUCCESS,Task Completed
2026-07-23 10:57:41,R3CR80NVXJE,0,3377212,SUCCESS,Task Completed
2026-07-23 10:58:23,R5CRA0PW01W,0,3377038,SUCCESS,Task Completed
2026-07-23 10:58:31,R3CR90CE67P,0,3376975,SUCCESS,Task Completed
2026-07-23 10:58:32,R5CRC2RDAFB,0,3377083,SUCCESS,Task Completed
2026-07-23 10:58:37,R5CR713T5WT,0,3376899,SUCCESS,Task Completed
2026-07-23 10:58:46,R3CRC0ZCD2Z,0,3376889,SUCCESS,Task Completed
2026-07-23 10:58:53,R3CR70WD1KX,0,3378235,SUCCESS,Task Completed
2026-07-23 10:59:38,R3CR80LSWGD,0,3378364,SUCCESS,Task Completed
2026-07-23 10:59:57,R3CR70JFWXJ,0,3378535,FAIL,Frida Crash (Connection lost)
2026-07-23 11:00:35,R3CR804583K,0,3377201,SUCCESS,Task Completed
2026-07-23 11:00:35,R5CR82H78WT,0,3377935,SUCCESS,Task Completed
2026-07-23 11:00:57,R3CR70WD7NA,0,3377196,SUCCESS,Task Completed
2026-07-23 11:01:02,R3CR90GC5AP,0,3377355,SUCCESS,Task Completed
2026-07-23 11:01:28,R3CRC0RBEPP,0,3378106,SUCCESS,Task Completed
2026-07-23 11:02:07,R3CRA0GP5YP,0,3377225,SUCCESS,Task Completed
2026-07-23 11:03:37,R3CR90MAW4B,0,3377318,SUCCESS,Task Completed
2026-07-23 11:03:40,R3CR8045YWN,0,3378841,FAIL,Frida Crash (Connection lost)
2026-07-23 11:04:44,R5CR81QCVCK,0,3377499,SUCCESS,Task Completed
2026-07-23 11:04:51,R5CR82CEZBN,0,3377639,SUCCESS,Task Completed
2026-07-23 11:05:34,R5CR807XTKD,0,3377531,SUCCESS,Task Completed
2026-07-23 11:06:32,R5CRC3DZRQH,0,3377900,SUCCESS,Task Completed
2026-07-23 11:07:56,R5CRA0TJHLK,0,3377944,SUCCESS,Task Completed
2026-07-23 11:09:42,R5CRA0TJHLK,0,3379266,FAIL,Frida Crash (Connection lost)
2026-07-23 11:10:18,R3CR90GCB5L,0,3378939,FAIL,Frida Crash (Connection lost)
2026-07-23 11:10:18,R3CR90HEZDB,0,3378865,FAIL,Frida Crash (Connection lost)
2026-07-23 11:10:18,R5CR9336DSB,0,3379071,FAIL,Frida Crash (Connection lost)
2026-07-23 11:10:18,R5CR82CEZBN,0,3378948,FAIL,Frida Crash (Connection lost)
2026-07-23 11:10:18,R3CR90CCP1D,0,3378184,FAIL,Frida Crash (Connection lost)
2026-07-23 11:10:19,R5CR80ZNFTH,0,3379133,FAIL,GUIDANCE_NOT_FOUND
2026-07-23 11:10:20,R3CRA0EJ6SD,0,3378988,FAIL,Frida Crash (Connection lost)
2026-07-23 11:10:20,R5CR919ZL9A,0,3379146,FAIL,Frida Crash (Connection lost)
2026-07-23 11:10:20,R3CRA0GP5YP,0,3378762,FAIL,Frida Crash (Connection lost)
2026-07-23 11:10:20,R3CR90SJ6SW,0,3378977,FAIL,Frida Crash (Connection lost)
2026-07-23 11:10:20,R3CR80NVXJE,0,3378379,FAIL,Frida Crash (Connection lost)
2026-07-23 11:10:20,R3CR90H1NCP,0,3378199,FAIL,Frida Crash (Connection lost)
2026-07-23 11:10:20,R5CR81S2C2J,0,3378616,FAIL,Frida Crash (Connection lost)
2026-07-23 11:10:20,R3CR70JFWXJ,0,3378734,FAIL,Frida Crash (Connection lost)
2026-07-23 11:10:20,R3CR80LSWGD,0,3378543,FAIL,Frida Crash (Connection lost)
2026-07-23 11:10:20,R3CR70WD1KX,0,3378466,FAIL,Frida Crash (Connection lost)
2026-07-23 11:10:20,R3CR90GC5AP,0,3378694,FAIL,Frida Crash (Connection lost)
2026-07-23 11:10:20,R5CR80ZPJ0Z,0,3377968,FAIL,Frida Crash (Connection lost)
2026-07-23 11:10:20,R5CR81QCVCK,0,3378944,FAIL,Frida Crash (Connection lost)
2026-07-23 11:10:20,R5CR82H78WT,0,3378626,FAIL,Frida Crash (Connection lost)
2026-07-23 11:10:20,R3CRB0ATRRK,0,3378997,FAIL,Frida Crash (Connection lost)
2026-07-23 11:10:20,R3CRC0RBEPP,0,3378746,FAIL,Frida Crash (Connection lost)
2026-07-23 11:10:20,R5CR80DSS2W,0,3379119,FAIL,Frida Crash (Connection lost)
2026-07-23 11:10:20,R3CR804583K,0,3378674,FAIL,Frida Crash (Connection lost)
2026-07-23 11:10:20,R5CR802CTAL,0,3378160,FAIL,Frida Crash (Connection lost)
2026-07-23 11:10:20,R3CR70WD7NA,0,3378656,FAIL,Frida Crash (Connection lost)
2026-07-23 11:10:20,R3CR70AV5ZZ,0,3378726,FAIL,Frida Crash (Connection lost)
2026-07-23 11:10:20,R5CR713T5WT,0,3378508,FAIL,Frida Crash (Connection lost)
2026-07-23 11:10:20,R5CR802VA4D,0,3378799,FAIL,Frida Crash (Connection lost)
2026-07-23 11:10:20,R5CR91SH8LM,0,3378414,FAIL,Frida Crash (Connection lost)
2026-07-23 11:10:20,R5CR802BBLB,0,3378601,FAIL,Frida Crash (Connection lost)
2026-07-23 11:10:20,R3CR90MAW4B,0,3378872,FAIL,Frida Crash (Connection lost)
2026-07-23 11:10:20,R3CR90CE67P,0,3378476,FAIL,Frida Crash (Connection lost)
2026-07-23 11:10:21,R3CR8045YWN,0,3378967,FAIL,Frida Crash (Connection lost)
2026-07-23 11:10:22,R3CRC0XSEHY,0,3378786,FAIL,Frida Crash (Connection lost)
2026-07-23 11:10:23,R5CR807XTKD,0,3379009,FAIL,Frida Crash (Connection lost)
2026-07-23 11:10:24,R5CRA19WHAD,0,3378319,FAIL,Frida Crash (Connection lost)
2026-07-23 11:10:24,R3CR70D3ECZ,0,3378897,FAIL,Frida Crash (Connection lost)
2026-07-23 11:10:25,R3CR70SZ0JJ,0,3379232,FAIL,Frida Crash (Connection lost)
2026-07-23 11:10:26,R3CRC0ZCD2Z,0,3378493,FAIL,Frida Crash (Connection lost)
2026-07-23 11:10:27,R5CRA0PW01W,0,3378420,FAIL,Frida Crash (Connection lost)
2026-07-23 11:10:28,R5CRC2RDAFB,0,3378436,FAIL,Frida Crash (Connection lost)
2026-07-23 11:10:29,R5CR80BKKQH,0,3378554,FAIL,Frida Crash (Connection lost)
2026-07-23 11:10:30,R5CR715VSTX,0,3378241,FAIL,Frida Crash (Connection lost)
2026-07-23 11:10:31,R5CR804V9CT,0,3379109,FAIL,Frida Crash (Connection lost)
2026-07-23 11:10:32,R3CRB0WCGET,0,3378777,FAIL,Frida Crash (Connection lost)
2026-07-23 11:10:32,R3CRA09DW9E,0,3379041,FAIL,Frida Crash (Connection lost)
2026-07-23 11:10:33,R5CR813E9AB,0,3379197,FAIL,Frida Crash (Connection lost)
2026-07-23 11:10:34,R5CRC3DZRQH,0,3379162,FAIL,Frida Crash (Connection lost)
2026-07-23 11:10:42,R3CRB0PZGDR,0,3379056,FAIL,Frida Crash (Connection lost)
2026-07-23 11:10:43,R5CR80E53QP,0,3379186,FAIL,Frida Crash (Connection lost)
2026-07-23 11:10:52,R5CR80ZYL9K,0,3379253,FAIL,Frida Crash (Connection lost)
2026-07-23 11:11:25,R3CR70SZ0JJ,0,3379452,FAIL,Frida Crash (Connection lost)
2026-07-23 11:14:25,R3CRC0ZCD2Z,0,3379680,FAIL,Frida Crash (Connection lost)
2026-07-23 11:15:04,R5CR802BBLB,0,3379710,FAIL,Frida Crash (Connection lost)
2026-07-23 11:17:16,R3CR90MAW4B,0,3379588,SUCCESS,Task Completed
2026-07-23 11:18:59,R5CR713T5WT,0,3379693,SUCCESS,Task Completed
2026-07-23 11:21:45,R3CRB0ATRRK,0,3379633,SUCCESS,Task Completed
2026-07-23 11:26:42,R3CR8045YWN,0,3379492,SUCCESS,Task Completed
2026-07-23 11:26:53,R5CR82H78WT,0,3379400,SUCCESS,Task Completed
2026-07-23 11:27:23,R3CR80NVXJE,0,3379520,SUCCESS,Task Completed
2026-07-23 11:27:29,R3CR70D3ECZ,0,3379432,SUCCESS,Task Completed
2026-07-23 11:27:56,R3CR90CCP1D,0,3379530,SUCCESS,Task Completed
2026-07-23 11:29:40,R5CR818AW0R,0,3379390,SUCCESS,Task Completed
2026-07-23 11:29:51,R3CR70WD1KX,0,3379461,SUCCESS,Task Completed
2026-07-23 11:30:14,R3CR90GC5AP,0,3379544,SUCCESS,Task Completed
2026-07-23 11:31:38,R5CR80BKKQH,0,3379750,SUCCESS,Task Completed
2026-07-23 11:32:34,R3CRB0ATRRK,0,3380243,SUCCESS,Task Completed
2026-07-23 11:32:48,R5CR802VA4D,0,3379722,SUCCESS,Task Completed
2026-07-23 11:32:55,R3CRA0GP5YP,0,3379628,SUCCESS,Task Completed
2026-07-23 11:33:46,R5CR80DSS2W,0,3379771,SUCCESS,Task Completed
2026-07-23 11:33:48,R3CRC0XSEHY,0,3379669,SUCCESS,Task Completed
2026-07-23 11:34:26,R5CR82FNMVX,0,3379904,SUCCESS,Task Completed
2026-07-23 11:35:24,R5CR80DSS2W,0,3381131,FAIL,NO_ROUTE_FOUND: 길찾기 결과가 없습니다.
2026-07-23 11:35:35,R5CR81S2C2J,0,3379872,SUCCESS,Task Completed
2026-07-23 11:36:13,R5CR82CEZBN,0,3379895,SUCCESS,Task Completed
2026-07-23 11:36:54,R3CR90GC5AP,0,3380878,SUCCESS,Task Completed
2026-07-23 11:37:01,R5CR81SQ8JJ,0,3379886,SUCCESS,Task Completed
2026-07-23 11:38:29,R3CRA09DW9E,0,3381109,SUCCESS,Task Completed
2026-07-23 11:38:36,R3CRC0ZCD2Z,0,3380068,SUCCESS,Task Completed
2026-07-23 11:38:56,R3CR80LSWGD,0,3381025,SUCCESS,Task Completed
2026-07-23 11:39:01,R3CR90MAW4B,0,3380055,SUCCESS,Task Completed
2026-07-23 11:42:30,R5CR80E53QP,0,3381337,SUCCESS,Task Completed
2026-07-23 11:43:33,R5CR713T5WT,0,3381701,SUCCESS,Task Completed
2026-07-23 11:44:05,R3CR90CCP1D,0,3380716,SUCCESS,Task Completed
2026-07-23 11:44:34,R3CR70SZ0JJ,0,3381596,SUCCESS,Task Completed
2026-07-23 11:46:46,R5CRC3DZRQH,0,3381685,FAIL,GUIDANCE_NOT_FOUND
2026-07-23 11:46:50,R5CR807XTKD,0,3381325,FAIL,Frida Crash (Connection lost)
2026-07-23 11:46:50,R5CR80DSS2W,0,3381289,FAIL,Frida Crash (Connection lost)
2026-07-23 11:46:50,R5CR8153KWN,0,3381437,FAIL,Frida Crash (Connection lost)
2026-07-23 11:46:50,R3CR90GC5AP,0,3381504,FAIL,Frida Crash (Connection lost)
2026-07-23 11:46:50,R5CR715VSTX,0,3381249,FAIL,App Closed
2026-07-23 11:46:50,R3CRB0PZGDR,0,3381176,FAIL,Frida Crash (Connection lost)
2026-07-23 11:46:50,R3CR90SJ6SW,0,3381104,FAIL,Frida Crash (Connection lost)
2026-07-23 11:46:50,R3CRB0ATRRK,0,3381053,FAIL,App Closed
2026-07-23 11:46:50,R5CR713T5WT,0,3381934,FAIL,Frida Crash (Connection lost)
2026-07-23 11:46:50,R5CR9336DSB,0,3381555,FAIL,Frida Crash (Connection lost)
2026-07-23 11:46:50,R3CR90CCP1D,0,3381986,FAIL,Frida Crash (Connection lost)
2026-07-23 11:46:50,R3CRA09DW9E,0,3381624,FAIL,Frida Crash (Connection lost)
2026-07-23 11:46:50,R5CRA0PW01W,0,3381567,FAIL,Frida Crash (Connection lost)
2026-07-23 11:46:50,R3CR70JFWXJ,0,3380939,FAIL,App Closed
2026-07-23 11:46:50,R3CR90H1NCP,0,3381084,FAIL,Frida Crash (Connection lost)
2026-07-23 11:46:50,R5CR82H78WT,0,3380626,FAIL,Frida Crash (Connection lost)
2026-07-23 11:46:50,R5CR81S2C2J,0,3381302,FAIL,Frida Crash (Connection lost)
2026-07-23 11:46:50,R5CRA0TJHLK,0,3381658,FAIL,Frida Crash (Connection lost)
2026-07-23 11:46:50,R5CR802CTAL,0,3381266,FAIL,Frida Crash (Connection lost)
2026-07-23 11:46:50,R5CR81QCVCK,0,3381468,FAIL,Frida Crash (Connection lost)
2026-07-23 11:46:50,R3CR80LSWGD,0,3381605,FAIL,Frida Crash (Connection lost)
2026-07-23 11:46:50,R3CRA0GP5YP,0,3381121,FAIL,Frida Crash (Connection lost)
2026-07-23 11:46:50,R5CR804V9CT,0,3381281,FAIL,Frida Crash (Connection lost)
2026-07-23 11:46:50,R3CRA0EJ6SD,0,3381159,FAIL,Frida Crash (Connection lost)
2026-07-23 11:46:50,R5CR919ZL9A,0,3381524,FAIL,Frida Crash (Connection lost)
2026-07-23 11:46:50,R5CRC2RDAFB,0,3381679,FAIL,Frida Crash (Connection lost)
2026-07-23 11:46:50,R5CR80ZNFTH,0,3381363,FAIL,Frida Crash (Connection lost)
2026-07-23 11:46:50,R5CR82CEZBN,0,3381379,FAIL,Frida Crash (Connection lost)
2026-07-23 11:46:50,R3CRB0WCGET,0,3381189,FAIL,Frida Crash (Connection lost)
2026-07-23 11:46:50,R5CR813E9AB,0,3381422,FAIL,Frida Crash (Connection lost)
2026-07-23 11:46:50,R3CRC0RBEPP,0,3381202,FAIL,Frida Crash (Connection lost)
2026-07-23 11:46:50,R5CR802VA4D,0,3381057,FAIL,Frida Crash (Connection lost)
2026-07-23 11:46:50,R5CR80ZYL9K,0,3381413,FAIL,Frida Crash (Connection lost)
2026-07-23 11:46:50,R5CR802BBLB,0,3381712,FAIL,Frida Crash (Connection lost)
2026-07-23 11:46:50,R5CR80BKKQH,0,3380995,FAIL,Frida Crash (Connection lost)
2026-07-23 11:46:50,R3CR804583K,0,3380983,FAIL,Frida Crash (Connection lost)
2026-07-23 11:46:50,R3CR90MAW4B,0,3381617,FAIL,Frida Crash (Connection lost)
2026-07-23 11:46:50,R3CR80NVXJE,0,3380673,FAIL,Frida Crash (Connection lost)
2026-07-23 11:46:50,R3CRC0XSEHY,0,3381210,FAIL,Frida Crash (Connection lost)
2026-07-23 11:46:50,R5CR80E53QP,0,3381843,FAIL,Frida Crash (Connection lost)
2026-07-23 11:46:50,R5CR81PA2GT,0,3381453,FAIL,Frida Crash (Connection lost)
2026-07-23 11:46:50,R3CR90GCB5L,0,3381045,FAIL,Frida Crash (Connection lost)
2026-07-23 11:46:50,R5CR91SH8LM,0,3381537,FAIL,Frida Crash (Connection lost)
2026-07-23 11:46:50,R3CR8045YWN,0,3380619,FAIL,Frida Crash (Connection lost)
2026-07-23 11:46:50,R5CR80ZPJ0Z,0,3381401,FAIL,Frida Crash (Connection lost)
2026-07-23 11:46:51,R3CR70AV5ZZ,0,3380913,FAIL,Frida Crash (Connection lost)
2026-07-23 11:46:52,R3CRC0ZCD2Z,0,3381641,FAIL,Frida Crash (Connection lost)
2026-07-23 11:46:53,R3CR70WD7NA,0,3380962,FAIL,Frida Crash (Connection lost)
2026-07-23 11:46:53,R3CR90CE67P,0,3381611,FAIL,Frida Crash (Connection lost)
2026-07-23 11:46:54,R5CRA19WHAD,0,3381670,FAIL,Frida Crash (Connection lost)
2026-07-23 11:46:56,R5CR82FNMVX,0,3381222,FAIL,Frida Crash (Connection lost)
2026-07-23 11:46:57,R3CR90HEZDB,0,3381095,FAIL,Frida Crash (Connection lost)
2026-07-23 11:46:59,R3CR70SZ0JJ,0,3382008,FAIL,Frida Crash (Connection lost)
2026-07-23 11:47:03,R3CR70D3ECZ,0,3380695,FAIL,Frida Crash (Connection lost)
2026-07-23 11:47:04,R3CR70WD1KX,0,3380862,FAIL,Frida Crash (Connection lost)
2026-07-23 11:52:34,R3CR90MAW4B,0,3382356,SUCCESS,Task Completed
2026-07-23 11:53:42,R3CR90SJ6SW,0,3382374,SUCCESS,Task Completed
2026-07-23 11:55:27,R5CR80DSS2W,0,3382558,SUCCESS,Task Completed
2026-07-23 11:59:05,R5CR804V9CT,0,3382525,FAIL,ADDRESS_NOT_FOUND
2026-07-23 12:00:18,R3CR804583K,0,3382265,SUCCESS,Task Completed
2026-07-23 12:02:06,R3CR90HEZDB,0,3382336,SUCCESS,Task Completed
2026-07-23 12:04:36,R3CR90H1NCP,0,3382326,SUCCESS,Task Completed
2026-07-23 12:04:45,R3CR70SZ0JJ,0,3382233,SUCCESS,Task Completed
2026-07-23 12:04:58,R3CR90CCP1D,0,3382299,SUCCESS,Task Completed
2026-07-23 12:05:16,R3CR8045YWN,0,3382266,SUCCESS,Task Completed
2026-07-23 12:05:48,R5CR804V9CT,0,3383155,SUCCESS,Task Completed
2026-07-23 12:06:29,R3CR70D3ECZ,0,3382202,SUCCESS,Task Completed
2026-07-23 12:07:46,R3CR90MAW4B,0,3382868,SUCCESS,Task Completed
2026-07-23 12:10:02,R3CRA0EJ6SD,0,3383974,FAIL,Frida Crash (Connection lost)
2026-07-23 12:10:54,R5CR82FNMVX,0,3382702,SUCCESS,Task Completed
2026-07-23 12:11:14,R5CR8153KWN,0,3382613,SUCCESS,Task Completed
2026-07-23 12:12:22,R3CRA0EJ6SD,0,3384140,FAIL,Frida Crash (Connection lost)
2026-07-23 12:12:28,R5CR802CTAL,0,3384148,FAIL,Frida Crash (Connection lost)
2026-07-23 12:12:41,R5CR81PA2GT,0,3382644,SUCCESS,Task Completed
2026-07-23 12:14:16,R5CR80ZPJ0Z,0,3384270,FAIL,Frida Crash (Connection lost)
2026-07-23 12:15:12,R3CR804583K,0,3383233,SUCCESS,Task Completed
2026-07-23 12:15:17,R5CR82FNMVX,0,3384114,SUCCESS,Task Completed
2026-07-23 12:17:13,R3CR90HEZDB,0,3383378,SUCCESS,Task Completed
2026-07-23 12:17:51,R3CR90HEZDB,0,3384590,FAIL,Frida Crash (Connection lost)
2026-07-23 12:22:02,R3CR90SJ6SW,0,3384517,SUCCESS,Task Completed
2026-07-23 12:22:31,R5CR813E9AB,0,3384287,SUCCESS,Task Completed
2026-07-23 12:23:11,R3CR90H1NCP,0,3383580,SUCCESS,Task Completed
2026-07-23 12:23:57,R3CR70D3ECZ,0,3383725,SUCCESS,Task Completed
2026-07-23 12:24:30,R5CR9336DSB,0,3384437,SUCCESS,Task Completed
2026-07-23 12:25:58,R3CR90H1NCP,0,3384983,SUCCESS,Task Completed
2026-07-23 12:26:08,R3CR70WD7NA,0,3383839,SUCCESS,Task Completed
2026-07-23 12:26:15,R3CRB0PZGDR,0,3384024,SUCCESS,Task Completed
2026-07-23 12:26:23,R3CR70AV5ZZ,0,3383772,SUCCESS,Task Completed
2026-07-23 12:26:58,R3CRC0RBEPP,0,3384040,SUCCESS,Task Completed
2026-07-23 12:27:02,R3CRB0WCGET,0,3384032,SUCCESS,Task Completed
2026-07-23 12:27:26,R5CRA0TJHLK,0,3384454,SUCCESS,Task Completed
2026-07-23 12:29:42,R3CRC0XSEHY,0,3384063,SUCCESS,Task Completed
2026-07-23 12:29:55,R3CRA0GP5YP,0,3383986,SUCCESS,Task Completed
2026-07-23 12:30:04,R3CR804583K,0,3384488,SUCCESS,Task Completed
2026-07-23 12:30:18,R3CRB0ATRRK,0,3384013,SUCCESS,Task Completed
2026-07-23 12:31:04,R5CR715VSTX,0,3384091,SUCCESS,Task Completed
2026-07-23 12:32:17,R3CR70WD1KX,0,3385364,SUCCESS,Task Completed
2026-07-23 12:33:19,R5CR919ZL9A,0,3384421,SUCCESS,Task Completed
2026-07-23 12:33:47,R5CR80E53QP,0,3385842,FAIL,Frida Crash (Connection lost)
2026-07-23 12:34:15,R3CR70JFWXJ,0,3385349,SUCCESS,Task Completed
2026-07-23 12:34:32,R5CR91SH8LM,0,3384428,SUCCESS,Task Completed
2026-07-23 12:34:39,R3CR90GC5AP,0,3384501,SUCCESS,Task Completed
2026-07-23 12:34:44,R3CR90HEZDB,0,3384678,SUCCESS,Task Completed
2026-07-23 12:36:17,R5CR813E9AB,0,3384942,SUCCESS,Task Completed
2026-07-23 12:36:48,R5CR82NR07J,0,3386107,FAIL,Frida Crash (Connection lost)
2026-07-23 12:38:02,R5CR82NR07J,0,3386193,FAIL,App Closed
2026-07-23 12:38:31,R5CRC3DZRQH,0,3386214,FAIL,Frida Crash (Connection lost)
2026-07-23 12:38:55,R5CR919ZL9A,0,3385869,SUCCESS,Task Completed
2026-07-23 12:39:35,R5CR715VSTX,0,3385661,SUCCESS,Task Completed
2026-07-23 12:40:35,R3CR8045YWN,0,3385163,SUCCESS,Task Completed
2026-07-23 12:42:09,R3CR80LSWGD,0,3385423,SUCCESS,Task Completed
2026-07-23 12:42:39,R3CR70D3ECZ,0,3385043,SUCCESS,Task Completed
2026-07-23 12:42:53,R5CR9336DSB,0,3385077,SUCCESS,Task Completed
2026-07-23 12:42:59,R3CR70D3ECZ,0,3386538,FAIL,Frida Crash (Connection lost)
2026-07-23 12:44:53,R5CR919ZL9A,0,3386294,FAIL,ADDRESS_NOT_FOUND
2026-07-23 12:44:55,R3CR80LSWGD,0,3386500,FAIL,GUIDANCE_NOT_FOUND
2026-07-23 12:44:55,R5CR80ZYL9K,0,3385923,FAIL,Frida Crash (Connection lost)
2026-07-23 12:44:55,R3CR90GCB5L,0,3385479,FAIL,Frida Crash (Connection lost)
2026-07-23 12:44:55,R3CR80NVXJE,0,3385452,FAIL,Frida Crash (Connection lost)
2026-07-23 12:44:55,R5CR81S2C2J,0,3386047,FAIL,Frida Crash (Connection lost)
2026-07-23 12:44:55,R3CR70WD1KX,0,3385773,FAIL,Frida Crash (Connection lost)
2026-07-23 12:44:55,R5CR802CTAL,0,3385901,FAIL,Frida Crash (Connection lost)
2026-07-23 12:44:55,R5CR82FNMVX,0,3386179,FAIL,Frida Crash (Connection lost)
2026-07-23 12:44:55,R5CR802BBLB,0,3385741,FAIL,Frida Crash (Connection lost)
2026-07-23 12:44:55,R3CRB0WCGET,0,3385319,FAIL,Frida Crash (Connection lost)
2026-07-23 12:44:55,R3CRA0EJ6SD,0,3385894,FAIL,Frida Crash (Connection lost)
2026-07-23 12:44:55,R3CRB0ATRRK,0,3385605,FAIL,Frida Crash (Connection lost)
2026-07-23 12:44:55,R3CRA09DW9E,0,3385512,FAIL,Frida Crash (Connection lost)
2026-07-23 12:44:55,R5CR713T5WT,0,3385697,FAIL,Frida Crash (Connection lost)
2026-07-23 12:44:55,R3CRB0PZGDR,0,3385251,FAIL,Frida Crash (Connection lost)
2026-07-23 12:44:55,R5CR715VSTX,0,3386341,FAIL,Frida Crash (Connection lost)
2026-07-23 12:44:55,R3CR90CCP1D,0,3385141,FAIL,Frida Crash (Connection lost)
2026-07-23 12:44:55,R3CR90MAW4B,0,3385396,FAIL,Frida Crash (Connection lost)
2026-07-23 12:44:55,R3CRC0RBEPP,0,3385282,FAIL,Frida Crash (Connection lost)
2026-07-23 12:44:55,R3CRA0GP5YP,0,3385558,FAIL,Frida Crash (Connection lost)
2026-07-23 12:44:55,R5CR91SH8LM,0,3385939,FAIL,Frida Crash (Connection lost)
2026-07-23 12:44:55,R3CR90HEZDB,0,3385995,FAIL,Frida Crash (Connection lost)
2026-07-23 12:44:55,R5CR80ZPJ0Z,0,3386005,FAIL,Frida Crash (Connection lost)
2026-07-23 12:44:55,R3CR8045YWN,0,3386411,FAIL,Frida Crash (Connection lost)
2026-07-23 12:44:55,R3CR70SZ0JJ,0,3385103,FAIL,Frida Crash (Connection lost)
2026-07-23 12:44:55,R5CR82CEZBN,0,3386084,FAIL,Frida Crash (Connection lost)
2026-07-23 12:44:55,R3CRC0ZCD2Z,0,3385682,FAIL,Frida Crash (Connection lost)
2026-07-23 12:44:55,R3CR70AV5ZZ,0,3385267,FAIL,Frida Crash (Connection lost)
2026-07-23 12:44:55,R3CRC0XSEHY,0,3385528,FAIL,Frida Crash (Connection lost)
2026-07-23 12:44:55,R5CR81PA2GT,0,3385863,FAIL,Frida Crash (Connection lost)
2026-07-23 12:44:55,R5CR81SQ8JJ,0,3386063,FAIL,Frida Crash (Connection lost)
2026-07-23 12:44:55,R5CR80DSS2W,0,3386152,FAIL,Frida Crash (Connection lost)
2026-07-23 12:44:55,R5CR807XTKD,0,3385807,FAIL,Frida Crash (Connection lost)
2026-07-23 12:44:55,R5CRA0PW01W,0,3386127,FAIL,Frida Crash (Connection lost)
2026-07-23 12:44:55,R5CR80ZNFTH,0,3385910,FAIL,Frida Crash (Connection lost)
2026-07-23 12:44:55,R3CR70JFWXJ,0,3385979,FAIL,Frida Crash (Connection lost)
2026-07-23 12:44:55,R3CR804583K,0,3385591,FAIL,Frida Crash (Connection lost)
2026-07-23 12:44:55,R5CR80BKKQH,0,3385817,FAIL,Frida Crash (Connection lost)
2026-07-23 12:44:55,R3CR90H1NCP,0,3385244,FAIL,Frida Crash (Connection lost)
2026-07-23 12:44:57,R5CRA19WHAD,0,3386137,FAIL,Frida Crash (Connection lost)
2026-07-23 12:44:57,R5CR804V9CT,0,3385192,FAIL,Frida Crash (Connection lost)
2026-07-23 12:44:58,R5CR81QCVCK,0,3386030,FAIL,Frida Crash (Connection lost)
2026-07-23 12:44:58,R3CR90CE67P,0,3385471,FAIL,Frida Crash (Connection lost)
2026-07-23 12:45:00,R5CR8153KWN,0,3385752,FAIL,Frida Crash (Connection lost)
2026-07-23 12:45:01,R5CR802VA4D,0,3385797,FAIL,Frida Crash (Connection lost)
2026-07-23 12:45:01,R3CR90SJ6SW,0,3386512,FAIL,Frida Crash (Connection lost)
2026-07-23 12:45:03,R5CRC2RDAFB,0,3386208,FAIL,Frida Crash (Connection lost)
2026-07-23 12:45:04,R5CR82H78WT,0,3386090,FAIL,Frida Crash (Connection lost)
2026-07-23 12:45:05,R3CR70WD7NA,0,3385229,FAIL,Frida Crash (Connection lost)
2026-07-23 12:45:06,R5CR80E53QP,0,3385905,FAIL,Frida Crash (Connection lost)
2026-07-23 12:45:06,R5CR813E9AB,0,3386161,FAIL,Frida Crash (Connection lost)
2026-07-23 12:45:07,R5CRA0TJHLK,0,3385328,FAIL,Frida Crash (Connection lost)
2026-07-23 12:45:10,R5CRC3DZRQH,0,3386363,FAIL,Frida Crash (Connection lost)
2026-07-23 12:45:10,R5CR9336DSB,0,3386566,FAIL,App Launch Timeout
2026-07-23 12:51:55,R3CR90MAW4B,0,3387021,FAIL,NO_ROUTE_FOUND: 길찾기 결과가 없습니다.
2026-07-23 12:51:56,R3CR90CCP1D,0,3386956,SUCCESS,Task Completed
2026-07-23 12:52:27,R5CR80ZYL9K,0,3387296,FAIL,Frida Crash (Connection lost)
2026-07-23 12:53:11,R5CR81QCVCK,0,3387361,FAIL,Frida Crash (Connection lost)
2026-07-23 12:56:04,R3CR90GC5AP,0,3387595,FAIL,Frida Crash (Connection lost)
2026-07-23 12:57:36,R3CRB0WCGET,0,3387731,FAIL,Frida Crash (Connection lost)
2026-07-23 12:58:17,R3CR70WD7NA,0,3387518,SUCCESS,Task Completed
2026-07-23 12:58:47,R5CR802BBLB,0,3387794,FAIL,NETWORK_TIMEOUT
2026-07-23 13:01:52,R5CR713T5WT,0,3387774,FAIL,ADDRESS_NOT_FOUND
2026-07-23 13:02:19,R3CRC0ZCD2Z,0,3387767,FAIL,ADDRESS_NOT_FOUND
2026-07-23 13:02:34,R3CR90SJ6SW,0,3387638,SUCCESS,Task Completed
2026-07-23 13:04:52,R3CR70SZ0JJ,0,3388281,FAIL,Frida Crash (Connection lost)
2026-07-23 13:08:20,R3CR90MAW4B,0,3388429,FAIL,ADDRESS_NOT_FOUND
2026-07-23 13:10:46,R5CR81S2C2J,0,3388782,FAIL,Frida Crash (Connection lost)
2026-07-23 13:10:54,R5CR81SQ8JJ,0,3388795,FAIL,Frida Crash (Connection lost)
2026-07-23 13:15:51,R3CR70AV5ZZ,0,3389163,FAIL,mitmdump Crash (Proxy stopped)
2026-07-23 13:16:01,R3CR70D3ECZ,0,3389182,FAIL,mitmdump Crash (Proxy stopped)
2026-07-23 13:16:09,R3CR70JFWXJ,0,3389195,FAIL,mitmdump Crash (Proxy stopped)
2026-07-23 13:16:17,R3CR70SZ0JJ,0,3389203,FAIL,mitmdump Crash (Proxy stopped)
2026-07-23 13:16:25,R3CR70WD1KX,0,3389208,FAIL,mitmdump Crash (Proxy stopped)
2026-07-23 13:16:34,R3CR70WD7NA,0,3389216,FAIL,mitmdump Crash (Proxy stopped)
2026-07-23 13:16:41,R3CR804583K,0,3389233,FAIL,mitmdump Crash (Proxy stopped)
2026-07-23 13:16:51,R3CR8045YWN,0,3389244,FAIL,mitmdump Crash (Proxy stopped)
2026-07-23 13:16:59,R3CR80LSWGD,0,3389255,FAIL,mitmdump Crash (Proxy stopped)
2026-07-23 13:17:07,R3CR80NVXJE,0,3389263,FAIL,mitmdump Crash (Proxy stopped)
2026-07-23 13:17:15,R3CR90CCP1D,0,3389274,FAIL,mitmdump Crash (Proxy stopped)
2026-07-23 13:17:24,R3CR90CE67P,0,3389291,FAIL,mitmdump Crash (Proxy stopped)
2026-07-23 13:17:36,R3CR70AV5ZZ,0,3389309,FAIL,mitmdump Crash (Proxy stopped)
2026-07-23 13:17:45,R3CR70D3ECZ,0,3389318,FAIL,mitmdump Crash (Proxy stopped)
2026-07-23 13:17:52,R3CR70JFWXJ,0,3389325,FAIL,mitmdump Crash (Proxy stopped)
2026-07-23 13:18:00,R3CR70SZ0JJ,0,3389334,FAIL,mitmdump Crash (Proxy stopped)
2026-07-23 13:18:09,R3CR70WD1KX,0,3389349,FAIL,mitmdump Crash (Proxy stopped)
2026-07-23 13:18:17,R3CR70WD7NA,0,3389364,FAIL,mitmdump Crash (Proxy stopped)
2026-07-23 13:18:25,R3CR804583K,0,3389375,FAIL,mitmdump Crash (Proxy stopped)
2026-07-23 13:18:33,R3CR8045YWN,0,3389385,FAIL,mitmdump Crash (Proxy stopped)
2026-07-23 13:18:41,R3CR80LSWGD,0,3389397,FAIL,mitmdump Crash (Proxy stopped)
2026-07-23 13:18:48,R3CR80NVXJE,0,3389404,FAIL,mitmdump Crash (Proxy stopped)
2026-07-23 13:18:57,R3CR90CCP1D,0,3389413,FAIL,mitmdump Crash (Proxy stopped)
2026-07-23 13:19:05,R3CR90CE67P,0,3389430,FAIL,mitmdump Crash (Proxy stopped)
2026-07-23 13:19:12,R3CR90GC5AP,0,3389442,FAIL,mitmdump Crash (Proxy stopped)
2026-07-23 13:26:33,R3CR90MAW4B,0,3390077,FAIL,Frida Crash (Connection lost)
2026-07-23 13:32:46,R5CRC3DZRQH,0,3390570,FAIL,NETWORK_TIMEOUT
2026-07-23 13:40:16,R5CR9336DSB,0,3390503,FAIL,ADDRESS_NOT_FOUND
2026-07-23 13:42:06,R3CR70AV5ZZ,0,3389889,SUCCESS,Task Completed
2026-07-23 13:42:30,R3CR80NVXJE,0,3389995,SUCCESS,Task Completed
2026-07-23 13:43:11,R5CR81QCVCK,0,3390394,SUCCESS,Task Completed
2026-07-23 13:43:20,R3CR70AV5ZZ,0,3391296,FAIL,ADDRESS_NOT_FOUND
2026-07-23 13:43:28,R5CR82NR07J,0,3390471,SUCCESS,Task Completed
2026-07-23 13:44:21,R3CRA0EJ6SD,0,3390111,SUCCESS,Task Completed
2026-07-23 13:47:13,R3CR90SJ6SW,0,3391691,FAIL,Frida Crash (Connection lost)
2026-07-23 13:49:46,R3CRC0RBEPP,0,3391772,FAIL,NO_ROUTE_FOUND: 길찾기 결과가 없습니다.
2026-07-23 13:49:57,R3CR90HEZDB,0,3391671,SUCCESS,Task Completed
2026-07-23 13:52:33,R5CRA0TJHLK,0,3392109,FAIL,Frida Crash (Connection lost)
2026-07-23 13:54:15,R3CR90HEZDB,0,3392189,FAIL,ADDRESS_NOT_FOUND
2026-07-23 13:55:41,R5CR802VA4D,0,3391844,FAIL,ADDRESS_NOT_FOUND
2026-07-23 13:56:08,R5CR802BBLB,0,3391824,FAIL,ADDRESS_NOT_FOUND
2026-07-23 13:56:36,R5CR802CTAL,0,3391834,FAIL,ADDRESS_NOT_FOUND
2026-07-23 13:58:27,R5CR802VA4D,0,3392375,FAIL,ADDRESS_NOT_FOUND
2026-07-23 13:58:54,R5CR802BBLB,0,3392428,FAIL,ADDRESS_NOT_FOUND
2026-07-23 14:03:13,R5CR80ZPJ0Z,0,3391918,SUCCESS,Task Completed
2026-07-23 14:03:21,R3CR90MAW4B,0,3391686,SUCCESS,Task Completed
2026-07-23 14:03:38,R3CR70WD7NA,0,3391555,SUCCESS,Task Completed
2026-07-23 14:03:51,R3CR90MAW4B,0,3392947,FAIL,Frida Crash (Connection lost)
2026-07-23 14:04:54,R3CR70WD1KX,0,3391539,SUCCESS,Task Completed
2026-07-23 14:05:19,R3CR90CE67P,0,3391620,SUCCESS,Task Completed
2026-07-23 14:05:45,R3CR90GC5AP,0,3391630,SUCCESS,Task Completed
2026-07-23 14:05:45,R3CR90CCP1D,0,3391609,SUCCESS,Task Completed
2026-07-23 14:06:44,R5CR80BKKQH,0,3391866,SUCCESS,Task Completed
2026-07-23 14:07:25,R3CRC0ZCD2Z,0,3391793,SUCCESS,Task Completed
2026-07-23 14:07:43,R5CR807XTKD,0,3391857,SUCCESS,Task Completed
2026-07-23 14:09:24,R5CR80DSS2W,0,3391880,SUCCESS,Task Completed
2026-07-23 14:10:21,R3CRA0EJ6SD,0,3393276,FAIL,NO_ROUTE_FOUND: 길찾기 결과가 없습니다.
2026-07-23 14:11:05,R5CR9336DSB,0,3392082,SUCCESS,Task Completed
2026-07-23 14:11:34,R5CR91SH8LM,0,3392070,SUCCESS,Task Completed
2026-07-23 14:12:05,R3CR70AV5ZZ,0,3393049,SUCCESS,Task Completed
2026-07-23 14:13:20,R5CR802VA4D,0,3392599,SUCCESS,Task Completed
2026-07-23 14:14:00,R3CR90SJ6SW,0,3393798,FAIL,Frida Crash (Connection lost)
2026-07-23 14:15:06,R5CR802CTAL,0,3392466,SUCCESS,Task Completed
2026-07-23 14:18:32,R5CR81PA2GT,0,3393598,FAIL,ADDRESS_NOT_FOUND
2026-07-23 14:18:35,R3CRA09DW9E,0,3393262,FAIL,MISSING_ARRIVAL_PACKETS
2026-07-23 14:19:04,R5CR802BBLB,0,3392630,SUCCESS,Task Completed
2026-07-23 14:20:27,R3CR70WD7NA,0,3392974,SUCCESS,Task Completed
2026-07-23 14:20:54,R5CR818AW0R,0,3393580,SUCCESS,Task Completed
2026-07-23 14:21:06,R5CR82H78WT,0,3393719,SUCCESS,Task Completed
2026-07-23 14:22:05,R3CR90MAW4B,0,3393077,SUCCESS,Task Completed
2026-07-23 14:24:19,R3CR8045YWN,0,3393123,SUCCESS,Task Completed
2026-07-23 14:24:33,R5CR807XTKD,0,3393316,SUCCESS,Task Completed
2026-07-23 14:24:39,R5CR82FNMVX,0,3393710,SUCCESS,Task Completed
2026-07-23 14:24:39,R3CR80NVXJE,0,3393200,SUCCESS,Task Completed
2026-07-23 14:24:53,R5CR81QCVCK,0,3393607,SUCCESS,Task Completed
2026-07-23 14:25:59,R3CR90GCB5L,0,3393209,SUCCESS,Task Completed
2026-07-23 14:26:38,R5CR81S2C2J,0,3393615,SUCCESS,Task Completed
2026-07-23 14:26:49,R5CR813E9AB,0,3393541,SUCCESS,Task Completed
2026-07-23 14:26:54,R5CR81SQ8JJ,0,3393626,SUCCESS,Task Completed
2026-07-23 14:27:24,R5CR80BKKQH,0,3393229,SUCCESS,Task Completed
2026-07-23 14:27:30,R5CR8153KWN,0,3393550,SUCCESS,Task Completed
2026-07-23 14:27:32,R5CR80ZNCXT,0,3393477,SUCCESS,Task Completed
2026-07-23 14:27:33,R3CRC0ZCD2Z,0,3393308,SUCCESS,Task Completed
2026-07-23 14:27:34,R3CR70AV5ZZ,0,3393685,FAIL,Frida Crash (Connection lost)
2026-07-23 14:28:39,R3CRC0XSEHY,0,3393381,SUCCESS,Task Completed
2026-07-23 14:28:53,R5CR80DSS2W,0,3393447,SUCCESS,Task Completed
2026-07-23 14:29:05,R5CR713T5WT,0,3393403,SUCCESS,Task Completed
2026-07-23 14:29:42,R5CR9336DSB,0,3393645,SUCCESS,Task Completed
2026-07-23 14:29:49,R5CR802VA4D,0,3393817,SUCCESS,Task Completed
2026-07-23 14:33:54,R5CRA19WHAD,0,3393827,SUCCESS,Task Completed
2026-07-23 14:34:28,R5CR802CTAL,0,3393920,SUCCESS,Task Completed
2026-07-23 14:37:18,R5CR802BBLB,0,3394189,SUCCESS,Task Completed
2026-07-23 14:38:19,R5CR81PA2GT,0,3394173,SUCCESS,Task Completed
2026-07-23 14:38:43,R5CR80ZYL9K,0,3395111,SUCCESS,Task Completed
2026-07-23 14:39:22,R5CR82FNMVX,0,3394616,SUCCESS,Task Completed
2026-07-23 14:39:27,R3CR70D3ECZ,0,3395319,SUCCESS,Task Completed
2026-07-23 14:40:58,R5CRC2RDAFB,0,3395392,SUCCESS,Task Completed
2026-07-23 14:41:02,R5CR818AW0R,0,3394321,SUCCESS,Task Completed
2026-07-23 14:41:04,R3CR70WD7NA,0,3395877,FAIL,Frida Crash (Connection lost)
2026-07-23 14:41:07,R3CR90MAW4B,0,3394419,SUCCESS,Task Completed
2026-07-23 14:42:06,R5CR80BKKQH,0,3394860,SUCCESS,Task Completed
2026-07-23 14:42:17,R5CR82CEZBN,0,3395228,SUCCESS,Task Completed
2026-07-23 14:42:45,R3CR90H1NCP,0,3394829,SUCCESS,Task Completed
2026-07-23 14:43:32,R5CR81QCVCK,0,3394606,SUCCESS,Task Completed
2026-07-23 14:43:35,R5CR804V9CT,0,3395034,FAIL,MISSING_ARRIVAL_PACKETS
2026-07-23 14:44:09,R3CR70SZ0JJ,0,3394682,SUCCESS,Task Completed
2026-07-23 14:44:32,R3CR70JFWXJ,0,3394645,SUCCESS,Task Completed
2026-07-23 14:44:34,R3CR804583K,0,3394689,SUCCESS,Task Completed
2026-07-23 14:45:01,R3CR90GCB5L,0,3394698,SUCCESS,Task Completed
2026-07-23 14:45:06,R5CR8153KWN,0,3394894,SUCCESS,Task Completed
2026-07-23 14:45:12,R5CRC2RDAFB,0,3395942,SUCCESS,Task Completed
2026-07-23 14:45:31,R5CR81S2C2J,0,3394783,SUCCESS,Task Completed
2026-07-23 14:45:46,R3CR90GC5AP,0,3394761,SUCCESS,Task Completed
2026-07-23 14:45:49,R5CR9336DSB,0,3395048,SUCCESS,Task Completed
2026-07-23 14:46:00,R5CR80DSS2W,0,3394972,SUCCESS,Task Completed
2026-07-23 14:46:06,R3CR70WD1KX,0,3396302,FAIL,Frida Crash (Connection lost)
2026-07-23 14:46:32,R5CR713T5WT,0,3394966,FAIL,MISSING_ARRIVAL_PACKETS
2026-07-23 14:46:55,R3CRA0GP5YP,0,3394927,SUCCESS,Task Completed
2026-07-23 14:47:19,R3CRB0ATRRK,0,3394936,SUCCESS,Task Completed
2026-07-23 14:47:20,R3CRB0WCGET,0,3395002,FAIL,MISSING_ARRIVAL_PACKETS
2026-07-23 14:47:24,R5CR81SQ8JJ,0,3394800,SUCCESS,Task Completed
2026-07-23 14:47:30,R5CR813E9AB,0,3394771,SUCCESS,Task Completed
2026-07-23 14:50:26,R3CR70WD7NA,0,3395999,SUCCESS,Task Completed
2026-07-23 14:50:54,R3CRC0RBEPP,0,3395357,SUCCESS,Task Completed
2026-07-23 14:50:58,R5CRA19WHAD,0,3395327,SUCCESS,Task Completed
2026-07-23 14:51:56,R5CR91SH8LM,0,3395186,SUCCESS,Task Completed
2026-07-23 14:52:29,R5CR802BBLB,0,3395602,SUCCESS,Task Completed
2026-07-23 14:52:42,R3CRA09DW9E,0,3395741,SUCCESS,Task Completed
2026-07-23 14:52:45,R5CRA0PW01W,0,3395301,SUCCESS,Task Completed
2026-07-23 14:52:46,R5CR80E53QP,0,3396693,FAIL,ADDRESS_NOT_FOUND
2026-07-23 14:53:13,R5CR802CTAL,0,3395381,SUCCESS,Task Completed
2026-07-23 14:53:45,R5CR80ZYL9K,0,3395710,SUCCESS,Task Completed
2026-07-23 14:54:27,R5CR81PA2GT,0,3395685,SUCCESS,Task Completed
2026-07-23 14:55:22,R5CR82H78WT,0,3395961,SUCCESS,Task Completed
2026-07-23 14:57:01,R3CR70D3ECZ,0,3395771,SUCCESS,Task Completed
2026-07-23 14:57:48,R3CR70JFWXJ,0,3396186,SUCCESS,Task Completed
2026-07-23 14:58:06,R5CR80BKKQH,0,3396009,SUCCESS,Task Completed
2026-07-23 14:58:21,R3CR70AV5ZZ,0,3396556,SUCCESS,Task Completed
2026-07-23 15:00:35,R3CR90H1NCP,0,3396042,SUCCESS,Task Completed
2026-07-23 15:03:39,R3CRA0GP5YP,0,3396394,SUCCESS,Task Completed
2026-07-23 15:04:04,R5CR81QCVCK,0,3396119,SUCCESS,Task Completed
2026-07-23 15:04:18,R5CR713T5WT,0,3396403,SUCCESS,Task Completed
2026-07-23 15:04:30,R5CR813E9AB,0,3396452,SUCCESS,Task Completed
2026-07-23 15:04:45,R3CR90GC5AP,0,3396314,SUCCESS,Task Completed
2026-07-23 15:04:55,R3CRB0ATRRK,0,3396427,SUCCESS,Task Completed
2026-07-23 15:05:13,R3CR90GC5AP,0,3397843,FAIL,Frida Crash (Connection lost)
2026-07-23 15:05:25,R3CRB0PZGDR,0,3396567,SUCCESS,Task Completed
2026-07-23 15:05:29,R3CR804583K,0,3396203,SUCCESS,Task Completed
2026-07-23 15:05:50,R3CR70WD1KX,0,3396486,SUCCESS,Task Completed
2026-07-23 15:05:51,R5CR807XTKD,0,3396326,SUCCESS,Task Completed
2026-07-23 15:05:58,R5CR81S2C2J,0,3396342,SUCCESS,Task Completed
2026-07-23 15:06:36,R3CR90CE67P,0,3396387,SUCCESS,Task Completed
2026-07-23 15:06:50,R5CR80DSS2W,0,3396335,SUCCESS,Task Completed
2026-07-23 15:07:25,R5CR81QCVCK,0,3397794,SUCCESS,Task Completed
2026-07-23 15:07:42,R5CR80ZNCXT,0,3396534,SUCCESS,Task Completed
2026-07-23 15:07:46,R5CRA19WHAD,0,3396715,SUCCESS,Task Completed
2026-07-23 15:08:32,R3CR70WD7NA,0,3396669,SUCCESS,Task Completed
2026-07-23 15:08:39,R3CRC0RBEPP,0,3396747,SUCCESS,Task Completed
2026-07-23 15:08:45,R3CRA09DW9E,0,3396856,SUCCESS,Task Completed
2026-07-23 15:10:05,R3CRA09DW9E,0,3398145,FAIL,ADDRESS_NOT_FOUND
2026-07-23 15:10:58,R5CR82FNMVX,0,3397430,SUCCESS,Task Completed
2026-07-23 15:12:22,R5CRC3DZRQH,0,3397041,SUCCESS,Task Completed
2026-07-23 15:13:47,R5CR802CTAL,0,3398472,FAIL,Frida Crash (Connection lost)
2026-07-23 15:14:33,R3CR70JFWXJ,0,3397266,SUCCESS,Task Completed
2026-07-23 15:17:08,R5CR82CEZBN,0,3397652,SUCCESS,Task Completed
2026-07-23 15:17:52,R5CR80ZYL9K,0,3398542,SUCCESS,Task Completed
2026-07-23 15:18:04,R3CR90MAW4B,0,3397547,SUCCESS,Task Completed
2026-07-23 15:19:14,R5CR80ZPJ0Z,0,3397778,SUCCESS,Task Completed
2026-07-23 15:19:38,R5CR81QCVCK,0,3398055,FAIL,MISSING_ARRIVAL_PACKETS
2026-07-23 15:20:00,R5CR802CTAL,0,3398604,SUCCESS,Task Completed
2026-07-23 15:20:34,R5CR82FNMVX,0,3398313,SUCCESS,Task Completed
2026-07-23 15:21:03,R5CRC2RDAFB,0,3397992,FAIL,MISSING_ARRIVAL_PACKETS
2026-07-23 15:22:14,R3CR8045YWN,0,3397828,SUCCESS,Task Completed
2026-07-23 15:22:49,R3CRB0ATRRK,0,3397854,SUCCESS,Task Completed
2026-07-23 15:23:10,R3CR90GCB5L,0,3397945,SUCCESS,Task Completed
2026-07-23 15:23:31,R5CR82FNMVX,0,3399030,SUCCESS,Task Completed
2026-07-23 15:24:03,R5CR81S2C2J,0,3397979,SUCCESS,Task Completed
2026-07-23 15:24:11,R3CR90CE67P,0,3398032,SUCCESS,Task Completed
2026-07-23 15:24:36,R3CRC0ZCD2Z,0,3398173,SUCCESS,Task Completed
2026-07-23 15:25:02,R3CRC0ZCD2Z,0,3399338,FAIL,Frida Crash (Connection lost)
2026-07-23 15:25:29,R3CRA0EJ6SD,0,3398334,SUCCESS,Task Completed
2026-07-23 15:25:44,R5CR91SH8LM,0,3398373,SUCCESS,Task Completed
2026-07-23 15:25:53,R5CR81SQ8JJ,0,3398109,SUCCESS,Task Completed
2026-07-23 15:26:03,R3CRA0GP5YP,0,3399269,FAIL,ADDRESS_NOT_FOUND
2026-07-23 15:26:45,R5CR8153KWN,0,3397968,SUCCESS,Task Completed
2026-07-23 15:26:53,R3CR70WD1KX,0,3398017,SUCCESS,Task Completed
2026-07-23 15:27:37,R3CRC0RBEPP,0,3398157,SUCCESS,Task Completed
2026-07-23 15:27:47,R3CR90GC5AP,0,3399511,FAIL,ADDRESS_NOT_FOUND
2026-07-23 15:27:52,R3CR804583K,0,3399490,FAIL,ADDRESS_NOT_FOUND
2026-07-23 15:28:01,R5CRA19WHAD,0,3398069,SUCCESS,Task Completed
2026-07-23 15:28:13,R3CRA0GP5YP,0,3399527,FAIL,ADDRESS_NOT_FOUND
2026-07-23 15:28:16,R5CR91SH8LM,0,3399464,FAIL,GUIDANCE_NOT_FOUND
2026-07-23 15:28:17,R3CR80LSWGD,0,3398135,SUCCESS,Task Completed
2026-07-23 15:28:25,R5CR9336DSB,0,3398061,SUCCESS,Task Completed
2026-07-23 15:28:45,R3CR70SZ0JJ,0,3399363,SUCCESS,Task Completed
2026-07-23 15:29:12,R3CR804583K,0,3399607,FAIL,ADDRESS_NOT_FOUND
2026-07-23 15:29:17,R5CR715VSTX,0,3398232,SUCCESS,Task Completed
2026-07-23 15:29:21,R5CR82NR07J,0,3398509,SUCCESS,Task Completed
2026-07-23 15:29:35,R3CRC0XSEHY,0,3398191,SUCCESS,Task Completed
2026-07-23 15:29:39,R3CRC0RBEPP,0,3399653,FAIL,ADDRESS_NOT_FOUND
2026-07-23 15:29:50,R5CR80DSS2W,0,3399661,FAIL,ADDRESS_NOT_FOUND
2026-07-23 15:30:30,R3CR90GC5AP,0,3399633,FAIL,ADDRESS_NOT_FOUND
2026-07-23 15:30:37,R5CR80E53QP,0,3398449,SUCCESS,Task Completed
2026-07-23 15:30:41,R5CR91SH8LM,0,3399676,FAIL,POI_ARRIVAL_NOT_FOUND
2026-07-23 15:30:44,R5CRA0PW01W,0,3398481,SUCCESS,Task Completed
2026-07-23 15:30:55,R3CRA09DW9E,0,3398262,SUCCESS,Task Completed
2026-07-23 15:31:12,R5CR9336DSB,0,3399695,FAIL,ADDRESS_NOT_FOUND
2026-07-23 15:31:42,R5CRA19WHAD,0,3399710,FAIL,ADDRESS_NOT_FOUND
2026-07-23 15:31:59,R3CR90MAW4B,0,3398835,SUCCESS,Task Completed
2026-07-23 15:32:03,R5CR80ZNFTH,0,3399923,FAIL,Frida Crash (Connection lost)
2026-07-23 15:32:07,R3CR70JFWXJ,0,3398565,SUCCESS,Task Completed
2026-07-23 15:32:11,R5CRC3DZRQH,0,3398400,SUCCESS,Task Completed
2026-07-23 15:32:39,R5CR919ZL9A,0,3398526,SUCCESS,Task Completed
2026-07-23 15:34:10,R3CRB0ATRRK,0,3399197,FAIL,MISSING_ARRIVAL_PACKETS
2026-07-23 15:34:31,R3CR8045YWN,0,3399146,SUCCESS,Task Completed
2026-07-23 15:34:49,R3CR8045YWN,0,3400148,FAIL,Frida Crash (Connection lost)
2026-07-23 15:34:57,R3CR80LSWGD,0,3399766,SUCCESS,Task Completed
2026-07-23 15:35:17,R3CRB0ATRRK,0,3400130,FAIL,NO_ROUTE_FOUND: 길찾기 결과가 없습니다.
2026-07-23 15:35:53,R3CR90SJ6SW,0,3398669,FAIL,MISSING_ARRIVAL_PACKETS
2026-07-23 15:36:32,R5CR80ZPJ0Z,0,3398927,SUCCESS,Task Completed
2026-07-23 15:37:25,R5CR9336DSB,0,3399929,SUCCESS,Task Completed
2026-07-23 15:39:14,R5CR81QCVCK,0,3398961,SUCCESS,Task Completed
2026-07-23 15:45:11,R3CR70WD1KX,0,3399594,FAIL,App Closed
2026-07-23 15:45:22,R3CRB0WCGET,0,3399782,SUCCESS,Task Completed
2026-07-23 15:45:28,R5CR80DSS2W,0,3399817,SUCCESS,Task Completed
2026-07-23 15:45:33,R3CRA0EJ6SD,0,3399413,SUCCESS,Task Completed
2026-07-23 15:49:11,R5CR80ZNCXT,0,3399832,SUCCESS,Task Completed
2026-07-23 15:49:47,R3CRC0ZCD2Z,0,3401188,FAIL,ADDRESS_NOT_FOUND
2026-07-23 15:49:50,R3CRC0XSEHY,0,3399798,SUCCESS,Task Completed
2026-07-23 15:50:23,R3CR70JFWXJ,0,3399981,SUCCESS,Task Completed
2026-07-23 15:50:48,R3CR70JFWXJ,0,3401428,FAIL,Frida Crash (Connection lost)
2026-07-23 15:50:58,R5CR80ZPJ0Z,0,3400319,SUCCESS,Task Completed
2026-07-23 15:52:01,R3CRC0ZCD2Z,0,3401409,FAIL,NO_ROUTE_FOUND: 길찾기 결과가 없습니다.
2026-07-23 15:52:02,R5CRC3DZRQH,0,3400002,SUCCESS,Task Completed
2026-07-23 15:53:47,R3CRB0ATRRK,0,3400217,FAIL,MISSING_ARRIVAL_PACKETS
2026-07-23 15:54:27,R5CR80BKKQH,0,3400486,SUCCESS,Task Completed
2026-07-23 15:56:13,R3CRB0WCGET,0,3401049,SUCCESS,Task Completed
2026-07-23 15:56:17,R3CRC0XSEHY,0,3401405,SUCCESS,Task Completed
2026-07-23 15:56:50,R5CR80ZYL9K,0,3400432,SUCCESS,Task Completed
2026-07-23 15:57:08,R5CR80ZYL9K,0,3401913,FAIL,Frida Crash (Connection lost)
2026-07-23 15:57:14,R3CR90HEZDB,0,3401824,FAIL,NO_ROUTE_FOUND: 길찾기 결과가 없습니다.
2026-07-23 15:58:24,R3CR90CE67P,0,3400950,SUCCESS,Task Completed
2026-07-23 15:58:53,R5CRC2RDAFB,0,3400693,SUCCESS,Task Completed
2026-07-23 16:00:07,R5CR82FNMVX,0,3400874,SUCCESS,Task Completed
2026-07-23 16:00:41,R3CR90H1NCP,0,3400647,SUCCESS,Task Completed
2026-07-23 16:01:19,R5CR807XTKD,0,3401199,SUCCESS,Task Completed
2026-07-23 16:01:31,R3CR90GCB5L,0,3400843,SUCCESS,Task Completed
2026-07-23 16:03:22,R3CRA0GP5YP,0,3401279,FAIL,MISSING_ARRIVAL_PACKETS
2026-07-23 16:04:45,R3CR70WD1KX,0,3401020,FAIL,App Launch Timeout
2026-07-23 16:05:25,R3CRA0EJ6SD,0,3401037,SUCCESS,Task Completed
2026-07-23 16:05:31,R3CR70WD1KX,0,3402558,FAIL,App Launch Timeout
2026-07-23 16:06:11,R3CR90CCP1D,0,3401245,SUCCESS,Task Completed
2026-07-23 16:07:37,R5CR813E9AB,0,3402748,FAIL,App Closed
2026-07-23 16:07:41,R3CR70JFWXJ,0,3401609,SUCCESS,Task Completed
2026-07-23 16:08:14,R3CR70SZ0JJ,0,3401337,SUCCESS,Task Completed
2026-07-23 16:09:27,R5CR80ZNCXT,0,3401342,SUCCESS,Task Completed
2026-07-23 16:10:16,R5CR91SH8LM,0,3401499,SUCCESS,Task Completed
2026-07-23 16:10:53,R5CR80ZPJ0Z,0,3401472,SUCCESS,Task Completed
2026-07-23 16:11:24,R5CR80BKKQH,0,3401708,SUCCESS,Task Completed
2026-07-23 16:11:47,R5CR80ZNFTH,0,3401674,SUCCESS,Task Completed
2026-07-23 16:13:20,R3CRA0GP5YP,0,3402445,SUCCESS,Task Completed
2026-07-23 16:13:38,R3CRA09DW9E,0,3403190,FAIL,ADDRESS_NOT_FOUND
2026-07-23 16:14:45,R3CRC0ZCD2Z,0,3403201,FAIL,ADDRESS_NOT_FOUND
2026-07-23 16:16:15,R3CR90MAW4B,0,3403260,FAIL,ADDRESS_NOT_FOUND
2026-07-23 16:17:03,R5CR82CEZBN,0,3402003,SUCCESS,Task Completed
2026-07-23 16:17:24,R3CR70D3ECZ,0,3401963,SUCCESS,Task Completed
2026-07-23 16:17:47,R5CR804V9CT,0,3402502,FAIL,MISSING_ARRIVAL_PACKETS
2026-07-23 16:17:55,R5CR81QCVCK,0,3402140,SUCCESS,Task Completed
2026-07-23 16:18:24,R5CR802CTAL,0,3402189,SUCCESS,Task Completed
2026-07-23 16:19:10,R5CR80ZYL9K,0,3403720,FAIL,Frida Crash (Connection lost)
2026-07-23 16:19:46,R5CR807XTKD,0,3402275,SUCCESS,Task Completed
2026-07-23 16:21:23,R3CR70D3ECZ,0,3403612,SUCCESS,Task Completed
2026-07-23 16:21:42,R5CR80DSS2W,0,3402683,SUCCESS,Task Completed
2026-07-23 16:22:32,R3CRA0EJ6SD,0,3402594,FAIL,MISSING_ARRIVAL_PACKETS
2026-07-23 16:22:57,R3CR70JFWXJ,0,3402813,SUCCESS,Task Completed
2026-07-23 16:23:19,R5CR81QCVCK,0,3403657,SUCCESS,Task Completed
2026-07-23 16:24:09,R5CRC2RDAFB,0,3403798,SUCCESS,Task Completed
2026-07-23 16:24:11,R3CR70SZ0JJ,0,3402841,SUCCESS,Task Completed
2026-07-23 16:24:26,R5CR713T5WT,0,3402730,SUCCESS,Task Completed
2026-07-23 16:27:39,R5CR813E9AB,0,3402850,SUCCESS,Task Completed
2026-07-23 16:28:57,R5CR80ZPJ0Z,0,3403083,SUCCESS,Task Completed
2026-07-23 16:29:15,R3CR804583K,0,3402989,SUCCESS,Task Completed
2026-07-23 16:29:17,R3CR90GC5AP,0,3403137,SUCCESS,Task Completed
2026-07-23 16:31:57,R5CRC3DZRQH,0,3403302,SUCCESS,Task Completed
2026-07-23 16:32:06,R5CR802BBLB,0,3403348,SUCCESS,Task Completed
2026-07-23 16:32:35,R3CR80LSWGD,0,3403416,SUCCESS,Task Completed
2026-07-23 16:35:14,R5CR80BKKQH,0,3404808,SUCCESS,Task Completed
2026-07-23 16:35:39,R3CR80LSWGD,0,3404930,SUCCESS,Task Completed
2026-07-23 16:35:42,R3CRB0WCGET,0,3403542,SUCCESS,Task Completed
2026-07-23 16:36:10,R5CR82H78WT,0,3403587,SUCCESS,Task Completed
2026-07-23 16:36:24,R3CR90SJ6SW,0,3403514,SUCCESS,Task Completed
2026-07-23 16:36:49,R5CR818AW0R,0,3404053,SUCCESS,Task Completed
2026-07-23 16:37:04,R5CRA0TJHLK,0,3403669,SUCCESS,Task Completed
2026-07-23 16:37:08,R3CR90HEZDB,0,3403625,SUCCESS,Task Completed
2026-07-23 16:38:55,R5CR807XTKD,0,3403826,SUCCESS,Task Completed
2026-07-23 16:39:22,R3CR90GCB5L,0,3404010,SUCCESS,Task Completed
2026-07-23 16:39:28,R5CR80DSS2W,0,3404023,SUCCESS,Task Completed
2026-07-23 16:39:42,R3CR90SJ6SW,0,3405244,FAIL,NO_ROUTE_FOUND: 길찾기 결과가 없습니다.
2026-07-23 16:39:45,R5CR80ZYL9K,0,3403868,SUCCESS,Task Completed
2026-07-23 16:39:45,R5CR82FNMVX,0,3403887,SUCCESS,Task Completed
2026-07-23 16:40:12,R3CR80NVXJE,0,3404448,SUCCESS,Task Completed
2026-07-23 16:40:33,R5CRC2RDAFB,0,3404225,SUCCESS,Task Completed
2026-07-23 16:42:05,R5CR81QCVCK,0,3404151,SUCCESS,Task Completed
2026-07-23 16:43:44,R3CR70SZ0JJ,0,3404210,SUCCESS,Task Completed
2026-07-23 16:44:31,R5CR82NR07J,0,3404835,SUCCESS,Task Completed
2026-07-23 16:44:37,R3CR70WD1KX,0,3404411,SUCCESS,Task Completed
2026-07-23 16:45:33,R5CR81S2C2J,0,3405926,FAIL,Frida Crash (Connection lost)
2026-07-23 16:45:46,R3CR90GC5AP,0,3404620,SUCCESS,Task Completed
2026-07-23 16:45:47,R5CR80ZPJ0Z,0,3404580,SUCCESS,Task Completed
2026-07-23 16:46:03,R5CR81SQ8JJ,0,3404514,SUCCESS,Task Completed
2026-07-23 16:46:57,R5CR80ZNCXT,0,3404656,SUCCESS,Task Completed
2026-07-23 16:47:19,R5CR80ZPJ0Z,0,3406002,FAIL,ADDRESS_NOT_FOUND
2026-07-23 16:49:08,R5CR91SH8LM,0,3404717,SUCCESS,Task Completed
2026-07-23 16:49:20,R3CRC0RBEPP,0,3404737,SUCCESS,Task Completed
2026-07-23 16:50:16,R5CR80E53QP,0,3404950,SUCCESS,Task Completed
2026-07-23 16:50:20,R3CRC0ZCD2Z,0,3405106,SUCCESS,Task Completed
2026-07-23 16:51:03,R5CRC3DZRQH,0,3404850,SUCCESS,Task Completed
2026-07-23 16:53:04,R5CR919ZL9A,0,3405081,SUCCESS,Task Completed
2026-07-23 16:53:08,R3CR90MAW4B,0,3405234,SUCCESS,Task Completed
2026-07-23 16:53:41,R5CRA19WHAD,0,3404996,SUCCESS,Task Completed
2026-07-23 16:53:46,R5CR80BKKQH,0,3405128,SUCCESS,Task Completed
2026-07-23 16:54:01,R3CRC0XSEHY,0,3405304,SUCCESS,Task Completed
2026-07-23 16:55:02,R3CRB0WCGET,0,3405191,SUCCESS,Task Completed
2026-07-23 16:55:33,R5CR818AW0R,0,3405255,SUCCESS,Task Completed
2026-07-23 16:56:50,R5CR82CEZBN,0,3405313,SUCCESS,Task Completed
2026-07-23 16:56:52,R3CR80NVXJE,0,3405591,SUCCESS,Task Completed
2026-07-23 16:57:11,R3CR80LSWGD,0,3406835,FAIL,ADDRESS_NOT_FOUND
2026-07-23 16:57:34,R3CR8045YWN,0,3405343,SUCCESS,Task Completed
2026-07-23 16:58:16,R5CR804V9CT,0,3405375,SUCCESS,Task Completed
2026-07-23 16:58:24,R5CR81QCVCK,0,3405683,SUCCESS,Task Completed
2026-07-23 16:58:28,R5CR80ZYL9K,0,3405540,SUCCESS,Task Completed
2026-07-23 16:58:58,R3CR70D3ECZ,0,3405637,SUCCESS,Task Completed
2026-07-23 16:59:34,R3CR90SJ6SW,0,3405527,SUCCESS,Task Completed
2026-07-23 16:59:40,R5CR713T5WT,0,3405906,FAIL,MISSING_ARRIVAL_PACKETS
2026-07-23 16:59:43,R5CR80DSS2W,0,3405481,SUCCESS,Task Completed
2026-07-23 17:01:11,R3CR90GC5AP,0,3405987,SUCCESS,Task Completed
2026-07-23 17:01:21,R3CR70WD1KX,0,3405901,SUCCESS,Task Completed
2026-07-23 17:01:49,R5CR82NR07J,0,3405883,SUCCESS,Task Completed
2026-07-23 17:03:01,R5CR81S2C2J,0,3406066,SUCCESS,Task Completed
2026-07-23 17:03:39,R3CR70SZ0JJ,0,3405820,SUCCESS,Task Completed
2026-07-23 17:03:52,R5CR813E9AB,0,3406147,SUCCESS,Task Completed
2026-07-23 17:05:30,R3CR90CE67P,0,3407192,SUCCESS,Task Completed
2026-07-23 17:07:05,R5CRC3DZRQH,0,3406396,SUCCESS,Task Completed
2026-07-23 17:07:05,R5CR91SH8LM,0,3406240,SUCCESS,Task Completed
2026-07-23 17:07:10,R5CR80ZPJ0Z,0,3406111,SUCCESS,Task Completed
2026-07-23 17:08:36,R3CR90MAW4B,0,3406581,SUCCESS,Task Completed
2026-07-23 17:09:13,R3CRC0RBEPP,0,3406274,SUCCESS,Task Completed
2026-07-23 17:09:18,R5CR804V9CT,0,3407025,FAIL,MISSING_ARRIVAL_PACKETS
2026-07-23 17:09:34,R3CRA0GP5YP,0,3406635,SUCCESS,Task Completed
2026-07-23 17:10:43,R5CR80BKKQH,0,3406645,SUCCESS,Task Completed
2026-07-23 17:11:29,R5CR919ZL9A,0,3406608,SUCCESS,Task Completed
2026-07-23 17:11:33,R3CR90HEZDB,0,3406994,SUCCESS,Task Completed
2026-07-23 17:11:37,R5CRA19WHAD,0,3406656,SUCCESS,Task Completed
2026-07-23 17:14:21,R3CR70JFWXJ,0,3407476,SUCCESS,Task Completed
2026-07-23 17:15:04,R3CR90GCB5L,0,3407122,SUCCESS,Task Completed
2026-07-23 17:15:23,R5CR82H78WT,0,3406855,SUCCESS,Task Completed
2026-07-23 17:15:44,R3CRA09DW9E,0,3408441,FAIL,ADDRESS_NOT_FOUND
2026-07-23 17:15:55,R5CR818AW0R,0,3406797,SUCCESS,Task Completed
2026-07-23 17:15:58,R5CR82H78WT,0,3408532,FAIL,Frida Crash (Connection lost)
2026-07-23 17:16:07,R5CR80ZYL9K,0,3407055,SUCCESS,Task Completed
2026-07-23 17:16:51,R3CRC0XSEHY,0,3408472,FAIL,ADDRESS_NOT_FOUND
2026-07-23 17:17:04,R5CRA0PW01W,0,3408315,SUCCESS,Task Completed
2026-07-23 17:17:15,R3CR80LSWGD,0,3406932,SUCCESS,Task Completed
2026-07-23 17:17:26,R3CR8045YWN,0,3406975,SUCCESS,Task Completed
2026-07-23 17:18:17,R3CR70D3ECZ,0,3407081,SUCCESS,Task Completed
2026-07-23 17:18:22,R3CRA0EJ6SD,0,3407414,SUCCESS,Task Completed
2026-07-23 17:19:02,R5CR713T5WT,0,3407146,SUCCESS,Task Completed
2026-07-23 17:19:03,R5CR802BBLB,0,3408258,SUCCESS,Task Completed
2026-07-23 17:20:18,R5CRC2RDAFB,0,3407241,SUCCESS,Task Completed
2026-07-23 17:20:38,R5CR9336DSB,0,3407204,SUCCESS,Task Completed
2026-07-23 17:21:34,R5CR80ZNCXT,0,3407784,SUCCESS,Task Completed
2026-07-23 17:21:43,R5CR802BBLB,0,3408834,FAIL,ADDRESS_NOT_FOUND
2026-07-23 17:22:32,R5CR802BBLB,0,3409070,FAIL,NETWORK_TIMEOUT
2026-07-23 17:23:42,R3CR804583K,0,3407999,SUCCESS,Task Completed
2026-07-23 17:24:19,R5CR91SH8LM,0,3407802,SUCCESS,Task Completed
2026-07-23 17:25:33,R3CR90CE67P,0,3407640,SUCCESS,Task Completed
2026-07-23 17:25:48,R5CR8153KWN,0,3407923,SUCCESS,Task Completed
2026-07-23 17:26:35,R3CR90HEZDB,0,3408215,FAIL,MISSING_ARRIVAL_PACKETS
2026-07-23 17:28:26,R3CRA0GP5YP,0,3408013,SUCCESS,Task Completed
2026-07-23 17:29:57,R3CRB0WCGET,0,3408520,SUCCESS,Task Completed
2026-07-23 17:30:00,R5CR804V9CT,0,3409732,FAIL,Frida Crash (Connection lost)
2026-07-23 17:30:02,R3CRB0PZGDR,0,3409643,FAIL,ADDRESS_NOT_FOUND
2026-07-23 17:30:30,R3CRA0GP5YP,0,3409634,FAIL,ADDRESS_NOT_FOUND
2026-07-23 17:32:10,R3CRB0PZGDR,0,3409770,FAIL,NO_ROUTE_FOUND: 길찾기 결과가 없습니다.
2026-07-23 17:32:30,R5CR80ZNFTH,0,3408293,SUCCESS,Task Completed
2026-07-23 17:33:04,R3CR70JFWXJ,0,3408431,SUCCESS,Task Completed
2026-07-23 17:33:36,R3CR80NVXJE,0,3408683,SUCCESS,Task Completed
2026-07-23 17:34:33,R3CRA0EJ6SD,0,3408771,FAIL,MISSING_ARRIVAL_PACKETS
2026-07-23 17:34:53,R3CR90SJ6SW,0,3408891,FAIL,MISSING_ARRIVAL_PACKETS
2026-07-23 17:35:10,R3CR90SJ6SW,0,3410204,FAIL,Frida Crash (Connection lost)
2026-07-23 17:36:02,R3CR80LSWGD,0,3408667,SUCCESS,Task Completed
2026-07-23 17:36:56,R5CR807XTKD,0,3408916,SUCCESS,Task Completed
2026-07-23 17:37:24,R5CR82H78WT,0,3408706,SUCCESS,Task Completed
2026-07-23 17:39:15,R3CR70WD1KX,0,3409046,SUCCESS,Task Completed
2026-07-23 17:39:19,R5CRC2RDAFB,0,3408940,SUCCESS,Task Completed
2026-07-23 17:39:23,R5CR82FNMVX,0,3409010,SUCCESS,Task Completed
2026-07-23 17:40:20,R5CR9336DSB,0,3408975,SUCCESS,Task Completed
2026-07-23 17:41:28,R3CR90H1NCP,0,3409115,SUCCESS,Task Completed
2026-07-23 17:41:43,R5CR80ZNCXT,0,3409084,SUCCESS,Task Completed
2026-07-23 17:41:49,R3CR90H1NCP,0,3410728,FAIL,Frida Crash (Connection lost)
2026-07-23 17:42:22,R5CR818AW0R,0,3410367,SUCCESS,Task Completed
2026-07-23 17:42:32,R5CR8153KWN,0,3409406,SUCCESS,Task Completed
2026-07-23 17:43:48,R3CR804583K,0,3409244,SUCCESS,Task Completed
2026-07-23 17:44:45,R3CR90CE67P,0,3409395,FAIL,MISSING_ARRIVAL_PACKETS
2026-07-23 17:45:01,R3CR90HEZDB,0,3409470,SUCCESS,Task Completed
2026-07-23 17:46:56,R3CR90GC5AP,0,3410758,SUCCESS,Task Completed
2026-07-23 17:47:16,R5CRC3DZRQH,0,3409574,SUCCESS,Task Completed
2026-07-23 17:47:58,R3CR70JFWXJ,0,3410059,SUCCESS,Task Completed
2026-07-23 17:48:13,R3CRC0RBEPP,0,3409710,SUCCESS,Task Completed
2026-07-23 17:49:30,R3CRB0WCGET,0,3409789,SUCCESS,Task Completed
2026-07-23 17:49:56,R3CRB0WCGET,0,3411401,FAIL,Frida Crash (Connection lost)
2026-07-23 17:50:49,R3CR90SJ6SW,0,3410338,SUCCESS,Task Completed
2026-07-23 17:51:27,R5CR919ZL9A,0,3409937,SUCCESS,Task Completed
2026-07-23 17:52:25,R5CR802CTAL,0,3410612,SUCCESS,Task Completed
2026-07-23 17:53:49,R5CR9336DSB,0,3410646,FAIL,MISSING_ARRIVAL_PACKETS
2026-07-23 17:54:08,R5CR82H78WT,0,3410425,FAIL,MISSING_ARRIVAL_PACKETS
2026-07-23 17:54:34,R5CR804V9CT,0,3411546,FAIL,ADDRESS_NOT_FOUND
2026-07-23 17:54:42,R5CRA0PW01W,0,3410434,SUCCESS,Task Completed
2026-07-23 17:54:50,R5CR81S2C2J,0,3410909,SUCCESS,Task Completed
2026-07-23 17:55:08,R3CR70D3ECZ,0,3410513,SUCCESS,Task Completed
2026-07-23 17:55:52,R3CR70D3ECZ,0,3411881,FAIL,Frida Crash (Connection lost)
2026-07-23 17:55:57,R3CR8045YWN,0,3410477,SUCCESS,Task Completed
2026-07-23 17:56:33,R5CRC2RDAFB,0,3410590,FAIL,MISSING_ARRIVAL_PACKETS
2026-07-23 17:56:33,R5CR818AW0R,0,3410806,SUCCESS,Task Completed
2026-07-23 17:56:59,R5CR818AW0R,0,3411976,FAIL,Frida Crash (Connection lost)
2026-07-23 17:57:19,R5CR82CEZBN,0,3410453,SUCCESS,Task Completed
2026-07-23 17:57:23,R5CR81QCVCK,0,3410529,SUCCESS,Task Completed
2026-07-23 17:58:08,R3CR70WD1KX,0,3410548,SUCCESS,Task Completed
2026-07-23 17:58:18,R5CR713T5WT,0,3410560,SUCCESS,Task Completed
2026-07-23 17:59:35,R3CR804583K,0,3410938,SUCCESS,Task Completed
2026-07-23 18:00:49,R3CRB0ATRRK,0,3411908,SUCCESS,Task Completed
2026-07-23 18:00:50,R5CR802BBLB,0,3411127,FAIL,MISSING_ARRIVAL_PACKETS
2026-07-23 18:00:53,R5CR80DSS2W,0,3412292,FAIL,Frida Crash (Connection lost)
2026-07-23 18:02:00,R3CRB0ATRRK,0,3412319,FAIL,ADDRESS_NOT_FOUND
2026-07-23 18:02:28,R3CR90CE67P,0,3411028,SUCCESS,Task Completed
2026-07-23 18:03:29,R3CRC0RBEPP,0,3411310,FAIL,MISSING_ARRIVAL_PACKETS
2026-07-23 18:03:36,R3CR90CCP1D,0,3411204,SUCCESS,Task Completed
2026-07-23 18:03:41,R3CR90GCB5L,0,3411894,SUCCESS,Task Completed
2026-07-23 18:03:53,R3CRB0WCGET,0,3411505,SUCCESS,Task Completed
2026-07-23 18:04:08,R3CR70SZ0JJ,0,3410974,SUCCESS,Task Completed
2026-07-23 18:04:08,R5CR91SH8LM,0,3411008,SUCCESS,Task Completed
2026-07-23 18:05:06,R5CR919ZL9A,0,3411570,SUCCESS,Task Completed
2026-07-23 18:06:07,R3CR90GC5AP,0,3411215,SUCCESS,Task Completed
2026-07-23 18:06:16,R5CRC3DZRQH,0,3411226,SUCCESS,Task Completed
2026-07-23 18:06:59,R5CRA19WHAD,0,3411769,SUCCESS,Task Completed
2026-07-23 18:07:13,R3CR70WD1KX,0,3412125,SUCCESS,Task Completed
2026-07-23 18:07:38,R5CR81S2C2J,0,3411840,SUCCESS,Task Completed
2026-07-23 18:07:44,R5CR80ZPJ0Z,0,3411258,SUCCESS,Task Completed
2026-07-23 18:08:16,R3CR90SJ6SW,0,3411486,SUCCESS,Task Completed
2026-07-23 18:08:24,R3CR70D3ECZ,0,3412022,SUCCESS,Task Completed
2026-07-23 18:09:24,R5CR80E53QP,0,3411603,SUCCESS,Task Completed
2026-07-23 18:09:51,R5CR82H78WT,0,3411798,SUCCESS,Task Completed
2026-07-23 18:10:16,R3CR8045YWN,0,3411929,SUCCESS,Task Completed
2026-07-23 18:10:24,R3CRC0XSEHY,0,3412085,SUCCESS,Task Completed
2026-07-23 18:10:59,R3CRA09DW9E,0,3411963,SUCCESS,Task Completed
2026-07-23 18:11:31,R5CR80BKKQH,0,3411558,SUCCESS,Task Completed
2026-07-23 18:11:34,R5CR81QCVCK,0,3412044,SUCCESS,Task Completed
2026-07-23 18:14:09,R5CRA0PW01W,0,3411854,SUCCESS,Task Completed
2026-07-23 18:15:24,R3CR804583K,0,3412212,SUCCESS,Task Completed
2026-07-23 18:15:47,R5CRC2RDAFB,0,3411991,SUCCESS,Task Completed
2026-07-23 18:15:55,R3CR80LSWGD,0,3411952,SUCCESS,Task Completed
2026-07-23 18:17:19,R3CR90H1NCP,0,3412564,SUCCESS,Task Completed
2026-07-23 18:17:20,R5CR81PA2GT,0,3412040,SUCCESS,Task Completed
2026-07-23 18:19:01,R5CRA0TJHLK,0,3412167,SUCCESS,Task Completed
2026-07-23 18:19:23,R5CR8153KWN,0,3412511,SUCCESS,Task Completed
2026-07-23 18:20:28,R3CR90GC5AP,0,3412801,SUCCESS,Task Completed
2026-07-23 18:20:40,R3CRB0ATRRK,0,3412409,FAIL,MISSING_ARRIVAL_PACKETS
2026-07-23 18:22:09,R5CR813E9AB,0,3412667,SUCCESS,Task Completed
2026-07-23 18:22:18,R3CR90CCP1D,0,3412591,SUCCESS,Task Completed
2026-07-23 18:22:32,R5CRC3DZRQH,0,3412812,SUCCESS,Task Completed
2026-07-23 18:23:06,R5CR82NR07J,0,3412526,SUCCESS,Task Completed
2026-07-23 18:23:13,R3CRB0PZGDR,0,3413349,SUCCESS,Task Completed
2026-07-23 18:23:28,R3CR70WD1KX,0,3412902,SUCCESS,Task Completed
2026-07-23 18:23:33,R3CR70SZ0JJ,0,3412655,SUCCESS,Task Completed
2026-07-23 18:24:12,R5CR802VA4D,0,3413496,SUCCESS,Task Completed
2026-07-23 18:26:21,R3CR70WD7NA,0,3413173,FAIL,MISSING_ARRIVAL_PACKETS
2026-07-23 18:26:50,R5CRA19WHAD,0,3412887,SUCCESS,Task Completed
2026-07-23 18:27:34,R5CR80E53QP,0,3413088,SUCCESS,Task Completed
2026-07-23 18:28:11,R5CR81S2C2J,0,3414539,FAIL,Frida Crash (Connection lost)
2026-07-23 18:28:25,R3CR80NVXJE,0,3413440,SUCCESS,Task Completed
2026-07-23 18:28:44,R5CRA0TJHLK,0,3413879,SUCCESS,Task Completed
2026-07-23 18:29:16,R5CR804V9CT,0,3413555,SUCCESS,Task Completed
2026-07-23 18:30:04,R3CRC0ZCD2Z,0,3413280,SUCCESS,Task Completed
2026-07-23 18:30:11,R3CR8045YWN,0,3413150,SUCCESS,Task Completed
2026-07-23 18:30:18,R3CRC0XSEHY,0,3413158,SUCCESS,Task Completed
2026-07-23 18:30:49,R5CR80BKKQH,0,3413244,SUCCESS,Task Completed
2026-07-23 18:31:10,R5CR80BKKQH,0,3414784,FAIL,Frida Crash (Connection lost)
2026-07-23 18:31:57,R5CRA0PW01W,0,3413473,SUCCESS,Task Completed
2026-07-23 18:32:04,R5CR80ZYL9K,0,3413732,SUCCESS,Task Completed
2026-07-23 18:32:15,R3CR90H1NCP,0,3413726,SUCCESS,Task Completed
2026-07-23 18:32:24,R5CR80ZYL9K,0,3414867,FAIL,Frida Crash (Connection lost)
2026-07-23 18:36:24,R5CR82CEZBN,0,3413772,SUCCESS,Task Completed
2026-07-23 18:37:02,R5CR80DSS2W,0,3414091,SUCCESS,Task Completed
2026-07-23 18:37:17,R5CR713T5WT,0,3413830,SUCCESS,Task Completed
2026-07-23 18:37:44,R5CR807XTKD,0,3413800,SUCCESS,Task Completed
2026-07-23 18:37:56,R5CR818AW0R,0,3413862,SUCCESS,Task Completed
2026-07-23 18:38:42,R5CR80ZNCXT,0,3414131,SUCCESS,Task Completed
2026-07-23 18:39:27,R5CR8153KWN,0,3413896,SUCCESS,Task Completed
2026-07-23 18:40:11,R3CR70SZ0JJ,0,3414219,SUCCESS,Task Completed
2026-07-23 18:40:20,R5CR813E9AB,0,3414098,SUCCESS,Task Completed
2026-07-23 18:40:57,R5CR802BBLB,0,3414018,SUCCESS,Task Completed
2026-07-23 18:41:03,R3CR90CCP1D,0,3414121,SUCCESS,Task Completed
2026-07-23 18:41:25,R3CRB0PZGDR,0,3414175,SUCCESS,Task Completed
2026-07-23 18:41:48,R3CR90CE67P,0,3414160,SUCCESS,Task Completed
2026-07-23 18:42:03,R3CRB0PZGDR,0,3415618,FAIL,Frida Crash (Connection lost)
2026-07-23 18:42:08,R5CR802VA4D,0,3414254,SUCCESS,Task Completed
2026-07-23 18:44:09,R3CRB0WCGET,0,3414297,FAIL,MISSING_ARRIVAL_PACKETS
2026-07-23 18:44:14,R5CR80E53QP,0,3414517,SUCCESS,Task Completed
2026-07-23 18:45:43,R5CR81SQ8JJ,0,3414462,SUCCESS,Task Completed
2026-07-23 18:46:15,R3CR90SJ6SW,0,3414608,SUCCESS,Task Completed
2026-07-23 18:46:32,R5CRA19WHAD,0,3414475,SUCCESS,Task Completed
2026-07-23 18:46:58,R5CR804V9CT,0,3414654,SUCCESS,Task Completed
2026-07-23 18:48:33,R3CR90H1NCP,0,3414901,SUCCESS,Task Completed
2026-07-23 18:48:53,R5CR81QCVCK,0,3414846,SUCCESS,Task Completed
2026-07-23 18:49:00,R5CR802CTAL,0,3414975,FAIL,MISSING_ARRIVAL_PACKETS
2026-07-23 18:49:27,R3CR8045YWN,0,3414747,SUCCESS,Task Completed
2026-07-23 18:49:35,R3CR70D3ECZ,0,3416192,FAIL,Frida Crash (Connection lost)
2026-07-23 18:49:40,R3CRC0ZCD2Z,0,3414712,SUCCESS,Task Completed
2026-07-23 18:49:50,R3CR804583K,0,3415148,SUCCESS,Task Completed
2026-07-23 18:50:42,R5CR9336DSB,0,3415044,SUCCESS,Task Completed
2026-07-23 18:50:51,R3CRA09DW9E,0,3414804,SUCCESS,Task Completed
2026-07-23 18:51:17,R5CR80BKKQH,0,3414908,SUCCESS,Task Completed
2026-07-23 18:51:18,R5CR713T5WT,0,3415271,FAIL,MISSING_ARRIVAL_PACKETS
2026-07-23 18:53:52,R5CR807XTKD,0,3415300,SUCCESS,Task Completed
2026-07-23 18:53:57,R3CRA0EJ6SD,0,3415103,SUCCESS,Task Completed
2026-07-23 18:56:02,R5CR802BBLB,0,3415569,SUCCESS,Task Completed
2026-07-23 18:56:08,R5CR80DSS2W,0,3415245,SUCCESS,Task Completed
2026-07-23 18:56:26,R3CR90CE67P,0,3415649,SUCCESS,Task Completed
2026-07-23 18:56:47,R5CR82FNMVX,0,3415483,SUCCESS,Task Completed
2026-07-23 18:57:10,R3CRC0RBEPP,0,3415834,FAIL,MISSING_ARRIVAL_PACKETS
2026-07-23 18:58:06,R3CR90HEZDB,0,3415919,SUCCESS,Task Completed
2026-07-23 18:58:24,R5CR80ZYL9K,0,3416606,FAIL,POI_ARRIVAL_NOT_FOUND
2026-07-23 18:58:44,R5CR807XTKD,0,3416596,SUCCESS,Task Completed
2026-07-23 18:58:56,R3CR70SZ0JJ,0,3415515,SUCCESS,Task Completed
2026-07-23 18:59:18,R5CR813E9AB,0,3415525,FAIL,MISSING_ARRIVAL_PACKETS
2026-07-23 19:00:30,R3CR90CCP1D,0,3415609,SUCCESS,Task Completed
2026-07-23 19:01:43,R5CRC2RDAFB,0,3416754,SUCCESS,Task Completed
2026-07-23 19:01:48,R3CRB0PZGDR,0,3415725,SUCCESS,Task Completed
2026-07-23 19:02:32,R3CR90H1NCP,0,3416169,SUCCESS,Task Completed
2026-07-23 19:03:25,R5CR80ZNFTH,0,3416549,FAIL,MISSING_ARRIVAL_PACKETS
2026-07-23 19:03:49,R3CRB0WCGET,0,3415828,SUCCESS,Task Completed
2026-07-23 19:03:49,R3CR8045YWN,0,3416260,SUCCESS,Task Completed
2026-07-23 19:04:02,R5CR80E53QP,0,3415842,SUCCESS,Task Completed
2026-07-23 19:04:12,R3CR8045YWN,0,3417354,FAIL,App Closed
2026-07-23 19:05:10,R5CR8153KWN,0,3417019,FAIL,ADDRESS_NOT_FOUND
2026-07-23 19:05:42,R5CR804V9CT,0,3416041,SUCCESS,Task Completed
2026-07-23 19:05:42,R3CRB0PZGDR,0,3417192,SUCCESS,Task Completed
2026-07-23 19:05:50,R3CR70JFWXJ,0,3416158,SUCCESS,Task Completed
2026-07-23 19:06:16,R3CR70D3ECZ,0,3416337,SUCCESS,Task Completed
2026-07-23 19:07:06,R5CR81QCVCK,0,3416176,SUCCESS,Task Completed
2026-07-23 19:07:16,R5CRA19WHAD,0,3416020,SUCCESS,Task Completed
2026-07-23 19:07:18,R3CRB0PZGDR,0,3417517,FAIL,GUIDANCE_NOT_FOUND
2026-07-23 19:07:37,R5CRA0TJHLK,0,3416230,SUCCESS,Task Completed
2026-07-23 19:09:48,R5CR81S2C2J,0,3416309,SUCCESS,Task Completed
2026-07-23 19:10:05,R5CRA0PW01W,0,3416445,SUCCESS,Task Completed
2026-07-23 19:10:54,R3CRA09DW9E,0,3416349,SUCCESS,Task Completed
2026-07-23 19:12:45,R3CRA0EJ6SD,0,3416583,SUCCESS,Task Completed
2026-07-23 19:13:10,R3CR80NVXJE,0,3417797,SUCCESS,Task Completed
2026-07-23 19:13:13,R3CR90CE67P,0,3416787,SUCCESS,Task Completed
2026-07-23 19:13:39,R5CR80DSS2W,0,3416741,SUCCESS,Task Completed
2026-07-23 19:14:35,R3CR90HEZDB,0,3416905,FAIL,MISSING_ARRIVAL_PACKETS
2026-07-23 19:16:09,R3CR80LSWGD,0,3416777,SUCCESS,Task Completed
2026-07-23 19:16:24,R5CR81PA2GT,0,3416886,SUCCESS,Task Completed
2026-07-23 19:17:36,R5CR80ZNCXT,0,3416976,SUCCESS,Task Completed
2026-07-23 19:18:55,R3CR90CCP1D,0,3417095,SUCCESS,Task Completed
2026-07-23 19:19:21,R5CR807XTKD,0,3416968,SUCCESS,Task Completed
2026-07-23 19:19:28,R5CR82NR07J,0,3417375,SUCCESS,Task Completed
2026-07-23 19:19:36,R5CR80DSS2W,0,3418150,SUCCESS,Task Completed
2026-07-23 19:19:37,R3CR90GC5AP,0,3417127,SUCCESS,Task Completed
2026-07-23 19:19:50,R3CRB0ATRRK,0,3417155,SUCCESS,Task Completed
2026-07-23 19:19:54,R3CR70WD1KX,0,3417399,SUCCESS,Task Completed
2026-07-23 19:20:24,R5CR802VA4D,0,3417241,SUCCESS,Task Completed
2026-07-23 19:20:28,R5CR91SH8LM,0,3417479,SUCCESS,Task Completed
2026-07-23 19:21:34,R5CR919ZL9A,0,3417549,SUCCESS,Task Completed
2026-07-23 19:21:45,R3CR70WD1KX,0,3418645,FAIL,ADDRESS_NOT_FOUND
2026-07-23 19:22:23,R3CR70WD1KX,0,3418758,FAIL,Frida Crash (Connection lost)
2026-07-23 19:23:20,R5CRC3DZRQH,0,3417322,SUCCESS,Task Completed
2026-07-23 19:23:42,R5CR8153KWN,0,3417448,SUCCESS,Task Completed
2026-07-23 19:23:55,R5CR80DSS2W,0,3418613,SUCCESS,Task Completed
2026-07-23 19:24:03,R3CRB0WCGET,0,3417364,SUCCESS,Task Completed
2026-07-23 19:24:26,R3CR8045YWN,0,3417502,SUCCESS,Task Completed
2026-07-23 19:24:33,R5CR82H78WT,0,3418017,SUCCESS,Task Completed
2026-07-23 19:25:12,R5CR804V9CT,0,3417530,SUCCESS,Task Completed
2026-07-23 19:25:16,R3CR804583K,0,3417856,SUCCESS,Task Completed
2026-07-23 19:25:19,R3CR90SJ6SW,0,3417589,SUCCESS,Task Completed
2026-07-23 19:26:34,R3CRA0GP5YP,0,3418032,SUCCESS,Task Completed
2026-07-23 19:27:02,R5CR804V9CT,0,3419073,FAIL,ADDRESS_NOT_FOUND
2026-07-23 19:27:06,R5CR80ZPJ0Z,0,3417715,SUCCESS,Task Completed
2026-07-23 19:27:34,R3CRC0XSEHY,0,3417972,SUCCESS,Task Completed
2026-07-23 19:27:48,R3CRC0ZCD2Z,0,3417911,SUCCESS,Task Completed
2026-07-23 19:28:06,R5CR9336DSB,0,3417955,SUCCESS,Task Completed
2026-07-23 19:28:38,R3CR70WD1KX,0,3418885,SUCCESS,Task Completed
2026-07-23 19:29:03,R5CR802CTAL,0,3417811,SUCCESS,Task Completed
2026-07-23 19:29:38,R5CRA0PW01W,0,3417868,SUCCESS,Task Completed
2026-07-23 19:29:58,R5CR80E53QP,0,3418980,SUCCESS,Task Completed
2026-07-23 19:32:17,R3CR90HEZDB,0,3418211,SUCCESS,Task Completed
2026-07-23 19:32:35,R5CR802BBLB,0,3418334,SUCCESS,Task Completed
2026-07-23 19:33:18,R3CR90GC5AP,0,3418591,SUCCESS,Task Completed
2026-07-23 19:33:19,R3CR90CE67P,0,3418120,SUCCESS,Task Completed
2026-07-23 19:33:29,R3CR80LSWGD,0,3418322,SUCCESS,Task Completed
2026-07-23 19:34:46,R5CR82CEZBN,0,3418395,SUCCESS,Task Completed
2026-07-23 19:35:24,R5CR807XTKD,0,3418549,SUCCESS,Task Completed
2026-07-23 19:36:51,R3CR90CCP1D,0,3418538,SUCCESS,Task Completed
2026-07-23 19:37:18,R5CR919ZL9A,0,3418728,SUCCESS,Task Completed
2026-07-23 19:37:19,R3CR80LSWGD,0,3419726,SUCCESS,Task Completed
2026-07-23 19:37:55,R3CRC0RBEPP,0,3418428,SUCCESS,Task Completed
2026-07-23 19:38:47,R3CR804583K,0,3419026,SUCCESS,Task Completed
2026-07-23 19:38:50,R5CR802VA4D,0,3418659,SUCCESS,Task Completed
2026-07-23 19:39:04,R5CR807XTKD,0,3419841,SUCCESS,Task Completed
2026-07-23 19:39:21,R3CR70SZ0JJ,0,3418525,SUCCESS,Task Completed
2026-07-23 19:40:55,R5CR807XTKD,0,3420170,FAIL,ADDRESS_NOT_FOUND
2026-07-23 19:41:09,R3CR70WD7NA,0,3419163,SUCCESS,Task Completed
2026-07-23 19:41:43,R3CRB0WCGET,0,3418952,SUCCESS,Task Completed
2026-07-23 19:41:48,R3CR90GCB5L,0,3419047,SUCCESS,Task Completed
2026-07-23 19:41:53,R3CR90H1NCP,0,3418845,FAIL,MISSING_ARRIVAL_PACKETS
2026-07-23 19:41:59,R3CR70D3ECZ,0,3419134,SUCCESS,Task Completed
2026-07-23 19:42:33,R5CR80DSS2W,0,3418964,SUCCESS,Task Completed
2026-07-23 19:43:36,R5CR80ZNFTH,0,3418904,SUCCESS,Task Completed
2026-07-23 19:43:59,R3CR70JFWXJ,0,3419082,SUCCESS,Task Completed
2026-07-23 19:44:36,R3CR70WD1KX,0,3419329,SUCCESS,Task Completed
2026-07-23 19:44:55,R3CRC0XSEHY,0,3419245,SUCCESS,Task Completed
2026-07-23 19:45:19,R3CR90MAW4B,0,3419446,SUCCESS,Task Completed
2026-07-23 19:45:24,R5CR9336DSB,0,3419294,SUCCESS,Task Completed
2026-07-23 19:47:36,R5CR81SQ8JJ,0,3419279,SUCCESS,Task Completed
2026-07-23 19:47:48,R3CRC0ZCD2Z,0,3419260,SUCCESS,Task Completed
2026-07-23 19:47:58,R5CR80E53QP,0,3419416,SUCCESS,Task Completed
2026-07-23 19:48:00,R3CRA0EJ6SD,0,3419650,SUCCESS,Task Completed
2026-07-23 19:48:39,R5CRA0PW01W,0,3419375,SUCCESS,Task Completed
2026-07-23 19:49:38,R5CR80ZNCXT,0,3420094,SUCCESS,Task Completed
2026-07-23 19:49:45,R5CR80E53QP,0,3420857,FAIL,ADDRESS_NOT_FOUND
2026-07-23 19:50:06,R5CR715VSTX,0,3419737,SUCCESS,Task Completed
2026-07-23 19:51:06,R3CR80NVXJE,0,3419673,SUCCESS,Task Completed
2026-07-23 19:52:13,R3CR90HEZDB,0,3419591,SUCCESS,Task Completed
2026-07-23 19:53:43,R3CR90CCP1D,0,3419996,SUCCESS,Task Completed
2026-07-23 19:53:47,R5CR80ZNCXT,0,3420967,SUCCESS,Task Completed
2026-07-23 19:56:35,R5CR802VA4D,0,3420155,SUCCESS,Task Completed
2026-07-23 19:56:48,R3CR90GCB5L,0,3420360,SUCCESS,Task Completed
2026-07-23 19:57:01,R3CR804583K,0,3420146,SUCCESS,Task Completed
2026-07-23 19:57:07,R5CR813E9AB,0,3420252,SUCCESS,Task Completed
2026-07-23 19:57:12,R5CR818AW0R,0,3420124,SUCCESS,Task Completed
2026-07-23 19:57:50,R3CR80LSWGD,0,3420022,SUCCESS,Task Completed
2026-07-23 19:58:08,R5CR807XTKD,0,3420294,SUCCESS,Task Completed
2026-07-23 19:58:33,R5CRC2RDAFB,0,3420439,SUCCESS,Task Completed
2026-07-23 19:58:37,R3CR90H1NCP,0,3420374,SUCCESS,Task Completed
2026-07-23 19:59:18,R3CR90H1NCP,0,3421706,FAIL,Frida Crash (Connection lost)
2026-07-23 19:59:46,R3CRC0XSEHY,0,3420587,SUCCESS,Task Completed
2026-07-23 20:00:11,R5CR91SH8LM,0,3420302,SUCCESS,Task Completed
2026-07-23 20:00:15,R3CRB0ATRRK,0,3420227,SUCCESS,Task Completed
2026-07-23 20:00:33,R5CRC3DZRQH,0,3420484,SUCCESS,Task Completed
2026-07-23 20:00:39,R3CRA0EJ6SD,0,3420823,SUCCESS,Task Completed
2026-07-23 20:00:46,R3CRB0WCGET,0,3420380,SUCCESS,Task Completed
2026-07-23 20:01:14,R5CRC3DZRQH,0,3421825,FAIL,Frida Crash (Connection lost)
2026-07-23 20:01:20,R3CR70WD7NA,0,3420320,SUCCESS,Task Completed
2026-07-23 20:01:27,R3CR70D3ECZ,0,3420420,SUCCESS,Task Completed
2026-07-23 20:02:30,R3CR90MAW4B,0,3420637,SUCCESS,Task Completed
2026-07-23 20:02:31,R5CR80DSS2W,0,3420432,SUCCESS,Task Completed
2026-07-23 20:02:48,R5CR804V9CT,0,3420784,SUCCESS,Task Completed
2026-07-23 20:03:13,R5CR82H78WT,0,3420599,SUCCESS,Task Completed
2026-07-23 20:03:49,R3CR8045YWN,0,3420629,SUCCESS,Task Completed
2026-07-23 20:05:29,R3CR80NVXJE,0,3421074,SUCCESS,Task Completed
2026-07-23 20:06:09,R5CR82CEZBN,0,3421382,FAIL,MISSING_ARRIVAL_PACKETS
2026-07-23 20:08:36,R3CR70WD1KX,0,3422145,SUCCESS,Task Completed
2026-07-23 20:08:39,R5CR802CTAL,0,3420945,SUCCESS,Task Completed
2026-07-23 20:08:53,R5CRA0PW01W,0,3420880,SUCCESS,Task Completed
2026-07-23 20:11:02,R5CR80BKKQH,0,3421164,SUCCESS,Task Completed
2026-07-23 20:14:17,R5CR91SH8LM,0,3421816,SUCCESS,Task Completed
2026-07-23 20:15:07,R5CR81PA2GT,0,3421566,SUCCESS,Task Completed
2026-07-23 20:15:25,R5CRC2RDAFB,0,3421689,SUCCESS,Task Completed
2026-07-23 20:15:36,R3CR70WD7NA,0,3421903,SUCCESS,Task Completed
2026-07-23 20:16:42,R5CR80ZYL9K,0,3421740,SUCCESS,Task Completed
2026-07-23 20:17:59,R3CRC0RBEPP,0,3421667,SUCCESS,Task Completed
2026-07-23 20:17:59,R3CRB0WCGET,0,3421871,SUCCESS,Task Completed
2026-07-23 20:19:30,R3CR90MAW4B,0,3421960,SUCCESS,Task Completed
2026-07-23 20:20:57,R3CR90H1NCP,0,3421851,SUCCESS,Task Completed
2026-07-23 20:21:46,R3CR8045YWN,0,3422055,SUCCESS,Task Completed
2026-07-23 20:22:05,R5CR80ZPJ0Z,0,3422403,SUCCESS,Task Completed
2026-07-23 20:22:18,R5CR81SQ8JJ,0,3422429,SUCCESS,Task Completed
2026-07-23 20:23:28,R3CRA0GP5YP,0,3422342,SUCCESS,Task Completed
2026-07-23 20:25:03,R3CR80NVXJE,0,3422208,SUCCESS,Task Completed
2026-07-23 20:25:18,R5CR802CTAL,0,3422472,SUCCESS,Task Completed
2026-07-23 20:25:29,R3CR90SJ6SW,0,3422253,SUCCESS,Task Completed
2026-07-23 20:28:48,R3CRB0PZGDR,0,3424170,FAIL,App Closed
2026-07-23 20:28:55,R3CRA09DW9E,0,3422723,SUCCESS,Task Completed
2026-07-23 20:29:07,R5CR8153KWN,0,3423860,SUCCESS,Task Completed
2026-07-23 20:29:49,R5CR715VSTX,0,3422609,SUCCESS,Task Completed
2026-07-23 20:29:54,R5CRC3DZRQH,0,3423668,SUCCESS,Task Completed
2026-07-23 20:29:58,R5CR9336DSB,0,3423962,SUCCESS,Task Completed
2026-07-23 20:30:02,R3CR90HEZDB,0,3422789,SUCCESS,Task Completed
2026-07-23 20:30:08,R3CR70WD7NA,0,3423081,FAIL,MISSING_ARRIVAL_PACKETS
2026-07-23 20:30:10,R5CR80BKKQH,0,3422684,SUCCESS,Task Completed
2026-07-23 20:30:23,R5CR713T5WT,0,3422764,SUCCESS,Task Completed
2026-07-23 20:30:50,R3CR90HEZDB,0,3424324,FAIL,App Closed
2026-07-23 20:31:08,R3CR804583K,0,3423242,SUCCESS,Task Completed
2026-07-23 20:32:51,R3CR90GC5AP,0,3422978,SUCCESS,Task Completed
2026-07-23 20:33:01,R3CR90GCB5L,0,3423213,SUCCESS,Task Completed
2026-07-23 20:34:50,R3CR90CCP1D,0,3424659,FAIL,Frida Crash (Connection lost)
2026-07-23 20:37:18,R5CR80ZPJ0Z,0,3423641,SUCCESS,Task Completed
2026-07-23 20:38:40,R5CR81SQ8JJ,0,3423652,SUCCESS,Task Completed
2026-07-23 20:38:47,R3CR70D3ECZ,0,3423606,SUCCESS,Task Completed
2026-07-23 20:39:10,R3CRA0EJ6SD,0,3423561,SUCCESS,Task Completed
2026-07-23 20:39:38,R3CRC0RBEPP,0,3425059,FAIL,Frida Crash (Connection lost)
2026-07-23 20:39:54,R3CR80NVXJE,0,3423886,SUCCESS,Task Completed
2026-07-23 20:40:18,R3CR8045YWN,0,3423618,SUCCESS,Task Completed
2026-07-23 20:40:35,R3CRB0ATRRK,0,3423480,SUCCESS,Task Completed
2026-07-23 20:40:51,R3CRA0GP5YP,0,3423768,SUCCESS,Task Completed
2026-07-23 20:41:16,R5CR80DSS2W,0,3423714,SUCCESS,Task Completed
2026-07-23 20:41:26,R3CR90H1NCP,0,3425225,FAIL,Frida Crash (Connection lost)
2026-07-23 20:42:07,R5CR804V9CT,0,3423747,SUCCESS,Task Completed
2026-07-23 20:44:48,R5CRA0PW01W,0,3424271,SUCCESS,Task Completed
2026-07-23 20:46:28,R3CR90GCB5L,0,3424548,SUCCESS,Task Completed
2026-07-23 20:46:31,R3CR70WD7NA,0,3424314,SUCCESS,Task Completed
2026-07-23 20:47:31,R5CRA19WHAD,0,3424401,SUCCESS,Task Completed
2026-07-23 20:48:52,R5CR80E53QP,0,3424374,SUCCESS,Task Completed
2026-07-23 20:50:31,R5CR80BKKQH,0,3424363,SUCCESS,Task Completed
2026-07-23 20:50:37,R5CR81S2C2J,0,3424447,SUCCESS,Task Completed
2026-07-23 20:50:51,R5CR80ZYL9K,0,3424845,SUCCESS,Task Completed
2026-07-23 20:51:14,R5CR81PA2GT,0,3424702,SUCCESS,Task Completed
2026-07-23 20:51:35,R3CR90HEZDB,0,3424441,SUCCESS,Task Completed
2026-07-23 20:53:39,R3CR90CCP1D,0,3424753,SUCCESS,Task Completed
2026-07-23 20:54:19,R3CRB0ATRRK,0,3425180,SUCCESS,Task Completed
2026-07-23 20:55:07,R5CRC2RDAFB,0,3424731,SUCCESS,Task Completed
2026-07-23 20:55:14,R5CR80ZPJ0Z,0,3424869,SUCCESS,Task Completed
2026-07-23 20:56:03,R5CR802VA4D,0,3424831,SUCCESS,Task Completed
2026-07-23 20:56:50,R5CR804V9CT,0,3425325,SUCCESS,Task Completed
2026-07-23 20:56:56,R5CR818AW0R,0,3424955,SUCCESS,Task Completed
2026-07-23 20:56:58,R5CR807XTKD,0,3425138,SUCCESS,Task Completed
2026-07-23 20:57:09,R5CR804V9CT,0,3426430,FAIL,Frida Crash (Connection lost)
2026-07-23 20:57:27,R5CR81SQ8JJ,0,3425016,SUCCESS,Task Completed
2026-07-23 20:57:45,R5CR80ZNFTH,0,3425470,SUCCESS,Task Completed
2026-07-23 20:58:17,R5CR82H78WT,0,3425452,SUCCESS,Task Completed
2026-07-23 20:58:51,R3CR90MAW4B,0,3425128,SUCCESS,Task Completed
2026-07-23 20:59:09,R3CR80NVXJE,0,3425112,SUCCESS,Task Completed
2026-07-23 20:59:51,R3CRA0GP5YP,0,3425240,SUCCESS,Task Completed
2026-07-23 21:00:18,R5CR82NR07J,0,3425269,SUCCESS,Task Completed
2026-07-23 21:00:44,R5CRA0PW01W,0,3425518,SUCCESS,Task Completed
2026-07-23 21:01:06,R5CRA0PW01W,0,3426761,FAIL,Frida Crash (Connection lost)
2026-07-23 21:02:10,R3CR90H1NCP,0,3425386,SUCCESS,Task Completed
2026-07-23 21:03:18,R5CR82FNMVX,0,3426695,SUCCESS,Task Completed
2026-07-23 21:03:28,R3CR70JFWXJ,0,3425500,SUCCESS,Task Completed
2026-07-23 21:03:43,R5CR80ZYL9K,0,3425989,SUCCESS,Task Completed
2026-07-23 21:04:20,R3CR80NVXJE,0,3426646,SUCCESS,Task Completed
2026-07-23 21:05:06,R3CR70WD1KX,0,3425878,SUCCESS,Task Completed
2026-07-23 21:05:56,R5CR80DSS2W,0,3426854,SUCCESS,Task Completed
2026-07-23 21:07:03,R5CR8153KWN,0,3425892,SUCCESS,Task Completed
2026-07-23 21:07:24,R5CR715VSTX,0,3426041,SUCCESS,Task Completed
2026-07-23 21:08:07,R3CRC0ZCD2Z,0,3425855,SUCCESS,Task Completed
2026-07-23 21:08:15,R5CRA0TJHLK,0,3425929,SUCCESS,Task Completed
2026-07-23 21:08:15,R5CR9336DSB,0,3426065,SUCCESS,Task Completed
2026-07-23 21:09:31,R3CR90CE67P,0,3426217,SUCCESS,Task Completed
2026-07-23 21:09:43,R5CR80ZPJ0Z,0,3426327,SUCCESS,Task Completed
2026-07-23 21:09:46,R5CR802BBLB,0,3426165,SUCCESS,Task Completed
2026-07-23 21:10:07,R3CRB0ATRRK,0,3426244,SUCCESS,Task Completed
2026-07-23 21:10:10,R5CRC3DZRQH,0,3425947,SUCCESS,Task Completed
2026-07-23 21:10:20,R5CR81QCVCK,0,3425917,SUCCESS,Task Completed
2026-07-23 21:10:44,R5CR713T5WT,0,3426022,SUCCESS,Task Completed
2026-07-23 21:11:05,R3CR90GC5AP,0,3426144,SUCCESS,Task Completed
2026-07-23 21:13:09,R3CR90CCP1D,0,3426196,SUCCESS,Task Completed
2026-07-23 21:13:22,R3CR70D3ECZ,0,3426639,SUCCESS,Task Completed
2026-07-23 21:13:30,R3CR90CCP1D,0,3427730,FAIL,Frida Crash (Connection lost)
2026-07-23 21:14:48,R3CR90CCP1D,0,3427814,FAIL,Frida Crash (Connection lost)
2026-07-23 21:15:17,R3CRC0XSEHY,0,3426803,SUCCESS,Task Completed
2026-07-23 21:15:35,R5CR80BKKQH,0,3427607,SUCCESS,Task Completed
2026-07-23 21:15:59,R5CR802VA4D,0,3426368,SUCCESS,Task Completed
2026-07-23 21:16:02,R5CR813E9AB,0,3426530,SUCCESS,Task Completed
2026-07-23 21:16:16,R5CR807XTKD,0,3426439,SUCCESS,Task Completed
2026-07-23 21:17:11,R3CR8045YWN,0,3426794,SUCCESS,Task Completed
2026-07-23 21:17:47,R3CR90H1NCP,0,3426878,SUCCESS,Task Completed
2026-07-23 21:17:53,R3CRA0GP5YP,0,3426681,SUCCESS,Task Completed
2026-07-23 21:17:54,R5CR80ZNFTH,0,3426505,SUCCESS,Task Completed
2026-07-23 21:19:16,R3CR90CCP1D,0,3427964,SUCCESS,Task Completed
2026-07-23 21:19:19,R3CR90MAW4B,0,3428197,FAIL,Frida Crash (Connection lost)
2026-07-23 21:19:53,R3CR70WD1KX,0,3427114,SUCCESS,Task Completed
2026-07-23 21:20:06,R5CRA0PW01W,0,3426886,SUCCESS,Task Completed
2026-07-23 21:21:13,R3CRC0RBEPP,0,3426820,SUCCESS,Task Completed
2026-07-23 21:22:38,R3CR90GCB5L,0,3427262,SUCCESS,Task Completed
2026-07-23 21:22:38,R3CR70WD7NA,0,3427254,SUCCESS,Task Completed
2026-07-23 21:22:40,R5CR80ZYL9K,0,3427000,SUCCESS,Task Completed
2026-07-23 21:22:55,R3CR70JFWXJ,0,3426988,SUCCESS,Task Completed
2026-07-23 21:23:10,R3CR80NVXJE,0,3427046,SUCCESS,Task Completed
2026-07-23 21:23:16,R5CR80DSS2W,0,3427179,SUCCESS,Task Completed
2026-07-23 21:24:12,R3CR90SJ6SW,0,3427167,SUCCESS,Task Completed
2026-07-23 21:25:34,R5CRA19WHAD,0,3427352,SUCCESS,Task Completed
2026-07-23 21:26:42,R5CR9336DSB,0,3427379,SUCCESS,Task Completed
2026-07-23 21:27:50,R5CR715VSTX,0,3427328,SUCCESS,Task Completed
2026-07-23 21:28:14,R3CR90HEZDB,0,3427685,SUCCESS,Task Completed
2026-07-23 21:28:29,R5CR81S2C2J,0,3427614,SUCCESS,Task Completed
2026-07-23 21:30:21,R5CR713T5WT,0,3427570,SUCCESS,Task Completed
2026-07-23 21:30:47,R3CR90GC5AP,0,3427597,SUCCESS,Task Completed
2026-07-23 21:32:32,R5CR80ZNCXT,0,3427851,SUCCESS,Task Completed
2026-07-23 21:33:48,R3CRC0XSEHY,0,3427903,SUCCESS,Task Completed
2026-07-23 21:34:32,R5CR80BKKQH,0,3427922,SUCCESS,Task Completed
2026-07-23 21:34:43,R5CR802VA4D,0,3427979,SUCCESS,Task Completed
2026-07-23 21:35:34,R3CRB0ATRRK,0,3429147,SUCCESS,Task Completed
2026-07-23 21:35:36,R5CR80ZYL9K,0,3428482,SUCCESS,Task Completed
2026-07-23 21:35:50,R3CRA0EJ6SD,0,3428280,SUCCESS,Task Completed
2026-07-23 21:36:27,R5CRA0PW01W,0,3428294,SUCCESS,Task Completed
2026-07-23 21:36:28,R3CRB0WCGET,0,3428234,SUCCESS,Task Completed
2026-07-23 21:38:01,R3CR70WD1KX,0,3428270,SUCCESS,Task Completed
2026-07-23 21:38:14,R3CR90CCP1D,0,3428221,SUCCESS,Task Completed
2026-07-23 21:38:16,R3CR70WD7NA,0,3428462,SUCCESS,Task Completed
2026-07-23 21:39:07,R3CRC0RBEPP,0,3428378,SUCCESS,Task Completed
2026-07-23 21:40:11,R5CR919ZL9A,0,3428322,SUCCESS,Task Completed
2026-07-23 21:42:07,R3CR80NVXJE,0,3428527,SUCCESS,Task Completed
2026-07-23 21:42:37,R3CR90CCP1D,0,3429677,SUCCESS,Task Completed
2026-07-23 21:43:57,R3CRB0PZGDR,0,3429153,SUCCESS,Task Completed
2026-07-23 21:44:19,R3CRB0PZGDR,0,3430083,FAIL,App Closed
2026-07-23 21:44:32,R5CR9336DSB,0,3428769,SUCCESS,Task Completed
2026-07-23 21:45:21,R5CR715VSTX,0,3428852,SUCCESS,Task Completed
2026-07-23 21:45:39,R5CR715VSTX,0,3430208,FAIL,Frida Crash (Connection lost)
2026-07-23 21:45:49,R5CR81PA2GT,0,3429210,SUCCESS,Task Completed
2026-07-23 21:47:38,R3CR90HEZDB,0,3428911,SUCCESS,Task Completed
2026-07-23 21:49:48,R5CR91SH8LM,0,3429426,SUCCESS,Task Completed
2026-07-23 21:50:15,R5CR713T5WT,0,3429077,SUCCESS,Task Completed
2026-07-23 21:50:33,R3CRC0XSEHY,0,3429329,SUCCESS,Task Completed
2026-07-23 21:51:07,R3CRB0PZGDR,0,3430227,SUCCESS,Task Completed
2026-07-23 21:51:12,R5CR818AW0R,0,3429607,SUCCESS,Task Completed
2026-07-23 21:51:26,R5CR80ZNCXT,0,3429249,SUCCESS,Task Completed
2026-07-23 21:51:34,R5CR81SQ8JJ,0,3429627,SUCCESS,Task Completed
2026-07-23 21:55:39,R5CR813E9AB,0,3429568,SUCCESS,Task Completed
2026-07-23 21:56:04,R5CR807XTKD,0,3429543,SUCCESS,Task Completed
2026-07-23 21:57:02,R3CRA0GP5YP,0,3429690,SUCCESS,Task Completed
2026-07-23 21:57:19,R3CR90MAW4B,0,3429825,SUCCESS,Task Completed
2026-07-23 21:57:44,R5CR804V9CT,0,3429767,SUCCESS,Task Completed
2026-07-23 21:57:52,R5CR919ZL9A,0,3429788,SUCCESS,Task Completed
2026-07-23 21:58:50,R5CR80BKKQH,0,3430923,SUCCESS,Task Completed
2026-07-23 21:59:47,R3CR70WD7NA,0,3431225,FAIL,ADDRESS_NOT_FOUND
2026-07-23 21:59:53,R3CR90HEZDB,0,3430411,SUCCESS,Task Completed
2026-07-23 22:00:00,R5CR82NR07J,0,3429871,SUCCESS,Task Completed
2026-07-23 22:00:06,R5CR80DSS2W,0,3430096,SUCCESS,Task Completed
2026-07-23 22:02:02,R5CR802CTAL,0,3430246,SUCCESS,Task Completed
2026-07-23 22:02:05,R5CR715VSTX,0,3430317,SUCCESS,Task Completed
2026-07-23 22:02:09,R3CR90GCB5L,0,3430005,SUCCESS,Task Completed
2026-07-23 22:02:18,R3CR90SJ6SW,0,3430128,SUCCESS,Task Completed
2026-07-23 22:02:18,R3CR70JFWXJ,0,3430064,SUCCESS,Task Completed
2026-07-23 22:02:21,R5CR82NR07J,0,3431386,FAIL,ADDRESS_NOT_FOUND
2026-07-23 22:03:50,R5CR82FNMVX,0,3430137,SUCCESS,Task Completed
2026-07-23 22:04:03,R3CRC0ZCD2Z,0,3430443,SUCCESS,Task Completed
2026-07-23 22:07:10,R5CR91SH8LM,0,3430563,SUCCESS,Task Completed
2026-07-23 22:07:54,R3CRA09DW9E,0,3430590,SUCCESS,Task Completed
2026-07-23 22:07:56,R5CR81SQ8JJ,0,3430709,FAIL,MISSING_ARRIVAL_PACKETS
2026-07-23 22:08:27,R3CR804583K,0,3430752,SUCCESS,Task Completed
2026-07-23 22:08:32,R5CR82CEZBN,0,3432065,FAIL,Frida Crash (Connection lost)
2026-07-23 22:09:25,R5CRC3DZRQH,0,3430714,SUCCESS,Task Completed
2026-07-23 22:09:43,R5CR818AW0R,0,3430699,SUCCESS,Task Completed
2026-07-23 22:10:11,R3CRC0XSEHY,0,3430634,SUCCESS,Task Completed
2026-07-23 22:10:32,R5CR82CEZBN,0,3432241,FAIL,Frida Crash (Connection lost)
2026-07-23 22:10:36,R3CR90GC5AP,0,3430664,SUCCESS,Task Completed
2026-07-23 22:11:11,R3CRB0PZGDR,0,3430675,SUCCESS,Task Completed
2026-07-23 22:11:17,R5CRC2RDAFB,0,3431062,FAIL,MISSING_ARRIVAL_PACKETS
2026-07-23 22:11:33,R5CR81QCVCK,0,3430728,SUCCESS,Task Completed
2026-07-23 22:12:02,R5CR80ZPJ0Z,0,3432340,FAIL,Frida Crash (Connection lost)
2026-07-23 22:12:30,R3CRB0ATRRK,0,3430992,SUCCESS,Task Completed
2026-07-23 22:14:59,R5CR80ZYL9K,0,3431004,SUCCESS,Task Completed
2026-07-23 22:15:38,R3CR90MAW4B,0,3431129,SUCCESS,Task Completed
2026-07-23 22:15:49,R3CRB0ATRRK,0,3432427,SUCCESS,Task Completed
2026-07-23 22:15:55,R5CR80DSS2W,0,3431353,SUCCESS,Task Completed
2026-07-23 22:16:02,R3CR90MAW4B,0,3432718,FAIL,Frida Crash (Connection lost)
2026-07-23 22:16:06,R3CR80LSWGD,0,3431288,SUCCESS,Task Completed
2026-07-23 22:16:24,R3CRA0EJ6SD,0,3431045,SUCCESS,Task Completed
2026-07-23 22:17:21,R5CR802CTAL,0,3431589,SUCCESS,Task Completed
2026-07-23 22:17:24,R3CRA0GP5YP,0,3431141,SUCCESS,Task Completed
2026-07-23 22:18:01,R5CR9336DSB,0,3431761,SUCCESS,Task Completed
2026-07-23 22:18:58,R3CR90HEZDB,0,3431330,SUCCESS,Task Completed
2026-07-23 22:20:01,R3CR70WD7NA,0,3431315,SUCCESS,Task Completed
2026-07-23 22:21:07,R5CR82NR07J,0,3431606,SUCCESS,Task Completed
2026-07-23 22:21:32,R5CR82NR07J,0,3433175,FAIL,Frida Crash (Connection lost)
2026-07-23 22:22:43,R5CR8153KWN,0,3432013,SUCCESS,Task Completed
2026-07-23 22:22:52,R5CR81PA2GT,0,3431877,SUCCESS,Task Completed
2026-07-23 22:22:55,R3CR90SJ6SW,0,3433283,FAIL,Frida Crash (Connection lost)
2026-07-23 22:24:18,R3CR70AV5ZZ,0,3433380,FAIL,Frida Crash (Connection lost)
2026-07-23 22:24:19,R3CR90CCP1D,0,3433391,FAIL,Frida Crash (Connection lost)
2026-07-23 22:24:34,R5CR802BBLB,0,3432274,SUCCESS,Task Completed
2026-07-23 22:25:13,R5CRA19WHAD,0,3431902,SUCCESS,Task Completed
2026-07-23 22:25:33,R3CRC0ZCD2Z,0,3433428,FAIL,ADDRESS_NOT_FOUND
2026-07-23 22:26:10,R5CR80ZNCXT,0,3432379,SUCCESS,Task Completed
2026-07-23 22:26:15,R3CR804583K,0,3432092,SUCCESS,Task Completed
2026-07-23 22:26:39,R3CR90GC5AP,0,3432319,SUCCESS,Task Completed
2026-07-23 22:26:52,R5CR81SQ8JJ,0,3432056,SUCCESS,Task Completed
2026-07-23 22:27:36,R3CR90CE67P,0,3432214,SUCCESS,Task Completed
2026-07-23 22:28:23,R5CR80E53QP,0,3432165,SUCCESS,Task Completed
2026-07-23 22:28:24,R3CRA09DW9E,0,3433706,FAIL,Frida Crash (Connection lost)
2026-07-23 22:28:46,R5CRC2RDAFB,0,3432353,SUCCESS,Task Completed
2026-07-23 22:30:40,R3CRB0PZGDR,0,3432333,SUCCESS,Task Completed
2026-07-23 22:31:34,R3CRB0ATRRK,0,3432728,SUCCESS,Task Completed
2026-07-23 22:33:02,R3CR80LSWGD,0,3432768,SUCCESS,Task Completed
2026-07-23 22:33:29,R3CR90HEZDB,0,3433025,SUCCESS,Task Completed
2026-07-23 22:34:04,R3CR90HEZDB,0,3434136,FAIL,Frida Crash (Connection lost)
2026-07-23 22:34:06,R5CR813E9AB,0,3432796,SUCCESS,Task Completed
2026-07-23 22:34:19,R3CR70WD1KX,0,3432967,SUCCESS,Task Completed
2026-07-23 22:34:31,R3CRA0GP5YP,0,3432928,SUCCESS,Task Completed
2026-07-23 22:34:58,R5CR802CTAL,0,3432872,SUCCESS,Task Completed
2026-07-23 22:35:23,R5CR807XTKD,0,3432826,SUCCESS,Task Completed
2026-07-23 22:35:29,R3CR90MAW4B,0,3432910,SUCCESS,Task Completed
2026-07-23 22:36:07,R3CRA0EJ6SD,0,3432782,SUCCESS,Task Completed
2026-07-23 22:36:18,R3CR70JFWXJ,0,3433331,SUCCESS,Task Completed
2026-07-23 22:37:32,R5CR804V9CT,0,3432975,SUCCESS,Task Completed
2026-07-23 22:37:35,R5CR82H78WT,0,3433143,SUCCESS,Task Completed
2026-07-23 22:39:03,R3CR90CCP1D,0,3433513,SUCCESS,Task Completed
2026-07-23 22:39:27,R5CR80BKKQH,0,3433036,SUCCESS,Task Completed
2026-07-23 22:40:01,R5CR8153KWN,0,3433296,SUCCESS,Task Completed
2026-07-23 22:40:11,R5CR80ZNFTH,0,3433112,SUCCESS,Task Completed
2026-07-23 22:40:18,R3CR90GCB5L,0,3433272,SUCCESS,Task Completed
2026-07-23 22:41:07,R3CR70SZ0JJ,0,3433204,SUCCESS,Task Completed
2026-07-23 22:41:38,R3CR804583K,0,3433556,SUCCESS,Task Completed
2026-07-23 22:45:34,R3CRC0ZCD2Z,0,3433524,SUCCESS,Task Completed
2026-07-23 22:45:36,R5CRA0TJHLK,0,3433802,SUCCESS,Task Completed
2026-07-23 22:46:05,R5CR82FNMVX,0,3435020,FAIL,ADDRESS_NOT_FOUND
2026-07-23 22:47:14,R3CR90CE67P,0,3433665,SUCCESS,Task Completed
2026-07-23 22:47:34,R3CRB0PZGDR,0,3433915,SUCCESS,Task Completed
2026-07-23 22:48:52,R5CR818AW0R,0,3433868,SUCCESS,Task Completed
2026-07-23 22:49:07,R5CR80E53QP,0,3435302,FAIL,Frida Crash (Connection lost)
2026-07-23 22:49:40,R5CR82H78WT,0,3434470,SUCCESS,Task Completed
2026-07-23 22:50:18,R3CR70JFWXJ,0,3434352,SUCCESS,Task Completed
2026-07-23 22:50:32,R3CR70SZ0JJ,0,3434738,SUCCESS,Task Completed
2026-07-23 22:51:01,R3CR70WD1KX,0,3434201,SUCCESS,Task Completed
2026-07-23 22:52:11,R5CR82CEZBN,0,3434034,SUCCESS,Task Completed
2026-07-23 22:52:51,R5CR9336DSB,0,3434537,SUCCESS,Task Completed
2026-07-23 22:53:11,R3CRA0EJ6SD,0,3434370,SUCCESS,Task Completed
2026-07-23 22:53:16,R5CR802VA4D,0,3434321,SUCCESS,Task Completed
2026-07-23 22:53:24,R3CRA0GP5YP,0,3434211,SUCCESS,Task Completed
2026-07-23 22:54:10,R3CR90HEZDB,0,3434263,SUCCESS,Task Completed
2026-07-23 22:55:31,R3CRC0RBEPP,0,3434636,SUCCESS,Task Completed
2026-07-23 22:56:23,R3CR70WD7NA,0,3434650,SUCCESS,Task Completed
2026-07-23 22:56:24,R3CRB0WCGET,0,3434442,SUCCESS,Task Completed
2026-07-23 22:58:11,R5CR81PA2GT,0,3434881,SUCCESS,Task Completed
2026-07-23 22:59:29,R3CR80NVXJE,0,3434827,SUCCESS,Task Completed
2026-07-23 22:59:29,R3CR90GCB5L,0,3434657,SUCCESS,Task Completed
2026-07-23 23:00:06,R5CR715VSTX,0,3434907,SUCCESS,Task Completed
2026-07-23 23:00:40,R5CRA19WHAD,0,3435045,SUCCESS,Task Completed
2026-07-23 23:02:21,R5CR80ZNCXT,0,3435140,SUCCESS,Task Completed
2026-07-23 23:03:20,R3CR90GC5AP,0,3435166,SUCCESS,Task Completed
2026-07-23 23:03:39,R3CR90CE67P,0,3435215,SUCCESS,Task Completed
2026-07-23 23:03:57,R5CR818AW0R,0,3435329,SUCCESS,Task Completed
2026-07-23 23:04:47,R3CR90SJ6SW,0,3436525,FAIL,Frida Crash (Connection lost)
2026-07-23 23:05:00,R5CRA0TJHLK,0,3435080,SUCCESS,Task Completed
2026-07-23 23:05:43,R3CRC0XSEHY,0,3435467,SUCCESS,Task Completed
2026-07-23 23:06:18,R5CRA0TJHLK,0,3436571,FAIL,ADDRESS_NOT_FOUND
2026-07-23 23:06:35,R5CR81S2C2J,0,3435372,SUCCESS,Task Completed
2026-07-23 23:07:28,R5CRC2RDAFB,0,3435345,SUCCESS,Task Completed
2026-07-23 23:07:58,R3CR70SZ0JJ,0,3435463,SUCCESS,Task Completed
2026-07-23 23:09:07,R3CR80LSWGD,0,3435676,SUCCESS,Task Completed
2026-07-23 23:10:11,R3CR90HEZDB,0,3435718,SUCCESS,Task Completed
2026-07-23 23:10:13,R5CRC3DZRQH,0,3435445,SUCCESS,Task Completed
2026-07-23 23:11:01,R5CR713T5WT,0,3435513,SUCCESS,Task Completed
2026-07-23 23:11:23,R3CR90MAW4B,0,3435846,SUCCESS,Task Completed
2026-07-23 23:11:37,R5CR80ZYL9K,0,3435857,SUCCESS,Task Completed
2026-07-23 23:12:55,R5CR813E9AB,0,3435745,SUCCESS,Task Completed
2026-07-23 23:13:14,R5CR802VA4D,0,3435656,SUCCESS,Task Completed
2026-07-23 23:13:43,R3CRA0EJ6SD,0,3437211,FAIL,Frida Crash (Connection lost)
2026-07-23 23:13:51,R5CRA0PW01W,0,3436061,SUCCESS,Task Completed
2026-07-23 23:13:53,R3CR70D3ECZ,0,3435708,SUCCESS,Task Completed
2026-07-23 23:14:54,R5CR802CTAL,0,3435784,SUCCESS,Task Completed
2026-07-23 23:14:59,R3CR90CCP1D,0,3436119,SUCCESS,Task Completed
2026-07-23 23:15:16,R5CR804V9CT,0,3435983,SUCCESS,Task Completed
2026-07-23 23:16:10,R5CR82CEZBN,0,3437153,FAIL,App Closed
2026-07-23 23:16:11,R3CR8045YWN,0,3436020,SUCCESS,Task Completed
2026-07-23 23:16:20,R3CR70WD7NA,0,3435867,SUCCESS,Task Completed
2026-07-23 23:16:21,R5CR80DSS2W,0,3435907,SUCCESS,Task Completed
2026-07-23 23:16:46,R5CRA19WHAD,0,3436238,SUCCESS,Task Completed
2026-07-23 23:17:34,R5CR80BKKQH,0,3436195,SUCCESS,Task Completed
2026-07-23 23:18:44,R5CR802BBLB,0,3436548,SUCCESS,Task Completed
2026-07-23 23:18:58,R3CR90H1NCP,0,3436139,SUCCESS,Task Completed
2026-07-23 23:19:06,R3CR90GCB5L,0,3436128,SUCCESS,Task Completed
2026-07-23 23:19:29,R3CR90GC5AP,0,3436431,SUCCESS,Task Completed
2026-07-23 23:19:36,R3CR80NVXJE,0,3436172,SUCCESS,Task Completed
2026-07-23 23:20:54,R5CR80ZNCXT,0,3436351,SUCCESS,Task Completed
2026-07-23 23:21:03,R3CR90CE67P,0,3436459,SUCCESS,Task Completed
2026-07-23 23:21:49,R3CRC0XSEHY,0,3436635,SUCCESS,Task Completed
2026-07-23 23:24:43,R5CR81S2C2J,0,3436709,SUCCESS,Task Completed
2026-07-23 23:25:31,R3CR90SJ6SW,0,3436665,SUCCESS,Task Completed
2026-07-23 23:25:41,R5CR82FNMVX,0,3436719,SUCCESS,Task Completed
2026-07-23 23:26:16,R5CR713T5WT,0,3437036,SUCCESS,Task Completed
2026-07-23 23:27:38,R5CR813E9AB,0,3437181,SUCCESS,Task Completed
2026-07-23 23:28:52,R3CR70SZ0JJ,0,3438387,FAIL,Frida Crash (Connection lost)
2026-07-23 23:29:54,R5CR9336DSB,0,3437188,SUCCESS,Task Completed
2026-07-23 23:30:00,R3CR70JFWXJ,0,3436984,SUCCESS,Task Completed
2026-07-23 23:30:15,R3CRA0GP5YP,0,3437255,SUCCESS,Task Completed
2026-07-23 23:31:01,R3CRB0ATRRK,0,3437122,SUCCESS,Task Completed
2026-07-23 23:31:59,R3CR70WD1KX,0,3438614,FAIL,Frida Crash (Connection lost)
2026-07-23 23:32:28,R5CR802VA4D,0,3437226,SUCCESS,Task Completed
2026-07-23 23:35:16,R5CRA0PW01W,0,3438793,FAIL,ADDRESS_NOT_FOUND
2026-07-23 23:36:11,R3CR90GC5AP,0,3437733,SUCCESS,Task Completed
2026-07-23 23:36:53,R5CR80ZNCXT,0,3437890,SUCCESS,Task Completed
2026-07-23 23:37:37,R3CR8045YWN,0,3439072,FAIL,Frida Crash (Connection lost)
2026-07-23 23:38:10,R5CR8153KWN,0,3437847,SUCCESS,Task Completed
2026-07-23 23:38:18,R3CR90CE67P,0,3437873,SUCCESS,Task Completed
2026-07-23 23:38:20,R5CR802BBLB,0,3437653,SUCCESS,Task Completed
2026-07-23 23:39:15,R5CR81S2C2J,0,3438131,SUCCESS,Task Completed
2026-07-23 23:39:28,R5CRA0PW01W,0,3438883,SUCCESS,Task Completed
2026-07-23 23:39:35,R3CR8045YWN,0,3439231,FAIL,Frida Crash (Connection lost)
2026-07-23 23:40:20,R3CR80NVXJE,0,3439288,FAIL,Frida Crash (Connection lost)
2026-07-23 23:40:37,R5CR80ZNFTH,0,3437835,SUCCESS,Task Completed
2026-07-23 23:42:11,R3CR90SJ6SW,0,3438182,SUCCESS,Task Completed
2026-07-23 23:42:26,R5CR813E9AB,0,3438326,SUCCESS,Task Completed
2026-07-23 23:43:36,R3CRB0PZGDR,0,3438346,SUCCESS,Task Completed
2026-07-23 23:45:17,R5CR82FNMVX,0,3438192,SUCCESS,Task Completed
2026-07-23 23:45:59,R5CRA0TJHLK,0,3438262,SUCCESS,Task Completed
2026-07-23 23:46:38,R3CR70SZ0JJ,0,3438483,SUCCESS,Task Completed
2026-07-23 23:47:19,R5CR82H78WT,0,3438488,SUCCESS,Task Completed
2026-07-23 23:47:22,R5CR81SQ8JJ,0,3438304,SUCCESS,Task Completed
2026-07-23 23:48:54,R3CR80LSWGD,0,3438420,SUCCESS,Task Completed
2026-07-23 23:50:04,R3CRB0ATRRK,0,3438598,SUCCESS,Task Completed
2026-07-23 23:50:54,R5CR807XTKD,0,3438988,SUCCESS,Task Completed
2026-07-23 23:51:02,R5CR81QCVCK,0,3438689,SUCCESS,Task Completed
2026-07-23 23:51:06,R3CR90CCP1D,0,3438869,SUCCESS,Task Completed
2026-07-23 23:51:10,R5CR80ZNCXT,0,3439040,SUCCESS,Task Completed
2026-07-23 23:51:47,R5CR80DSS2W,0,3439090,SUCCESS,Task Completed
2026-07-23 23:51:55,R5CR80ZPJ0Z,0,3438838,SUCCESS,Task Completed
2026-07-23 23:52:42,R3CR90GC5AP,0,3439029,SUCCESS,Task Completed
2026-07-23 23:53:32,R5CR80BKKQH,0,3439127,SUCCESS,Task Completed
2026-07-23 23:53:37,R3CR70WD7NA,0,3439015,SUCCESS,Task Completed
2026-07-23 23:55:45,R5CR81S2C2J,0,3439260,SUCCESS,Task Completed
2026-07-23 23:55:56,R5CR715VSTX,0,3439336,SUCCESS,Task Completed
2026-07-23 23:56:01,R3CRA0EJ6SD,0,3440457,FAIL,Frida Crash (Connection lost)
2026-07-23 23:56:29,R3CR80NVXJE,0,3439407,SUCCESS,Task Completed
2026-07-23 23:57:14,R5CR919ZL9A,0,3439314,SUCCESS,Task Completed
2026-07-23 23:57:46,R3CR90CE67P,0,3439173,SUCCESS,Task Completed
2026-07-23 23:57:50,R3CR80NVXJE,0,3440555,FAIL,ADDRESS_NOT_FOUND
2026-07-23 23:58:26,R3CR8045YWN,0,3439366,SUCCESS,Task Completed
2026-07-23 23:58:55,R5CR802BBLB,0,3439182,SUCCESS,Task Completed
2026-07-23 23:59:48,R3CR90H1NCP,0,3439297,SUCCESS,Task Completed
2026-07-24 00:00:40,R5CR81S2C2J,0,3440469,SUCCESS,Task Completed
2026-07-24 00:01:30,R5CR813E9AB,0,3439461,SUCCESS,Task Completed
2026-07-24 00:02:15,R3CR804583K,0,3439445,SUCCESS,Task Completed
2026-07-24 00:02:55,R5CR818AW0R,0,3439581,SUCCESS,Task Completed
2026-07-24 00:04:09,R5CR82NR07J,0,3439606,SUCCESS,Task Completed
2026-07-24 00:05:34,R5CR713T5WT,0,3439742,SUCCESS,Task Completed
2026-07-24 00:05:35,R3CR804583K,0,3440973,SUCCESS,Task Completed
2026-07-24 00:05:51,R3CRA09DW9E,0,3440089,SUCCESS,Task Completed
2026-07-24 00:05:56,R3CR90MAW4B,0,3440252,SUCCESS,Task Completed
2026-07-24 00:05:57,R3CRA0GP5YP,0,3440105,SUCCESS,Task Completed
2026-07-24 00:05:58,R5CRA0TJHLK,0,3439720,SUCCESS,Task Completed
2026-07-24 00:06:09,R3CR70SZ0JJ,0,3439772,SUCCESS,Task Completed
2026-07-24 00:06:31,R5CR82H78WT,0,3439810,FAIL,MISSING_ARRIVAL_PACKETS
2026-07-24 00:06:40,R5CR81SQ8JJ,0,3439837,FAIL,MISSING_ARRIVAL_PACKETS
2026-07-24 00:07:07,R5CR807XTKD,0,3440118,SUCCESS,Task Completed
2026-07-24 00:07:12,R3CR80LSWGD,0,3439926,SUCCESS,Task Completed
2026-07-24 00:07:49,R3CRB0ATRRK,0,3440025,SUCCESS,Task Completed
2026-07-24 00:08:59,R5CR91SH8LM,0,3441495,FAIL,Frida Crash (Connection lost)
2026-07-24 00:10:15,R5CR81QCVCK,0,3440138,FAIL,MISSING_ARRIVAL_PACKETS
2026-07-24 00:10:44,R3CR70D3ECZ,0,3440350,SUCCESS,Task Completed
2026-07-24 00:11:10,R5CRA19WHAD,0,3440651,FAIL,MISSING_ARRIVAL_PACKETS
2026-07-24 00:12:11,R3CR70WD1KX,0,3440293,SUCCESS,Task Completed
2026-07-24 00:12:46,R3CR70WD1KX,0,3441784,FAIL,Frida Crash (Connection lost)
2026-07-24 00:15:02,R5CR804V9CT,0,3440523,SUCCESS,Task Completed
2026-07-24 00:15:07,R5CR81S2C2J,0,3440846,SUCCESS,Task Completed
2026-07-24 00:15:49,R3CR8045YWN,0,3440678,SUCCESS,Task Completed
2026-07-24 00:16:19,R5CR82CEZBN,0,3440585,SUCCESS,Task Completed
2026-07-24 00:16:30,R3CR80NVXJE,0,3440628,SUCCESS,Task Completed
2026-07-24 00:16:45,R5CR802CTAL,0,3440509,SUCCESS,Task Completed
2026-07-24 00:16:45,R5CR82CEZBN,0,3442111,FAIL,Frida Crash (Connection lost)
2026-07-24 00:16:46,R3CR90CE67P,0,3440637,SUCCESS,Task Completed
2026-07-24 00:16:59,R5CR8153KWN,0,3440689,FAIL,MISSING_ARRIVAL_PACKETS
2026-07-24 00:18:03,R3CRC0XSEHY,0,3440953,SUCCESS,Task Completed
2026-07-24 00:18:12,R5CR82CEZBN,0,3442244,FAIL,Frida Crash (Connection lost)
2026-07-24 00:18:37,R5CR81PA2GT,0,3440740,SUCCESS,Task Completed
2026-07-24 00:19:23,R3CR90GCB5L,0,3440769,SUCCESS,Task Completed
2026-07-24 00:20:03,R5CR80ZNFTH,0,3440876,SUCCESS,Task Completed
2026-07-24 00:20:12,R3CRA0EJ6SD,0,3442208,SUCCESS,Task Completed
2026-07-24 00:20:27,R5CR80BKKQH,0,3441948,SUCCESS,Task Completed
2026-07-24 00:21:13,R5CR813E9AB,0,3440909,SUCCESS,Task Completed
2026-07-24 00:22:41,R3CR804583K,0,3441247,SUCCESS,Task Completed
2026-07-24 00:22:55,R5CR818AW0R,0,3441005,FAIL,MISSING_ARRIVAL_PACKETS
2026-07-24 00:23:03,R5CR82NR07J,0,3441111,SUCCESS,Task Completed
2026-07-24 00:23:39,R3CRB0PZGDR,0,3441067,SUCCESS,Task Completed
2026-07-24 00:24:28,R5CR82FNMVX,0,3441228,SUCCESS,Task Completed
2026-07-24 00:24:55,R3CRA09DW9E,0,3441270,SUCCESS,Task Completed
2026-07-24 00:24:59,R5CRC2RDAFB,0,3441464,SUCCESS,Task Completed
2026-07-24 00:25:33,R3CRC0ZCD2Z,0,3441446,SUCCESS,Task Completed
2026-07-24 00:26:04,R3CR90MAW4B,0,3441257,SUCCESS,Task Completed
2026-07-24 00:26:35,R5CRA0TJHLK,0,3441327,SUCCESS,Task Completed
2026-07-24 00:26:41,R5CR82H78WT,0,3441317,SUCCESS,Task Completed
2026-07-24 00:26:57,R5CR80ZPJ0Z,0,3441864,SUCCESS,Task Completed
2026-07-24 00:27:23,R3CRB0ATRRK,0,3441436,SUCCESS,Task Completed
2026-07-24 00:27:30,R5CR82H78WT,0,3443027,FAIL,Frida Crash (Connection lost)
2026-07-24 00:28:26,R5CR80ZNCXT,0,3441713,SUCCESS,Task Completed
2026-07-24 00:29:54,R5CRA19WHAD,0,3441694,SUCCESS,Task Completed
2026-07-24 00:30:02,R3CR90CE67P,0,3442148,SUCCESS,Task Completed
2026-07-24 00:30:15,R3CR90CCP1D,0,3441766,SUCCESS,Task Completed
2026-07-24 00:31:38,R3CR90HEZDB,0,3441792,SUCCESS,Task Completed
2026-07-24 00:31:59,R3CR90HEZDB,0,3443417,FAIL,App Closed
2026-07-24 00:32:17,R3CR8045YWN,0,3442059,SUCCESS,Task Completed
2026-07-24 00:32:45,R5CR81S2C2J,0,3442011,SUCCESS,Task Completed
2026-07-24 00:33:01,R3CR70WD1KX,0,3441924,SUCCESS,Task Completed
2026-07-24 00:33:30,R5CR80E53QP,0,3441854,SUCCESS,Task Completed
2026-07-24 00:34:49,R5CR9336DSB,0,3443369,SUCCESS,Task Completed
2026-07-24 00:35:10,R5CR82H78WT,0,3443114,SUCCESS,Task Completed
2026-07-24 00:35:26,R5CR802CTAL,0,3442164,SUCCESS,Task Completed
2026-07-24 00:36:01,R3CRC0RBEPP,0,3442216,SUCCESS,Task Completed
2026-07-24 00:36:28,R3CR80NVXJE,0,3442133,SUCCESS,Task Completed
2026-07-24 00:36:52,R5CRA0PW01W,0,3442519,SUCCESS,Task Completed
2026-07-24 00:36:52,R5CR82NR07J,0,3442713,SUCCESS,Task Completed
2026-07-24 00:37:22,R5CR81PA2GT,0,3442328,SUCCESS,Task Completed
2026-07-24 00:37:44,R5CR919ZL9A,0,3442256,SUCCESS,Task Completed
2026-07-24 00:38:22,R3CR90SJ6SW,0,3442688,SUCCESS,Task Completed
2026-07-24 00:38:39,R3CRA0EJ6SD,0,3442506,SUCCESS,Task Completed
2026-07-24 00:39:38,R5CR818AW0R,0,3442703,SUCCESS,Task Completed
2026-07-24 00:39:40,R3CR70JFWXJ,0,3443404,SUCCESS,Task Completed
2026-07-24 00:39:50,R5CR80ZNFTH,0,3442482,SUCCESS,Task Completed
2026-07-24 00:39:58,R3CR70JFWXJ,0,3444080,FAIL,Frida Crash (Connection lost)
2026-07-24 00:40:23,R3CRA09DW9E,0,3442835,SUCCESS,Task Completed
2026-07-24 00:42:22,R3CR80LSWGD,0,3443080,SUCCESS,Task Completed
2026-07-24 00:42:35,R5CR80ZPJ0Z,0,3443017,SUCCESS,Task Completed
2026-07-24 00:42:58,R3CR70SZ0JJ,0,3443067,SUCCESS,Task Completed
2026-07-24 00:44:25,R5CRA19WHAD,0,3443283,SUCCESS,Task Completed
2026-07-24 00:45:10,R3CRA0GP5YP,0,3442971,SUCCESS,Task Completed
2026-07-24 00:45:17,R5CR9336DSB,0,3443700,SUCCESS,Task Completed
2026-07-24 00:46:09,R3CR90MAW4B,0,3442942,SUCCESS,Task Completed
2026-07-24 00:48:19,R5CR91SH8LM,0,3443335,SUCCESS,Task Completed
2026-07-24 00:48:33,R5CR82H78WT,0,3443734,SUCCESS,Task Completed
2026-07-24 00:49:59,R5CR804V9CT,0,3443726,SUCCESS,Task Completed
2026-07-24 00:50:12,R5CR713T5WT,0,3444732,SUCCESS,Task Completed
2026-07-24 00:50:48,R5CR80DSS2W,0,3443555,SUCCESS,Task Completed
2026-07-24 00:50:59,R3CR90CCP1D,0,3445040,FAIL,App Closed
2026-07-24 00:51:12,R3CR90HEZDB,0,3443544,SUCCESS,Task Completed
2026-07-24 00:51:55,R5CR80DSS2W,0,3445064,FAIL,ADDRESS_NOT_FOUND
2026-07-24 00:52:22,R3CR70WD1KX,0,3443535,SUCCESS,Task Completed
2026-07-24 00:52:42,R5CR802VA4D,0,3443625,SUCCESS,Task Completed
2026-07-24 00:52:48,R3CR90CCP1D,0,3445195,FAIL,Frida Crash (Connection lost)
2026-07-24 00:53:26,R3CR90GC5AP,0,3443615,SUCCESS,Task Completed
2026-07-24 00:54:06,R5CR713T5WT,0,3445019,SUCCESS,Task Completed
2026-07-24 00:54:23,R5CR80E53QP,0,3445300,FAIL,Frida Crash (Connection lost)
2026-07-24 00:54:23,R5CR80ZYL9K,0,3443660,SUCCESS,Task Completed
2026-07-24 00:54:28,R3CR90CCP1D,0,3445329,FAIL,Frida Crash (Connection lost)
2026-07-24 00:54:43,R3CR70WD7NA,0,3443651,SUCCESS,Task Completed
2026-07-24 00:55:20,R3CRB0WCGET,0,3444020,FAIL,MISSING_ARRIVAL_PACKETS
2026-07-24 00:55:44,R5CR802CTAL,0,3443751,SUCCESS,Task Completed
2026-07-24 00:55:52,R5CR80ZNFTH,0,3444106,SUCCESS,Task Completed
2026-07-24 00:55:58,R5CRC3DZRQH,0,3445210,SUCCESS,Task Completed
2026-07-24 00:56:00,R3CRC0RBEPP,0,3443787,SUCCESS,Task Completed
2026-07-24 00:56:56,R5CR802BBLB,0,3444054,SUCCESS,Task Completed
2026-07-24 00:57:02,R3CR80NVXJE,0,3445525,FAIL,Frida Crash (Connection lost)
2026-07-24 00:57:57,R3CRB0WCGET,0,3445439,SUCCESS,Task Completed
2026-07-24 00:57:58,R3CRC0XSEHY,0,3444032,SUCCESS,Task Completed
2026-07-24 00:58:43,R3CR90GCB5L,0,3444091,SUCCESS,Task Completed
2026-07-24 00:59:28,R3CR90H1NCP,0,3444150,SUCCESS,Task Completed
2026-07-24 01:00:26,R3CR80LSWGD,0,3444319,SUCCESS,Task Completed
2026-07-24 01:01:02,R5CRA19WHAD,0,3444510,SUCCESS,Task Completed
2026-07-24 01:02:22,R3CR70SZ0JJ,0,3444388,SUCCESS,Task Completed
2026-07-24 01:03:58,R5CR802BBLB,0,3445550,SUCCESS,Task Completed
2026-07-24 01:04:07,R5CR80ZNCXT,0,3444887,SUCCESS,Task Completed
2026-07-24 01:04:17,R5CR82FNMVX,0,3444537,SUCCESS,Task Completed
2026-07-24 01:04:24,R3CRA0GP5YP,0,3444583,SUCCESS,Task Completed
2026-07-24 01:05:52,R5CR82H78WT,0,3444912,SUCCESS,Task Completed
2026-07-24 01:06:20,R5CR91SH8LM,0,3444854,SUCCESS,Task Completed
2026-07-24 01:06:42,R3CR90CE67P,0,3445053,SUCCESS,Task Completed
2026-07-24 01:08:18,R5CR81SQ8JJ,0,3444901,SUCCESS,Task Completed
2026-07-24 01:08:57,R3CR8045YWN,0,3445227,SUCCESS,Task Completed
2026-07-24 01:10:17,R5CR81QCVCK,0,3445103,SUCCESS,Task Completed
2026-07-24 01:10:17,R5CR713T5WT,0,3445342,SUCCESS,Task Completed
2026-07-24 01:10:17,R5CR80E53QP,0,3445417,SUCCESS,Task Completed
2026-07-24 01:10:38,R5CR81S2C2J,0,3445251,SUCCESS,Task Completed
2026-07-24 01:10:49,R3CR70WD7NA,0,3445372,SUCCESS,Task Completed
2026-07-24 01:11:02,R5CR80DSS2W,0,3445151,SUCCESS,Task Completed
2026-07-24 01:11:02,R3CR90MAW4B,0,3446470,SUCCESS,Task Completed
2026-07-24 01:11:23,R3CR70D3ECZ,0,3445133,SUCCESS,Task Completed
2026-07-24 01:11:43,R3CR90CCP1D,0,3445462,SUCCESS,Task Completed
2026-07-24 01:12:04,R3CR70D3ECZ,0,3446897,FAIL,Frida Crash (Connection lost)
2026-07-24 01:12:51,R3CR90SJ6SW,0,3445746,SUCCESS,Task Completed
2026-07-24 01:12:53,R3CR90GC5AP,0,3445277,SUCCESS,Task Completed
2026-07-24 01:12:56,R5CR802VA4D,0,3445236,SUCCESS,Task Completed
2026-07-24 01:13:16,R5CR8153KWN,0,3445602,SUCCESS,Task Completed
2026-07-24 01:14:30,R5CR81PA2GT,0,3445612,SUCCESS,Task Completed
2026-07-24 01:15:17,R3CRC0RBEPP,0,3445471,SUCCESS,Task Completed
2026-07-24 01:15:17,R3CR90CCP1D,0,3446907,SUCCESS,Task Completed
2026-07-24 01:16:08,R5CRA0PW01W,0,3445587,SUCCESS,Task Completed
2026-07-24 01:16:24,R3CRB0PZGDR,0,3446181,SUCCESS,Task Completed
2026-07-24 01:16:25,R3CRB0WCGET,0,3445654,SUCCESS,Task Completed
2026-07-24 01:18:09,R3CRC0XSEHY,0,3445670,SUCCESS,Task Completed
2026-07-24 01:18:22,R3CR90H1NCP,0,3445796,SUCCESS,Task Completed
2026-07-24 01:18:42,R3CR90CE67P,0,3446454,SUCCESS,Task Completed
2026-07-24 01:18:43,R3CR70JFWXJ,0,3445987,SUCCESS,Task Completed
2026-07-24 01:19:10,R5CRC2RDAFB,0,3446316,SUCCESS,Task Completed
2026-07-24 01:20:11,R5CR818AW0R,0,3445846,SUCCESS,Task Completed
2026-07-24 01:20:20,R5CR80BKKQH,0,3445958,SUCCESS,Task Completed
2026-07-24 01:21:36,R5CR82H78WT,0,3446407,SUCCESS,Task Completed
2026-07-24 01:21:41,R5CR82NR07J,0,3447363,SUCCESS,Task Completed
2026-07-24 01:22:58,R5CR82FNMVX,0,3446221,SUCCESS,Task Completed
2026-07-24 01:23:29,R5CR9336DSB,0,3446356,SUCCESS,Task Completed
2026-07-24 01:24:37,R3CR90CE67P,0,3447477,SUCCESS,Task Completed
2026-07-24 01:24:48,R3CRC0ZCD2Z,0,3446394,SUCCESS,Task Completed
2026-07-24 01:25:40,R5CR807XTKD,0,3446625,SUCCESS,Task Completed
2026-07-24 01:27:08,R3CR90CCP1D,0,3447174,FAIL,MISSING_ARRIVAL_PACKETS
2026-07-24 01:27:32,R5CR81S2C2J,0,3446830,SUCCESS,Task Completed
2026-07-24 01:27:59,R5CR80ZPJ0Z,0,3447803,SUCCESS,Task Completed
2026-07-24 01:28:15,R3CR90CE67P,0,3447962,SUCCESS,Task Completed
2026-07-24 01:28:26,R5CR80BKKQH,0,3447599,SUCCESS,Task Completed
2026-07-24 01:28:52,R3CR70WD7NA,0,3446850,SUCCESS,Task Completed
2026-07-24 01:29:22,R3CR70WD1KX,0,3446950,SUCCESS,Task Completed
2026-07-24 01:29:30,R5CR804V9CT,0,3446765,SUCCESS,Task Completed
2026-07-24 01:29:59,R5CR713T5WT,0,3446824,SUCCESS,Task Completed
2026-07-24 01:30:59,R5CR81QCVCK,0,3448490,FAIL,Frida Crash (Connection lost)
2026-07-24 01:31:00,R5CR802CTAL,0,3447276,SUCCESS,Task Completed
2026-07-24 01:31:08,R5CR81PA2GT,0,3447128,SUCCESS,Task Completed
2026-07-24 01:31:26,R5CR81PA2GT,0,3448522,FAIL,Frida Crash (Connection lost)
2026-07-24 01:32:56,R3CR70D3ECZ,0,3447056,SUCCESS,Task Completed
2026-07-24 01:32:57,R3CR90GC5AP,0,3447019,SUCCESS,Task Completed
2026-07-24 01:34:18,R5CR919ZL9A,0,3447485,SUCCESS,Task Completed
2026-07-24 01:35:00,R5CRA0PW01W,0,3447221,SUCCESS,Task Completed
2026-07-24 01:35:21,R5CR715VSTX,0,3447314,SUCCESS,Task Completed
2026-07-24 01:35:41,R3CR70SZ0JJ,0,3447776,FAIL,MISSING_ARRIVAL_PACKETS
2026-07-24 01:35:59,R3CRB0PZGDR,0,3447242,SUCCESS,Task Completed
2026-07-24 01:36:12,R3CRB0WCGET,0,3447262,SUCCESS,Task Completed
2026-07-24 01:36:45,R3CRA0EJ6SD,0,3447548,SUCCESS,Task Completed
2026-07-24 01:37:05,R5CR80ZNFTH,0,3447293,SUCCESS,Task Completed
2026-07-24 01:38:09,R3CR80LSWGD,0,3447626,SUCCESS,Task Completed
2026-07-24 01:38:27,R3CR80LSWGD,0,3449095,FAIL,Frida Crash (Connection lost)
2026-07-24 01:38:54,R3CR90GCB5L,0,3447534,SUCCESS,Task Completed
2026-07-24 01:40:18,R5CRA19WHAD,0,3447713,SUCCESS,Task Completed
2026-07-24 01:41:30,R5CR813E9AB,0,3447735,SUCCESS,Task Completed
2026-07-24 01:41:35,R3CRC0ZCD2Z,0,3448008,SUCCESS,Task Completed
2026-07-24 01:43:06,R3CR90CE67P,0,3448279,SUCCESS,Task Completed
2026-07-24 01:43:15,R5CR9336DSB,0,3447880,SUCCESS,Task Completed
2026-07-24 01:45:37,R3CR70JFWXJ,0,3449177,SUCCESS,Task Completed
2026-07-24 01:45:38,R3CR90CCP1D,0,3448161,SUCCESS,Task Completed
2026-07-24 01:45:41,R5CR807XTKD,0,3448043,SUCCESS,Task Completed
2026-07-24 01:46:24,R3CR90MAW4B,0,3448546,SUCCESS,Task Completed
2026-07-24 01:46:25,R5CR80ZPJ0Z,0,3448250,SUCCESS,Task Completed
2026-07-24 01:46:38,R3CR90CE67P,0,3449510,SUCCESS,Task Completed
2026-07-24 01:47:27,R3CR8045YWN,0,3448382,SUCCESS,Task Completed
2026-07-24 01:47:43,R3CRB0ATRRK,0,3448300,SUCCESS,Task Completed
2026-07-24 01:47:55,R5CR81S2C2J,0,3448202,SUCCESS,Task Completed
2026-07-24 01:47:59,R3CR70WD7NA,0,3448363,SUCCESS,Task Completed
2026-07-24 01:49:23,R5CR80E53QP,0,3448465,SUCCESS,Task Completed
2026-07-24 01:49:28,R5CR81PA2GT,0,3448630,SUCCESS,Task Completed
2026-07-24 01:49:33,R5CR715VSTX,0,3448872,SUCCESS,Task Completed
2026-07-24 01:49:59,R3CR70SZ0JJ,0,3448910,SUCCESS,Task Completed
2026-07-24 01:50:11,R5CR80DSS2W,0,3448569,SUCCESS,Task Completed
2026-07-24 01:51:03,R5CR802CTAL,0,3448511,SUCCESS,Task Completed
2026-07-24 01:51:20,R5CR81QCVCK,0,3448616,SUCCESS,Task Completed
2026-07-24 01:51:21,R5CRA0PW01W,0,3448838,SUCCESS,Task Completed
2026-07-24 01:51:49,R3CRB0WCGET,0,3448932,SUCCESS,Task Completed
2026-07-24 01:52:11,R3CR90HEZDB,0,3448599,SUCCESS,Task Completed
2026-07-24 01:52:22,R5CR802VA4D,0,3448708,SUCCESS,Task Completed
2026-07-24 01:52:47,R3CR70JFWXJ,0,3449698,SUCCESS,Task Completed
2026-07-24 01:52:49,R3CRC0RBEPP,0,3448889,SUCCESS,Task Completed
2026-07-24 01:53:21,R5CR919ZL9A,0,3448781,SUCCESS,Task Completed
2026-07-24 01:53:47,R5CR919ZL9A,0,3450374,FAIL,Frida Crash (Connection lost)
2026-07-24 01:54:26,R5CRC3DZRQH,0,3449025,SUCCESS,Task Completed
2026-07-24 01:54:42,R5CR818AW0R,0,3449285,SUCCESS,Task Completed
2026-07-24 01:54:50,R3CRB0PZGDR,0,3448920,SUCCESS,Task Completed
2026-07-24 01:55:08,R3CR804583K,0,3449559,SUCCESS,Task Completed
2026-07-24 01:55:16,R5CR80ZNFTH,0,3448996,SUCCESS,Task Completed
2026-07-24 01:55:24,R5CRA19WHAD,0,3449292,SUCCESS,Task Completed
2026-07-24 01:56:50,R3CRC0XSEHY,0,3449121,SUCCESS,Task Completed
2026-07-24 01:58:46,R5CRC2RDAFB,0,3449241,SUCCESS,Task Completed
2026-07-24 01:58:48,R3CRA0GP5YP,0,3449671,SUCCESS,Task Completed
2026-07-24 01:59:14,R3CR80NVXJE,0,3449230,SUCCESS,Task Completed
2026-07-24 01:59:21,R3CRA09DW9E,0,3449369,SUCCESS,Task Completed
2026-07-24 02:00:18,R3CR90CCP1D,0,3449705,SUCCESS,Task Completed
2026-07-24 02:01:24,R5CR813E9AB,0,3449405,SUCCESS,Task Completed
2026-07-24 02:01:30,R5CR818AW0R,0,3450490,SUCCESS,Task Completed
2026-07-24 02:02:13,R5CR802BBLB,0,3449606,SUCCESS,Task Completed
2026-07-24 02:04:35,R5CR813E9AB,0,3451019,SUCCESS,Task Completed
2026-07-24 02:05:44,R3CR8045YWN,0,3449867,SUCCESS,Task Completed
2026-07-24 02:07:10,R5CR80E53QP,0,3450029,SUCCESS,Task Completed
2026-07-24 02:07:43,R5CR804V9CT,0,3450090,SUCCESS,Task Completed
2026-07-24 02:08:41,R3CR70WD7NA,0,3449959,SUCCESS,Task Completed
2026-07-24 02:09:14,R5CR81PA2GT,0,3450042,SUCCESS,Task Completed
2026-07-24 02:09:18,R5CR713T5WT,0,3450132,SUCCESS,Task Completed
2026-07-24 02:09:33,R3CR90HEZDB,0,3450260,SUCCESS,Task Completed
2026-07-24 02:09:35,R5CRC3DZRQH,0,3450452,SUCCESS,Task Completed
2026-07-24 02:09:59,R3CR90SJ6SW,0,3450392,SUCCESS,Task Completed
2026-07-24 02:11:20,R3CRC0RBEPP,0,3450329,SUCCESS,Task Completed
2026-07-24 02:11:29,R3CR70JFWXJ,0,3450321,SUCCESS,Task Completed
2026-07-24 02:12:07,R5CR82NR07J,0,3451118,SUCCESS,Task Completed
2026-07-24 02:12:37,R5CR8153KWN,0,3450413,SUCCESS,Task Completed
2026-07-24 02:13:36,R3CRC0XSEHY,0,3450630,SUCCESS,Task Completed
2026-07-24 02:14:52,R5CR919ZL9A,0,3450504,SUCCESS,Task Completed
2026-07-24 02:14:54,R3CRB0PZGDR,0,3450471,SUCCESS,Task Completed
2026-07-24 02:16:40,R3CR80NVXJE,0,3450855,SUCCESS,Task Completed
2026-07-24 02:17:04,R3CRC0ZCD2Z,0,3451063,SUCCESS,Task Completed
2026-07-24 02:17:23,R5CRC2RDAFB,0,3450826,SUCCESS,Task Completed
2026-07-24 02:17:27,R3CR90CCP1D,0,3450925,SUCCESS,Task Completed
2026-07-24 02:18:25,R3CR80LSWGD,0,3450889,SUCCESS,Task Completed
2026-07-24 02:18:31,R3CRA0GP5YP,0,3450813,SUCCESS,Task Completed
2026-07-24 02:20:50,R3CR8045YWN,0,3451370,SUCCESS,Task Completed
2026-07-24 02:24:28,R3CR70JFWXJ,0,3451867,SUCCESS,Task Completed
2026-07-24 02:24:36,R5CR80ZPJ0Z,0,3451427,FAIL,MISSING_ARRIVAL_PACKETS
2026-07-24 02:24:48,R5CR81S2C2J,0,3451564,SUCCESS,Task Completed
2026-07-24 02:24:57,R5CR804V9CT,0,3451546,SUCCESS,Task Completed
2026-07-24 02:26:01,R3CR90HEZDB,0,3451679,SUCCESS,Task Completed
2026-07-24 02:26:09,R3CR90SJ6SW,0,3451747,SUCCESS,Task Completed
2026-07-24 02:26:13,R5CR807XTKD,0,3451387,FAIL,MISSING_ARRIVAL_PACKETS
2026-07-24 02:26:27,R3CR70SZ0JJ,0,3451781,SUCCESS,Task Completed
2026-07-24 02:26:30,R5CR82FNMVX,0,3452792,SUCCESS,Task Completed
2026-07-24 02:26:33,R3CR70D3ECZ,0,3451996,SUCCESS,Task Completed
2026-07-24 02:26:33,R5CRA0TJHLK,0,3451576,SUCCESS,Task Completed
2026-07-24 02:27:10,R5CR713T5WT,0,3451697,SUCCESS,Task Completed
2026-07-24 02:27:38,R3CRB0ATRRK,0,3451533,SUCCESS,Task Completed
2026-07-24 02:27:52,R5CR80BKKQH,0,3451637,SUCCESS,Task Completed
2026-07-24 02:28:52,R3CR70WD1KX,0,3451791,SUCCESS,Task Completed
2026-07-24 02:28:56,R5CR715VSTX,0,3451758,SUCCESS,Task Completed
2026-07-24 02:29:00,R3CRB0WCGET,0,3451935,SUCCESS,Task Completed
2026-07-24 02:30:52,R5CR80BKKQH,0,3453154,SUCCESS,Task Completed
2026-07-24 02:31:10,R5CR81QCVCK,0,3451877,SUCCESS,Task Completed
2026-07-24 02:31:20,R3CR90GC5AP,0,3452003,SUCCESS,Task Completed
2026-07-24 02:31:43,R5CR80ZYL9K,0,3452164,SUCCESS,Task Completed
2026-07-24 02:31:53,R3CRC0XSEHY,0,3452017,SUCCESS,Task Completed
2026-07-24 02:32:22,R3CR70SZ0JJ,0,3453094,SUCCESS,Task Completed
2026-07-24 02:33:47,R5CR81PA2GT,0,3453288,SUCCESS,Task Completed
2026-07-24 02:35:41,R3CR90H1NCP,0,3452459,SUCCESS,Task Completed
2026-07-24 02:35:47,R3CR90GCB5L,0,3452504,SUCCESS,Task Completed
2026-07-24 02:35:56,R3CR80NVXJE,0,3452277,SUCCESS,Task Completed
2026-07-24 02:37:21,R3CR90CCP1D,0,3452365,SUCCESS,Task Completed
2026-07-24 02:38:38,R3CR8045YWN,0,3452593,SUCCESS,Task Completed
2026-07-24 02:39:01,R3CRA09DW9E,0,3452533,SUCCESS,Task Completed
2026-07-24 02:39:13,R5CR818AW0R,0,3452674,SUCCESS,Task Completed
2026-07-24 02:40:15,R5CR82CEZBN,0,3452702,SUCCESS,Task Completed
2026-07-24 02:42:14,R5CR80ZPJ0Z,0,3452878,SUCCESS,Task Completed
2026-07-24 02:42:46,R5CR82FNMVX,0,3453047,SUCCESS,Task Completed
2026-07-24 02:42:49,R3CR90MAW4B,0,3453108,SUCCESS,Task Completed
2026-07-24 02:43:35,R5CR813E9AB,0,3452950,SUCCESS,Task Completed
2026-07-24 02:45:39,R3CR90SJ6SW,0,3453013,SUCCESS,Task Completed
2026-07-24 02:46:37,R5CR713T5WT,0,3453124,SUCCESS,Task Completed
2026-07-24 02:46:38,R5CR715VSTX,0,3453265,SUCCESS,Task Completed
2026-07-24 02:47:06,R5CR91SH8LM,0,3453190,SUCCESS,Task Completed
2026-07-24 02:47:20,R3CR70WD1KX,0,3453241,SUCCESS,Task Completed
2026-07-24 02:47:30,R3CR70WD7NA,0,3453252,SUCCESS,Task Completed
2026-07-24 02:47:43,R5CR82NR07J,0,3453504,SUCCESS,Task Completed
2026-07-24 02:48:09,R3CR90CE67P,0,3453139,SUCCESS,Task Completed
2026-07-24 02:48:45,R5CR80BKKQH,0,3453390,SUCCESS,Task Completed
2026-07-24 02:49:33,R5CR81SQ8JJ,0,3453313,SUCCESS,Task Completed
2026-07-24 02:49:33,R3CR70AV5ZZ,0,3454753,FAIL,Frida Crash (Connection lost)
2026-07-24 02:49:34,R3CR90GC5AP,0,3453426,SUCCESS,Task Completed
2026-07-24 02:49:43,R5CR802CTAL,0,3453476,SUCCESS,Task Completed
2026-07-24 02:49:59,R5CRA19WHAD,0,3453770,SUCCESS,Task Completed
2026-07-24 02:50:33,R5CR8153KWN,0,3453542,SUCCESS,Task Completed
2026-07-24 02:50:37,R5CR9336DSB,0,3454339,SUCCESS,Task Completed
2026-07-24 02:51:34,R3CRC0RBEPP,0,3453441,SUCCESS,Task Completed
2026-07-24 02:51:39,R5CR80DSS2W,0,3454904,FAIL,Frida Crash (Connection lost)
2026-07-24 02:52:01,R5CRC2RDAFB,0,3453886,SUCCESS,Task Completed
2026-07-24 02:52:16,R3CR90CCP1D,0,3453851,SUCCESS,Task Completed
2026-07-24 02:52:39,R3CR80NVXJE,0,3453757,SUCCESS,Task Completed
2026-07-24 02:54:33,R3CRC0ZCD2Z,0,3453833,SUCCESS,Task Completed
2026-07-24 02:55:49,R3CR80LSWGD,0,3453937,SUCCESS,Task Completed
2026-07-24 02:55:58,R3CR804583K,0,3453801,SUCCESS,Task Completed
2026-07-24 02:56:04,R5CR8153KWN,0,3454862,SUCCESS,Task Completed
2026-07-24 02:56:31,R3CR90H1NCP,0,3455262,FAIL,Frida Crash (Connection lost)
2026-07-24 02:57:01,R5CR80ZNFTH,0,3453816,SUCCESS,Task Completed
2026-07-24 02:57:17,R5CR80ZNFTH,0,3455306,FAIL,Frida Crash (Connection lost)
2026-07-24 02:57:30,R5CRC2RDAFB,0,3454976,SUCCESS,Task Completed
2026-07-24 02:57:37,R3CRA09DW9E,0,3453996,SUCCESS,Task Completed
2026-07-24 02:59:08,R3CRA0GP5YP,0,3453972,SUCCESS,Task Completed
2026-07-24 02:59:56,R5CR82CEZBN,0,3454067,SUCCESS,Task Completed
2026-07-24 03:00:56,R5CRA0TJHLK,0,3454565,SUCCESS,Task Completed
2026-07-24 03:00:56,R3CR70JFWXJ,0,3454398,SUCCESS,Task Completed
2026-07-24 03:01:01,R5CR82FNMVX,0,3454256,SUCCESS,Task Completed
2026-07-24 03:01:29,R5CR80ZPJ0Z,0,3454220,SUCCESS,Task Completed
2026-07-24 03:01:43,R3CR90SJ6SW,0,3454481,SUCCESS,Task Completed
2026-07-24 03:03:10,R5CR82H78WT,0,3454286,SUCCESS,Task Completed
2026-07-24 03:04:03,R5CR80ZNCXT,0,3454462,SUCCESS,Task Completed
2026-07-24 03:04:37,R5CR715VSTX,0,3454554,SUCCESS,Task Completed
2026-07-24 03:04:46,R3CR70WD7NA,0,3454625,SUCCESS,Task Completed
2026-07-24 03:04:48,R5CR80ZNFTH,0,3455420,SUCCESS,Task Completed
2026-07-24 03:05:04,R5CR807XTKD,0,3454527,SUCCESS,Task Completed
2026-07-24 03:05:32,R3CR80NVXJE,0,3455040,SUCCESS,Task Completed
2026-07-24 03:05:47,R5CR713T5WT,0,3454550,SUCCESS,Task Completed
2026-07-24 03:05:56,R3CRC0RBEPP,0,3454924,SUCCESS,Task Completed
2026-07-24 03:06:11,R3CRB0WCGET,0,3454780,SUCCESS,Task Completed
2026-07-24 03:06:35,R3CR70WD1KX,0,3454609,SUCCESS,Task Completed
2026-07-24 03:06:36,R3CR90HEZDB,0,3456005,FAIL,App Closed
2026-07-24 03:07:33,R5CR81QCVCK,0,3454942,SUCCESS,Task Completed
2026-07-24 03:08:20,R5CR9336DSB,0,3454874,SUCCESS,Task Completed
2026-07-24 03:08:40,R3CR90GC5AP,0,3454811,SUCCESS,Task Completed
2026-07-24 03:09:14,R5CRA19WHAD,0,3454828,SUCCESS,Task Completed
2026-07-24 03:09:49,R5CR81PA2GT,0,3455108,SUCCESS,Task Completed
2026-07-24 03:09:59,R3CR804583K,0,3455237,SUCCESS,Task Completed
2026-07-24 03:10:56,R5CRA0PW01W,0,3455057,SUCCESS,Task Completed
2026-07-24 03:10:57,R5CR802VA4D,0,3455079,SUCCESS,Task Completed
2026-07-24 03:11:06,R3CR70SZ0JJ,0,3455031,SUCCESS,Task Completed
2026-07-24 03:11:24,R3CR90H1NCP,0,3455371,SUCCESS,Task Completed
2026-07-24 03:12:24,R3CRC0ZCD2Z,0,3455153,SUCCESS,Task Completed
2026-07-24 03:12:32,R3CRC0XSEHY,0,3455009,SUCCESS,Task Completed
2026-07-24 03:12:52,R3CR90CCP1D,0,3454999,SUCCESS,Task Completed
2026-07-24 03:13:34,R5CR8153KWN,0,3455275,SUCCESS,Task Completed
2026-07-24 03:14:30,R3CRA09DW9E,0,3455376,SUCCESS,Task Completed
2026-07-24 03:16:47,R3CRA0EJ6SD,0,3455389,SUCCESS,Task Completed
2026-07-24 03:17:50,R3CRA0GP5YP,0,3455480,FAIL,MISSING_ARRIVAL_PACKETS
2026-07-24 03:18:07,R5CRA0PW01W,0,3456341,SUCCESS,Task Completed
2026-07-24 03:18:34,R3CR8045YWN,0,3455468,SUCCESS,Task Completed
2026-07-24 03:19:58,R5CR80ZPJ0Z,0,3455661,SUCCESS,Task Completed
2026-07-24 03:20:42,R5CR80ZNCXT,0,3455853,SUCCESS,Task Completed
2026-07-24 03:21:05,R3CR90SJ6SW,0,3455681,SUCCESS,Task Completed
2026-07-24 03:21:07,R3CR70WD1KX,0,3456039,SUCCESS,Task Completed
2026-07-24 03:21:42,R3CR90MAW4B,0,3455788,SUCCESS,Task Completed
2026-07-24 03:21:44,R3CR70D3ECZ,0,3456095,SUCCESS,Task Completed
2026-07-24 03:21:50,R5CR82FNMVX,0,3457106,FAIL,Frida Crash (Connection lost)
2026-07-24 03:22:51,R3CR90HEZDB,0,3456129,SUCCESS,Task Completed
2026-07-24 03:23:09,R5CR82NR07J,0,3456149,SUCCESS,Task Completed
2026-07-24 03:24:21,R3CRB0ATRRK,0,3456205,FAIL,MISSING_ARRIVAL_PACKETS
2026-07-24 03:24:43,R3CR80NVXJE,0,3455966,SUCCESS,Task Completed
2026-07-24 03:24:54,R5CR91SH8LM,0,3456161,SUCCESS,Task Completed
2026-07-24 03:25:01,R3CRA09DW9E,0,3456621,FAIL,MISSING_ARRIVAL_PACKETS
2026-07-24 03:26:14,R5CR82FNMVX,0,3457248,SUCCESS,Task Completed
2026-07-24 03:26:24,R5CRA19WHAD,0,3456224,SUCCESS,Task Completed
2026-07-24 03:27:06,R5CR80E53QP,0,3456214,SUCCESS,Task Completed
2026-07-24 03:27:13,R5CR81SQ8JJ,0,3456266,SUCCESS,Task Completed
2026-07-24 03:27:40,R5CR81QCVCK,0,3456103,SUCCESS,Task Completed
2026-07-24 03:29:04,R3CR90CE67P,0,3457641,FAIL,App Closed
2026-07-24 03:29:21,R3CR90H1NCP,0,3456392,SUCCESS,Task Completed
2026-07-24 03:29:51,R5CR919ZL9A,0,3456700,SUCCESS,Task Completed
2026-07-24 03:31:44,R5CRA0PW01W,0,3456865,SUCCESS,Task Completed
2026-07-24 03:32:24,R3CRC0XSEHY,0,3456457,SUCCESS,Task Completed
2026-07-24 03:34:39,R3CR90GCB5L,0,3456761,SUCCESS,Task Completed
2026-07-24 03:35:17,R5CR802VA4D,0,3457839,SUCCESS,Task Completed
2026-07-24 03:36:43,R3CR90SJ6SW,0,3457093,SUCCESS,Task Completed
2026-07-24 03:37:18,R5CR8153KWN,0,3458044,SUCCESS,Task Completed
2026-07-24 03:37:44,R5CR8153KWN,0,3458303,FAIL,Frida Crash (Connection lost)
2026-07-24 03:38:14,R3CRB0ATRRK,0,3457338,SUCCESS,Task Completed
2026-07-24 03:38:15,R5CR80ZNCXT,0,3457044,SUCCESS,Task Completed
2026-07-24 03:39:12,R3CR70D3ECZ,0,3457133,SUCCESS,Task Completed
2026-07-24 03:39:15,R5CR813E9AB,0,3457310,SUCCESS,Task Completed
2026-07-24 03:39:55,R3CR70WD1KX,0,3457079,SUCCESS,Task Completed
2026-07-24 03:40:46,R5CR81S2C2J,0,3457485,SUCCESS,Task Completed
2026-07-24 03:41:14,R3CRA0EJ6SD,0,3458272,SUCCESS,Task Completed
2026-07-24 03:41:25,R3CR90HEZDB,0,3457223,SUCCESS,Task Completed
2026-07-24 03:41:46,R3CR90MAW4B,0,3457143,SUCCESS,Task Completed
2026-07-24 03:42:17,R5CR802BBLB,0,3457240,SUCCESS,Task Completed
2026-07-24 03:42:21,R5CR807XTKD,0,3457427,SUCCESS,Task Completed
2026-07-24 03:42:26,R3CRA09DW9E,0,3457414,SUCCESS,Task Completed
2026-07-24 03:42:39,R5CR804V9CT,0,3457477,SUCCESS,Task Completed
2026-07-24 03:43:20,R5CR715VSTX,0,3457373,SUCCESS,Task Completed
2026-07-24 03:43:53,R5CR82NR07J,0,3458780,FAIL,Frida Crash (Connection lost)
2026-07-24 03:45:41,R3CRB0WCGET,0,3457532,SUCCESS,Task Completed
2026-07-24 03:45:43,R3CR70SZ0JJ,0,3457888,SUCCESS,Task Completed
2026-07-24 03:45:57,R5CR713T5WT,0,3457471,SUCCESS,Task Completed
2026-07-24 03:46:14,R5CR82FNMVX,0,3457495,SUCCESS,Task Completed
2026-07-24 03:46:47,R5CR715VSTX,0,3458763,SUCCESS,Task Completed
2026-07-24 03:47:48,R5CR919ZL9A,0,3457750,SUCCESS,Task Completed
2026-07-24 03:48:18,R5CR9336DSB,0,3457627,SUCCESS,Task Completed
2026-07-24 03:49:53,R5CR713T5WT,0,3458970,SUCCESS,Task Completed
2026-07-24 03:50:38,R3CR90CE67P,0,3457779,SUCCESS,Task Completed
2026-07-24 03:50:44,R5CRC3DZRQH,0,3457826,SUCCESS,Task Completed
2026-07-24 03:50:48,R5CR80ZYL9K,0,3457914,SUCCESS,Task Completed
2026-07-24 03:52:32,R5CR802VA4D,0,3458149,SUCCESS,Task Completed
2026-07-24 03:53:49,R5CR80ZNCXT,0,3458381,SUCCESS,Task Completed
2026-07-24 03:54:17,R3CRA0EJ6SD,0,3458600,SUCCESS,Task Completed
2026-07-24 03:54:38,R3CR70D3ECZ,0,3458438,SUCCESS,Task Completed
2026-07-24 03:55:20,R5CR81S2C2J,0,3458563,SUCCESS,Task Completed
2026-07-24 03:55:27,R3CR80LSWGD,0,3458220,SUCCESS,Task Completed
2026-07-24 03:55:28,R5CR8153KWN,0,3458406,SUCCESS,Task Completed
2026-07-24 03:56:10,R3CR90HEZDB,0,3458626,SUCCESS,Task Completed
2026-07-24 03:56:31,R5CR82H78WT,0,3458794,SUCCESS,Task Completed
2026-07-24 03:56:58,R5CR818AW0R,0,3458464,SUCCESS,Task Completed
2026-07-24 03:57:42,R3CRB0ATRRK,0,3458366,SUCCESS,Task Completed
2026-07-24 03:58:17,R5CR802BBLB,0,3458673,SUCCESS,Task Completed
2026-07-24 03:58:31,R3CR70JFWXJ,0,3458592,SUCCESS,Task Completed
2026-07-24 03:58:34,R5CR81S2C2J,0,3459688,SUCCESS,Task Completed
2026-07-24 03:59:26,R5CR804V9CT,0,3458719,SUCCESS,Task Completed
2026-07-24 04:00:46,R3CRC0RBEPP,0,3459063,SUCCESS,Task Completed
2026-07-24 04:01:53,R5CRA0TJHLK,0,3458686,SUCCESS,Task Completed
2026-07-24 04:02:50,R5CR807XTKD,0,3460225,FAIL,Frida Crash (Connection lost)
2026-07-24 04:02:58,R3CR90H1NCP,0,3459223,SUCCESS,Task Completed
2026-07-24 04:03:37,R5CRC3DZRQH,0,3459324,SUCCESS,Task Completed
2026-07-24 04:03:37,R5CR91SH8LM,0,3458918,SUCCESS,Task Completed
2026-07-24 04:05:01,R3CR70SZ0JJ,0,3458945,SUCCESS,Task Completed
2026-07-24 04:05:06,R5CR802CTAL,0,3459354,SUCCESS,Task Completed
2026-07-24 04:05:28,R5CR713T5WT,0,3459260,SUCCESS,Task Completed
2026-07-24 04:05:40,R5CR81SQ8JJ,0,3459091,SUCCESS,Task Completed
2026-07-24 04:06:13,R5CR81QCVCK,0,3459125,SUCCESS,Task Completed
2026-07-24 04:07:06,R3CR90CE67P,0,3459296,SUCCESS,Task Completed
2026-07-24 04:07:36,R5CRA0PW01W,0,3459429,SUCCESS,Task Completed
2026-07-24 04:07:43,R5CR81PA2GT,0,3459270,SUCCESS,Task Completed
2026-07-24 04:08:40,R5CR80DSS2W,0,3459551,SUCCESS,Task Completed
2026-07-24 04:09:39,R5CR802VA4D,0,3459456,SUCCESS,Task Completed
2026-07-24 04:09:51,R3CRC0XSEHY,0,3459484,SUCCESS,Task Completed
2026-07-24 04:10:12,R5CR713T5WT,0,3460528,SUCCESS,Task Completed
2026-07-24 04:11:19,R3CR70JFWXJ,0,3459932,SUCCESS,Task Completed
2026-07-24 04:13:03,R5CR82H78WT,0,3459760,SUCCESS,Task Completed
2026-07-24 04:14:22,R5CR802BBLB,0,3459912,SUCCESS,Task Completed
2026-07-24 04:14:31,R3CR90GCB5L,0,3459630,SUCCESS,Task Completed
2026-07-24 04:15:54,R3CR70WD1KX,0,3460028,SUCCESS,Task Completed
2026-07-24 04:16:08,R3CR90GCB5L,0,3461193,FAIL,ADDRESS_NOT_FOUND
2026-07-24 04:16:10,R3CR70WD1KX,0,3461277,FAIL,BATTERY_LOW_19%
2026-07-24 04:17:04,R3CRB0ATRRK,0,3459842,SUCCESS,Task Completed
2026-07-24 04:17:05,R3CR90CCP1D,0,3461089,SUCCESS,Task Completed
2026-07-24 04:17:19,R3CR90MAW4B,0,3460169,SUCCESS,Task Completed
2026-07-24 04:17:42,R3CRA0GP5YP,0,3459896,SUCCESS,Task Completed
2026-07-24 04:17:50,R3CR8045YWN,0,3459940,SUCCESS,Task Completed
2026-07-24 04:18:14,R3CR70WD1KX,0,3461447,FAIL,BATTERY_LOW_19%
2026-07-24 04:18:55,R3CR90H1NCP,0,3460275,SUCCESS,Task Completed
2026-07-24 04:19:12,R3CRC0RBEPP,0,3460096,SUCCESS,Task Completed
2026-07-24 04:19:13,R5CR82CEZBN,0,3460067,SUCCESS,Task Completed
2026-07-24 04:19:35,R5CR802BBLB,0,3461167,SUCCESS,Task Completed
2026-07-24 04:20:08,R3CR70WD1KX,0,3461592,FAIL,BATTERY_LOW_19%
2026-07-24 04:21:35,R3CR70WD1KX,0,3461691,FAIL,BATTERY_LOW_19%
2026-07-24 04:21:56,R5CR807XTKD,0,3460375,SUCCESS,Task Completed
2026-07-24 04:23:02,R3CR70WD1KX,0,3461794,FAIL,BATTERY_LOW_19%
2026-07-24 04:23:13,R5CR82CEZBN,0,3461524,SUCCESS,Task Completed
2026-07-24 04:23:49,R5CR81PA2GT,0,3460654,SUCCESS,Task Completed
2026-07-24 04:23:56,R5CR802CTAL,0,3460486,SUCCESS,Task Completed
2026-07-24 04:24:09,R5CR81SQ8JJ,0,3460535,SUCCESS,Task Completed
2026-07-24 04:24:34,R5CR80E53QP,0,3460686,SUCCESS,Task Completed
2026-07-24 04:24:39,R3CRB0WCGET,0,3460565,SUCCESS,Task Completed
2026-07-24 04:24:49,R3CR70WD1KX,0,3461918,FAIL,BATTERY_LOW_19%
2026-07-24 04:24:51,R3CR90CCP1D,0,3461387,SUCCESS,Task Completed
2026-07-24 04:25:00,R3CR70WD7NA,0,3460521,SUCCESS,Task Completed
2026-07-24 04:25:01,R5CRA0PW01W,0,3460661,SUCCESS,Task Completed
2026-07-24 04:25:03,R5CR82FNMVX,0,3460604,SUCCESS,Task Completed
2026-07-24 04:25:28,R3CR70SZ0JJ,0,3460456,SUCCESS,Task Completed
2026-07-24 04:25:57,R3CR70WD1KX,0,3462019,FAIL,BATTERY_LOW_19%
2026-07-24 04:26:05,R3CR70JFWXJ,0,3460920,SUCCESS,Task Completed
2026-07-24 04:26:41,R5CRA19WHAD,0,3460612,SUCCESS,Task Completed
2026-07-24 04:26:56,R3CR90CE67P,0,3460631,SUCCESS,Task Completed
2026-07-24 04:27:10,R5CR919ZL9A,0,3460702,FAIL,MISSING_ARRIVAL_PACKETS
2026-07-24 04:27:50,R3CR70WD1KX,0,3462175,FAIL,BATTERY_LOW_18%
2026-07-24 04:27:57,R5CR80BKKQH,0,3460841,SUCCESS,Task Completed
2026-07-24 04:29:06,R3CR90HEZDB,0,3461324,SUCCESS,Task Completed
2026-07-24 04:29:19,R5CR80DSS2W,0,3462261,FAIL,Frida Crash (Connection lost)
2026-07-24 04:29:46,R3CR70WD7NA,0,3462031,SUCCESS,Task Completed
2026-07-24 04:29:50,R3CR70WD1KX,0,3462329,FAIL,BATTERY_LOW_18%
2026-07-24 04:29:58,R5CR82H78WT,0,3461031,SUCCESS,Task Completed
2026-07-24 04:31:33,R5CR807XTKD,0,3461722,SUCCESS,Task Completed
2026-07-24 04:31:44,R5CRC2RDAFB,0,3461461,FAIL,MISSING_ARRIVAL_PACKETS
2026-07-24 04:31:45,R3CR70WD1KX,0,3462473,FAIL,BATTERY_LOW_18%
2026-07-24 04:31:47,R3CR90GCB5L,0,3461292,SUCCESS,Task Completed
2026-07-24 04:32:16,R5CR807XTKD,0,3462492,FAIL,Frida Crash (Connection lost)
2026-07-24 04:32:52,R3CR80LSWGD,0,3461228,SUCCESS,Task Completed
2026-07-24 04:33:28,R3CR70WD1KX,0,3462611,FAIL,BATTERY_LOW_18%
2026-07-24 04:33:56,R3CR70D3ECZ,0,3461178,SUCCESS,Task Completed
2026-07-24 04:34:20,R5CR802VA4D,0,3462349,SUCCESS,Task Completed
2026-07-24 04:35:06,R3CR70WD1KX,0,3462721,FAIL,BATTERY_LOW_18%
2026-07-24 04:35:22,R5CR80ZPJ0Z,0,3461632,SUCCESS,Task Completed
2026-07-24 04:36:08,R3CRB0PZGDR,0,3461302,SUCCESS,Task Completed
2026-07-24 04:36:11,R5CR9336DSB,0,3462242,SUCCESS,Task Completed
2026-07-24 04:36:28,R3CR90SJ6SW,0,3461349,SUCCESS,Task Completed
2026-07-24 04:36:48,R3CR70WD1KX,0,3462848,FAIL,BATTERY_LOW_18%
2026-07-24 04:36:59,R5CR807XTKD,0,3462634,SUCCESS,Task Completed
2026-07-24 04:37:07,R5CR80DSS2W,0,3462421,SUCCESS,Task Completed
2026-07-24 04:37:13,R5CRA0TJHLK,0,3461756,SUCCESS,Task Completed
2026-07-24 04:37:21,R3CRA0GP5YP,0,3461409,SUCCESS,Task Completed
2026-07-24 04:37:38,R3CR90MAW4B,0,3461399,SUCCESS,Task Completed
2026-07-24 04:37:44,R3CR8045YWN,0,3461454,SUCCESS,Task Completed
2026-07-24 04:38:43,R3CR70WD1KX,0,3463000,FAIL,BATTERY_LOW_17%
2026-07-24 04:38:47,R5CR80DSS2W,0,3462876,FAIL,NO_ROUTE_FOUND: 길찾기 결과가 없습니다.
2026-07-24 04:40:23,R3CR70WD1KX,0,3463125,FAIL,BATTERY_LOW_17%
2026-07-24 04:41:39,R3CR90CCP1D,0,3461928,SUCCESS,Task Completed
2026-07-24 04:41:46,R5CR807XTKD,0,3462870,SUCCESS,Task Completed
2026-07-24 04:41:58,R5CR802CTAL,0,3461872,SUCCESS,Task Completed
2026-07-24 04:42:07,R3CR70WD1KX,0,3463259,FAIL,BATTERY_LOW_17%
2026-07-24 04:42:59,R5CR81PA2GT,0,3461884,SUCCESS,Task Completed
2026-07-24 04:43:21,R5CR81QCVCK,0,3462142,SUCCESS,Task Completed
2026-07-24 04:43:39,R3CRA09DW9E,0,3463345,FAIL,Frida Crash (Connection lost)
2026-07-24 04:43:51,R3CR90HEZDB,0,3462292,SUCCESS,Task Completed
2026-07-24 04:43:52,R3CR70WD1KX,0,3463364,FAIL,BATTERY_LOW_17%
2026-07-24 04:44:42,R3CR90CCP1D,0,3463227,SUCCESS,Task Completed
2026-07-24 04:44:45,R3CR70JFWXJ,0,3462086,SUCCESS,Task Completed
2026-07-24 04:44:53,R5CR81SQ8JJ,0,3463424,FAIL,App Closed
2026-07-24 04:45:00,R5CR715VSTX,0,3462190,SUCCESS,Task Completed
2026-07-24 04:45:08,R5CR82FNMVX,0,3461968,SUCCESS,Task Completed
2026-07-24 04:45:13,R5CR80E53QP,0,3461955,FAIL,MISSING_ARRIVAL_PACKETS
2026-07-24 04:45:59,R5CR81SQ8JJ,0,3463496,FAIL,Frida Crash (Connection lost)
2026-07-24 04:46:08,R5CR82FNMVX,0,3463507,FAIL,Frida Crash (Connection lost)
2026-07-24 04:46:21,R3CR70WD1KX,0,3463538,FAIL,BATTERY_LOW_17%
2026-07-24 04:46:49,R5CR80ZNCXT,0,3462677,SUCCESS,Task Completed
2026-07-24 04:47:02,R5CRA19WHAD,0,3462108,SUCCESS,Task Completed
2026-07-24 04:47:18,R5CR80BKKQH,0,3462201,SUCCESS,Task Completed
2026-07-24 04:48:39,R3CR70SZ0JJ,0,3463528,SUCCESS,Task Completed
2026-07-24 04:48:50,R3CR70WD1KX,0,3463769,FAIL,BATTERY_LOW_16%
2026-07-24 04:49:13,R5CR82H78WT,0,3462360,SUCCESS,Task Completed
2026-07-24 04:49:24,R3CR70WD7NA,0,3462341,SUCCESS,Task Completed
2026-07-24 04:50:16,R3CR70WD1KX,0,3463874,FAIL,BATTERY_LOW_16%
2026-07-24 04:50:34,R5CR82NR07J,0,3463626,SUCCESS,Task Completed
2026-07-24 04:51:39,R3CR70WD1KX,0,3463990,FAIL,BATTERY_LOW_16%
2026-07-24 04:52:25,R3CR70D3ECZ,0,3462643,SUCCESS,Task Completed
2026-07-24 04:52:28,R5CR8153KWN,0,3462796,SUCCESS,Task Completed
2026-07-24 04:52:59,R5CR802VA4D,0,3462667,SUCCESS,Task Completed
2026-07-24 04:53:18,R3CR70WD1KX,0,3464109,FAIL,BATTERY_LOW_16%
2026-07-24 04:54:28,R3CRA0EJ6SD,0,3462695,SUCCESS,Task Completed
2026-07-24 04:54:30,R5CRA0TJHLK,0,3462884,SUCCESS,Task Completed
2026-07-24 04:54:59,R3CR70WD1KX,0,3464234,FAIL,BATTERY_LOW_16%
2026-07-24 04:55:19,R5CR80ZPJ0Z,0,3462743,SUCCESS,Task Completed
2026-07-24 04:55:51,R3CRB0PZGDR,0,3462820,SUCCESS,Task Completed
2026-07-24 04:56:05,R5CR80DSS2W,0,3463008,SUCCESS,Task Completed
2026-07-24 04:56:17,R3CR90GCB5L,0,3464023,SUCCESS,Task Completed
2026-07-24 04:56:30,R5CR81SQ8JJ,0,3463691,SUCCESS,Task Completed
2026-07-24 04:56:34,R3CR70WD1KX,0,3464348,FAIL,BATTERY_LOW_16%
2026-07-24 04:56:34,R3CR90MAW4B,0,3462920,SUCCESS,Task Completed
2026-07-24 04:56:36,R5CR81S2C2J,0,3463036,SUCCESS,Task Completed
2026-07-24 04:58:55,R3CR70WD1KX,0,3464523,FAIL,BATTERY_LOW_15%
2026-07-24 04:58:59,R3CR90H1NCP,0,3463056,SUCCESS,Task Completed
2026-07-24 05:00:05,R3CR70JFWXJ,0,3463458,SUCCESS,Task Completed
2026-07-24 05:00:08,R5CR91SH8LM,0,3463411,SUCCESS,Task Completed
2026-07-24 05:00:13,R5CR813E9AB,0,3463130,SUCCESS,Task Completed
2026-07-24 05:00:55,R5CR80ZNCXT,0,3463610,SUCCESS,Task Completed
2026-07-24 05:01:02,R3CR70WD1KX,0,3464686,FAIL,BATTERY_LOW_15%
2026-07-24 05:01:08,R5CR802CTAL,0,3463264,SUCCESS,Task Completed
2026-07-24 05:01:20,R5CRA19WHAD,0,3463636,SUCCESS,Task Completed
2026-07-24 05:01:30,R5CR81SQ8JJ,0,3464387,SUCCESS,Task Completed
2026-07-24 05:01:52,R3CRA09DW9E,0,3463479,SUCCESS,Task Completed
2026-07-24 05:01:57,R5CR82CEZBN,0,3463397,SUCCESS,Task Completed
2026-07-24 05:02:19,R3CRA09DW9E,0,3464779,FAIL,Frida Crash (Connection lost)
2026-07-24 05:02:47,R5CR715VSTX,0,3463488,SUCCESS,Task Completed
2026-07-24 05:02:51,R3CR70WD1KX,0,3464831,FAIL,BATTERY_LOW_15%
2026-07-24 05:03:05,R5CRC3DZRQH,0,3463430,SUCCESS,Task Completed
2026-07-24 05:03:17,R5CR81QCVCK,0,3463357,SUCCESS,Task Completed
2026-07-24 05:03:34,R3CR8045YWN,0,3464488,SUCCESS,Task Completed
2026-07-24 05:03:55,R3CR90GC5AP,0,3463831,SUCCESS,Task Completed
2026-07-24 05:03:58,R5CR82H78WT,0,3463801,SUCCESS,Task Completed
2026-07-24 05:04:08,R3CR8045YWN,0,3464913,FAIL,Frida Crash (Connection lost)
2026-07-24 05:04:36,R3CR70WD1KX,0,3464963,FAIL,BATTERY_LOW_15%
2026-07-24 05:06:10,R3CR70WD1KX,0,3465090,FAIL,BATTERY_LOW_15%
2026-07-24 05:07:34,R3CRC0ZCD2Z,0,3464161,SUCCESS,Task Completed
2026-07-24 05:07:43,R3CR70WD1KX,0,3465197,FAIL,BATTERY_LOW_15%
2026-07-24 05:08:13,R3CR70WD7NA,0,3463820,SUCCESS,Task Completed
2026-07-24 05:08:23,R5CRA0TJHLK,0,3464211,SUCCESS,Task Completed
2026-07-24 05:09:29,R3CR70WD1KX,0,3465335,FAIL,BATTERY_LOW_15%
2026-07-24 05:09:50,R5CR715VSTX,0,3464848,SUCCESS,Task Completed
2026-07-24 05:10:55,R5CR81QCVCK,0,3464875,SUCCESS,Task Completed
2026-07-24 05:10:57,R3CRB0PZGDR,0,3464298,SUCCESS,Task Completed
2026-07-24 05:11:16,R5CR8153KWN,0,3464093,SUCCESS,Task Completed
2026-07-24 05:11:41,R5CR80ZYL9K,0,3464000,SUCCESS,Task Completed
2026-07-24 05:12:09,R5CR807XTKD,0,3464788,SUCCESS,Task Completed
2026-07-24 05:12:12,R3CR70D3ECZ,0,3464084,SUCCESS,Task Completed
2026-07-24 05:12:41,R5CR802VA4D,0,3464131,SUCCESS,Task Completed
2026-07-24 05:13:15,R5CR802VA4D,0,3465604,FAIL,Frida Crash (Connection lost)
2026-07-24 05:13:18,R3CR70WD7NA,0,3465299,SUCCESS,Task Completed
2026-07-24 05:13:45,R3CR90H1NCP,0,3464534,SUCCESS,Task Completed
2026-07-24 05:13:58,R3CRA0EJ6SD,0,3464203,SUCCESS,Task Completed
2026-07-24 05:15:54,R3CR90SJ6SW,0,3464427,SUCCESS,Task Completed
2026-07-24 05:16:10,R3CR90MAW4B,0,3464375,SUCCESS,Task Completed
2026-07-24 05:16:11,R5CR81S2C2J,0,3464380,SUCCESS,Task Completed
2026-07-24 05:16:36,R3CRB0ATRRK,0,3464466,SUCCESS,Task Completed
2026-07-24 05:17:45,R5CR82CEZBN,0,3464796,SUCCESS,Task Completed
2026-07-24 05:18:02,R5CR804V9CT,0,3464645,SUCCESS,Task Completed
2026-07-24 05:18:59,R5CR818AW0R,0,3466024,FAIL,Frida Crash (Connection lost)
2026-07-24 05:19:44,R5CR813E9AB,0,3464655,SUCCESS,Task Completed
2026-07-24 05:19:52,R3CRA09DW9E,0,3464937,SUCCESS,Task Completed
2026-07-24 05:19:54,R3CR70WD1KX,0,3466107,FAIL,BATTERY_LOW_14%
2026-07-24 05:20:17,R3CR70JFWXJ,0,3464628,SUCCESS,Task Completed
2026-07-24 05:20:18,R3CR90GC5AP,0,3464926,SUCCESS,Task Completed
2026-07-24 05:20:58,R3CR90CCP1D,0,3465026,SUCCESS,Task Completed
2026-07-24 05:21:33,R3CR8045YWN,0,3465050,SUCCESS,Task Completed
2026-07-24 05:21:53,R5CRC3DZRQH,0,3464855,SUCCESS,Task Completed
2026-07-24 05:21:53,R5CR80ZNCXT,0,3466254,FAIL,Frida Crash (Connection lost)
2026-07-24 05:22:39,R3CRC0ZCD2Z,0,3465205,SUCCESS,Task Completed
2026-07-24 05:23:03,R3CRC0ZCD2Z,0,3466344,FAIL,Frida Crash (Connection lost)
2026-07-24 05:23:21,R5CR80ZNCXT,0,3466367,FAIL,Frida Crash (Connection lost)
2026-07-24 05:23:52,R5CR81PA2GT,0,3466399,FAIL,App Closed
2026-07-24 05:25:32,R5CR715VSTX,0,3465375,SUCCESS,Task Completed
2026-07-24 05:26:08,R5CR919ZL9A,0,3465318,SUCCESS,Task Completed
2026-07-24 05:27:00,R3CR80NVXJE,0,3465166,SUCCESS,Task Completed
2026-07-24 05:27:17,R3CR90CE67P,0,3465232,SUCCESS,Task Completed
2026-07-24 05:27:58,R3CR70SZ0JJ,0,3465284,SUCCESS,Task Completed
2026-07-24 05:28:33,R5CR82NR07J,0,3465531,SUCCESS,Task Completed
2026-07-24 05:28:35,R5CR82FNMVX,0,3465309,SUCCESS,Task Completed
2026-07-24 05:29:39,R5CR80ZYL9K,0,3465511,SUCCESS,Task Completed
2026-07-24 05:30:43,R3CR90SJ6SW,0,3465826,SUCCESS,Task Completed
2026-07-24 05:30:45,R3CRB0PZGDR,0,3465502,SUCCESS,Task Completed
2026-07-24 05:30:46,R3CR70WD1KX,0,3466910,FAIL,BATTERY_LOW_13%
2026-07-24 05:31:22,R5CRC2RDAFB,0,3465614,SUCCESS,Task Completed
2026-07-24 05:31:54,R5CR81QCVCK,0,3466993,FAIL,Frida Crash (Connection lost)
2026-07-24 05:32:10,R3CR90CE67P,0,3466676,SUCCESS,Task Completed
2026-07-24 05:33:54,R5CR802VA4D,0,3465712,SUCCESS,Task Completed
2026-07-24 05:34:57,R5CR804V9CT,0,3465996,SUCCESS,Task Completed
2026-07-24 05:35:00,R5CR9336DSB,0,3465933,SUCCESS,Task Completed
2026-07-24 05:35:04,R5CR80ZPJ0Z,0,3465800,SUCCESS,Task Completed
2026-07-24 05:36:08,R5CR80DSS2W,0,3465859,SUCCESS,Task Completed
2026-07-24 05:36:08,R3CRA0GP5YP,0,3465991,SUCCESS,Task Completed
2026-07-24 05:36:22,R3CR90MAW4B,0,3465848,SUCCESS,Task Completed
2026-07-24 05:37:04,R3CRC0RBEPP,0,3466126,SUCCESS,Task Completed
2026-07-24 05:38:05,R3CR90CCP1D,0,3466226,SUCCESS,Task Completed
2026-07-24 05:40:24,R3CRA09DW9E,0,3467633,FAIL,Frida Crash (Connection lost)
2026-07-24 05:40:58,R5CR81PA2GT,0,3466510,SUCCESS,Task Completed
2026-07-24 05:41:25,R5CR82H78WT,0,3466476,SUCCESS,Task Completed
2026-07-24 05:41:58,R3CR70WD1KX,0,3467773,FAIL,BATTERY_LOW_12%
2026-07-24 05:42:16,R3CRA0GP5YP,0,3467335,SUCCESS,Task Completed
2026-07-24 05:42:17,R3CR90HEZDB,0,3466502,SUCCESS,Task Completed
2026-07-24 05:43:26,R5CR919ZL9A,0,3466583,SUCCESS,Task Completed
2026-07-24 05:43:30,R5CRA19WHAD,0,3467878,FAIL,Frida Crash (Connection lost)
2026-07-24 05:43:53,R3CR80NVXJE,0,3466664,SUCCESS,Task Completed
2026-07-24 05:44:32,R3CRA0GP5YP,0,3467859,FAIL,ADDRESS_NOT_FOUND
2026-07-24 05:45:25,R3CR70SZ0JJ,0,3466730,SUCCESS,Task Completed
2026-07-24 05:45:36,R3CRA0GP5YP,0,3467984,FAIL,ADDRESS_NOT_FOUND
2026-07-24 05:46:37,R3CRA0GP5YP,0,3468070,FAIL,ADDRESS_NOT_FOUND
2026-07-24 05:47:02,R3CRA0EJ6SD,0,3467228,SUCCESS,Task Completed
2026-07-24 05:47:17,R5CR80BKKQH,0,3466749,SUCCESS,Task Completed
2026-07-24 05:47:44,R3CRB0PZGDR,0,3466939,SUCCESS,Task Completed
2026-07-24 05:48:41,R3CR70WD7NA,0,3467162,SUCCESS,Task Completed
2026-07-24 05:48:43,R3CR70D3ECZ,0,3467075,SUCCESS,Task Completed
2026-07-24 05:50:15,R3CR90SJ6SW,0,3466925,SUCCESS,Task Completed
2026-07-24 05:51:00,R5CR81QCVCK,0,3467138,SUCCESS,Task Completed
2026-07-24 05:51:00,R3CR90H1NCP,0,3467218,SUCCESS,Task Completed
2026-07-24 05:51:20,R3CR90SJ6SW,0,3468447,FAIL,ADDRESS_NOT_FOUND
2026-07-24 05:51:29,R3CR804583K,0,3467024,SUCCESS,Task Completed
2026-07-24 05:52:12,R3CR90CCP1D,0,3467504,SUCCESS,Task Completed
2026-07-24 05:52:25,R3CR90SJ6SW,0,3468524,FAIL,ADDRESS_NOT_FOUND
2026-07-24 05:53:22,R3CR70WD1KX,0,3468669,FAIL,BATTERY_LOW_11%
2026-07-24 05:54:05,R5CR80DSS2W,0,3467350,SUCCESS,Task Completed
2026-07-24 05:54:32,R3CR804583K,0,3468552,SUCCESS,Task Completed
2026-07-24 05:56:15,R5CR80ZNCXT,0,3467998,SUCCESS,Task Completed
2026-07-24 05:56:17,R3CR90GCB5L,0,3467407,SUCCESS,Task Completed
2026-07-24 05:57:21,R5CR919ZL9A,0,3467908,SUCCESS,Task Completed
2026-07-24 05:57:32,R3CR80LSWGD,0,3468719,SUCCESS,Task Completed
2026-07-24 05:58:11,R5CR82CEZBN,0,3467479,SUCCESS,Task Completed
2026-07-24 05:58:13,R3CRA0EJ6SD,0,3468185,FAIL,MISSING_ARRIVAL_PACKETS
2026-07-24 05:58:14,R3CR90GC5AP,0,3467703,SUCCESS,Task Completed
2026-07-24 05:58:19,R3CRA09DW9E,0,3467786,SUCCESS,Task Completed
2026-07-24 05:59:22,R3CR70SZ0JJ,0,3468057,SUCCESS,Task Completed
2026-07-24 05:59:32,R5CR818AW0R,0,3467729,SUCCESS,Task Completed
2026-07-24 06:00:26,R5CR802CTAL,0,3467796,SUCCESS,Task Completed
2026-07-24 06:00:27,R5CR813E9AB,0,3467650,SUCCESS,Task Completed
2026-07-24 06:00:33,R3CRB0WCGET,0,3468158,SUCCESS,Task Completed
2026-07-24 06:00:40,R5CR82H78WT,0,3467754,SUCCESS,Task Completed
2026-07-24 06:00:51,R3CRB0ATRRK,0,3468969,SUCCESS,Task Completed
2026-07-24 06:01:51,R3CR90HEZDB,0,3467843,SUCCESS,Task Completed
2026-07-24 06:02:05,R5CR715VSTX,0,3468090,SUCCESS,Task Completed
2026-07-24 06:02:08,R5CR81SQ8JJ,0,3467867,SUCCESS,Task Completed
2026-07-24 06:02:09,R5CR82CEZBN,0,3469046,SUCCESS,Task Completed
2026-07-24 06:02:15,R3CR8045YWN,0,3467830,SUCCESS,Task Completed
2026-07-24 06:02:26,R5CR91SH8LM,0,3467807,SUCCESS,Task Completed
2026-07-24 06:02:31,R5CRA19WHAD,0,3468016,SUCCESS,Task Completed
2026-07-24 06:02:40,R3CRB0PZGDR,0,3468244,FAIL,MISSING_ARRIVAL_PACKETS
2026-07-24 06:02:53,R3CR80NVXJE,0,3467938,SUCCESS,Task Completed
2026-07-24 06:02:54,R5CRA19WHAD,0,3469372,FAIL,Frida Crash (Connection lost)
2026-07-24 06:03:09,R5CR80E53QP,0,3468097,SUCCESS,Task Completed
2026-07-24 06:03:49,R3CR70WD1KX,0,3469474,FAIL,BATTERY_LOW_10%
2026-07-24 06:05:11,R5CR82FNMVX,0,3468317,SUCCESS,Task Completed
2026-07-24 06:05:29,R5CR802BBLB,0,3469290,SUCCESS,Task Completed
2026-07-24 06:05:47,R3CRB0ATRRK,0,3469284,SUCCESS,Task Completed
2026-07-24 06:06:00,R3CR90H1NCP,0,3468489,SUCCESS,Task Completed
2026-07-24 06:06:26,R5CR713T5WT,0,3468566,SUCCESS,Task Completed
2026-07-24 06:06:38,R3CR70D3ECZ,0,3468344,SUCCESS,Task Completed
2026-07-24 06:07:01,R3CRA0GP5YP,0,3468146,SUCCESS,Task Completed
2026-07-24 06:07:22,R5CR82NR07J,0,3468351,SUCCESS,Task Completed
2026-07-24 06:08:46,R5CR8153KWN,0,3468634,SUCCESS,Task Completed
2026-07-24 06:10:36,R3CR90MAW4B,0,3468942,SUCCESS,Task Completed
2026-07-24 06:11:44,R5CR80DSS2W,0,3468729,SUCCESS,Task Completed
2026-07-24 06:12:14,R3CR90SJ6SW,0,3468619,SUCCESS,Task Completed
2026-07-24 06:12:23,R3CR80NVXJE,0,3469404,SUCCESS,Task Completed
2026-07-24 06:13:46,R5CR804V9CT,0,3468822,SUCCESS,Task Completed
2026-07-24 06:14:06,R5CR80ZYL9K,0,3469950,SUCCESS,Task Completed
2026-07-24 06:14:30,R3CR70WD1KX,0,3470273,FAIL,BATTERY_LOW_9%
2026-07-24 06:14:44,R5CR919ZL9A,0,3468976,SUCCESS,Task Completed
2026-07-24 06:14:56,R3CR80LSWGD,0,3468997,SUCCESS,Task Completed
2026-07-24 06:15:01,R5CR80DSS2W,0,3470078,SUCCESS,Task Completed
2026-07-24 06:15:07,R5CR919ZL9A,0,3470294,FAIL,App Closed
2026-07-24 06:15:09,R5CR80ZNCXT,0,3468900,SUCCESS,Task Completed
2026-07-24 06:16:22,R3CR90HEZDB,0,3469320,SUCCESS,Task Completed
2026-07-24 06:16:29,R3CR90GCB5L,0,3468924,SUCCESS,Task Completed
2026-07-24 06:17:21,R3CRA0GP5YP,0,3469715,FAIL,MISSING_ARRIVAL_PACKETS
2026-07-24 06:17:35,R5CR82CEZBN,0,3469353,SUCCESS,Task Completed
2026-07-24 06:17:41,R3CR90HEZDB,0,3470424,FAIL,ADDRESS_NOT_FOUND
2026-07-24 06:17:56,R3CR90GC5AP,0,3469063,SUCCESS,Task Completed
2026-07-24 06:17:59,R5CR813E9AB,0,3469228,SUCCESS,Task Completed
2026-07-24 06:18:24,R5CR91SH8LM,0,3469364,SUCCESS,Task Completed
2026-07-24 06:19:05,R3CRB0PZGDR,0,3469415,FAIL,MISSING_ARRIVAL_PACKETS
2026-07-24 06:19:09,R3CR8045YWN,0,3469398,SUCCESS,Task Completed
2026-07-24 06:19:11,R5CR818AW0R,0,3469134,SUCCESS,Task Completed
2026-07-24 06:19:53,R5CR715VSTX,0,3469428,SUCCESS,Task Completed
2026-07-24 06:19:54,R3CR70SZ0JJ,0,3470671,FAIL,Frida Crash (Connection lost)
2026-07-24 06:20:33,R5CR82H78WT,0,3469247,SUCCESS,Task Completed
2026-07-24 06:21:09,R5CR82H78WT,0,3470759,FAIL,App Closed
2026-07-24 06:21:19,R3CR90SJ6SW,0,3470118,FAIL,MISSING_ARRIVAL_PACKETS
2026-07-24 06:21:55,R5CR81SQ8JJ,0,3469340,SUCCESS,Task Completed
2026-07-24 06:22:41,R3CRC0ZCD2Z,0,3469528,SUCCESS,Task Completed
2026-07-24 06:23:11,R5CRC3DZRQH,0,3469483,SUCCESS,Task Completed
2026-07-24 06:24:05,R5CR802CTAL,0,3470785,SUCCESS,Task Completed
2026-07-24 06:24:07,R5CR80E53QP,0,3470975,FAIL,Frida Crash (Connection lost)
2026-07-24 06:24:32,R5CR802CTAL,0,3471016,FAIL,Frida Crash (Connection lost)
2026-07-24 06:25:12,R5CR80BKKQH,0,3469733,SUCCESS,Task Completed
2026-07-24 06:25:15,R3CR70WD1KX,0,3471090,FAIL,BATTERY_LOW_9%
2026-07-24 06:25:26,R5CRA0TJHLK,0,3469907,SUCCESS,Task Completed
2026-07-24 06:25:58,R5CR804V9CT,0,3470238,SUCCESS,Task Completed
2026-07-24 06:27:24,R5CR713T5WT,0,3471224,FAIL,App Closed
2026-07-24 06:27:49,R3CRB0ATRRK,0,3471215,FAIL,ADDRESS_NOT_FOUND
2026-07-24 06:29:56,R3CR70D3ECZ,0,3471246,FAIL,App Closed
2026-07-24 06:30:04,R3CR90CCP1D,0,3470164,SUCCESS,Task Completed
2026-07-24 06:31:46,R5CR81QCVCK,0,3471544,FAIL,Frida Crash (Connection lost)
2026-07-24 06:32:00,R5CR80ZNCXT,0,3470347,SUCCESS,Task Completed
2026-07-24 06:32:00,R5CR80DSS2W,0,3470337,SUCCESS,Task Completed
2026-07-24 06:32:43,R3CR80NVXJE,0,3470153,SUCCESS,Task Completed
2026-07-24 06:33:12,R5CR802VA4D,0,3470283,SUCCESS,Task Completed
2026-07-24 06:33:23,R5CR9336DSB,0,3470378,SUCCESS,Task Completed
2026-07-24 06:34:20,R5CR807XTKD,0,3471767,FAIL,Frida Crash (Connection lost)
2026-07-24 06:35:16,R5CR80ZPJ0Z,0,3470371,SUCCESS,Task Completed
2026-07-24 06:35:20,R5CR91SH8LM,0,3470591,SUCCESS,Task Completed
2026-07-24 06:35:59,R3CR70WD1KX,0,3471908,FAIL,BATTERY_LOW_8%
2026-07-24 06:36:21,R5CR807XTKD,0,3471919,FAIL,Frida Crash (Connection lost)
2026-07-24 06:36:34,R3CRA09DW9E,0,3470623,SUCCESS,Task Completed
2026-07-24 06:36:36,R5CRC3DZRQH,0,3470952,SUCCESS,Task Completed
2026-07-24 06:36:52,R5CR81PA2GT,0,3470882,SUCCESS,Task Completed
2026-07-24 06:37:08,R5CR818AW0R,0,3470647,SUCCESS,Task Completed
2026-07-24 06:37:12,R3CRB0WCGET,0,3470745,SUCCESS,Task Completed
2026-07-24 06:37:13,R3CRA0EJ6SD,0,3470569,SUCCESS,Task Completed
2026-07-24 06:37:19,R3CR90HEZDB,0,3470519,SUCCESS,Task Completed
2026-07-24 06:37:51,R3CR8045YWN,0,3470681,SUCCESS,Task Completed
2026-07-24 06:37:55,R5CR715VSTX,0,3470690,SUCCESS,Task Completed
2026-07-24 06:40:21,R3CRC0ZCD2Z,0,3470911,SUCCESS,Task Completed
2026-07-24 06:41:03,R5CR80BKKQH,0,3471098,SUCCESS,Task Completed
2026-07-24 06:41:22,R3CR90SJ6SW,0,3470823,SUCCESS,Task Completed
2026-07-24 06:41:33,R5CR80ZNFTH,0,3471330,SUCCESS,Task Completed
2026-07-24 06:41:38,R5CRA0PW01W,0,3471304,SUCCESS,Task Completed
2026-07-24 06:41:39,R3CR90SJ6SW,0,3472294,FAIL,Frida Crash (Connection lost)
2026-07-24 06:42:09,R5CRA0TJHLK,0,3471109,SUCCESS,Task Completed
2026-07-24 06:42:52,R5CR802BBLB,0,3471130,SUCCESS,Task Completed
2026-07-24 06:43:18,R5CRA19WHAD,0,3471037,SUCCESS,Task Completed
2026-07-24 06:43:36,R3CRB0ATRRK,0,3471295,SUCCESS,Task Completed
2026-07-24 06:43:37,R5CR715VSTX,0,3472124,SUCCESS,Task Completed
2026-07-24 06:43:52,R3CR90SJ6SW,0,3472429,FAIL,ADDRESS_NOT_FOUND
2026-07-24 06:43:53,R5CR804V9CT,0,3471156,SUCCESS,Task Completed
2026-07-24 06:44:53,R3CR90MAW4B,0,3471504,SUCCESS,Task Completed
2026-07-24 06:44:55,R5CR80E53QP,0,3471171,SUCCESS,Task Completed
2026-07-24 06:45:16,R3CRC0XSEHY,0,3471591,SUCCESS,Task Completed
2026-07-24 06:45:21,R5CR82FNMVX,0,3471188,SUCCESS,Task Completed
2026-07-24 06:46:34,R3CR70WD1KX,0,3472706,FAIL,BATTERY_LOW_7%
2026-07-24 06:46:41,R3CR90CCP1D,0,3471471,SUCCESS,Task Completed
2026-07-24 06:46:51,R3CRC0ZCD2Z,0,3472230,SUCCESS,Task Completed
2026-07-24 06:49:12,R5CRC2RDAFB,0,3471629,SUCCESS,Task Completed
2026-07-24 06:49:41,R5CR81QCVCK,0,3471671,FAIL,MISSING_ARRIVAL_PACKETS
2026-07-24 06:49:56,R5CR81PA2GT,0,3471987,SUCCESS,Task Completed
2026-07-24 06:50:03,R3CR70WD7NA,0,3472895,FAIL,ADDRESS_NOT_FOUND
2026-07-24 06:50:28,R3CR90HEZDB,0,3472022,SUCCESS,Task Completed
2026-07-24 06:50:31,R3CR80NVXJE,0,3471660,SUCCESS,Task Completed
2026-07-24 06:50:40,R3CR8045YWN,0,3472088,SUCCESS,Task Completed
2026-07-24 06:51:06,R5CR802VA4D,0,3471728,SUCCESS,Task Completed
2026-07-24 06:51:14,R3CR80LSWGD,0,3471870,SUCCESS,Task Completed
2026-07-24 06:51:16,R5CR82NR07J,0,3472800,FAIL,MISSING_ARRIVAL_PACKETS
2026-07-24 06:52:45,R3CRB0PZGDR,0,3472157,SUCCESS,Task Completed
2026-07-24 06:53:06,R5CR9336DSB,0,3471744,SUCCESS,Task Completed
2026-07-24 06:53:58,R3CR90GC5AP,0,3472101,SUCCESS,Task Completed
2026-07-24 06:55:01,R5CR818AW0R,0,3472057,FAIL,MISSING_ARRIVAL_PACKETS
2026-07-24 06:55:26,R5CR818AW0R,0,3473344,FAIL,Frida Crash (Connection lost)
2026-07-24 06:55:39,R5CR80ZNFTH,0,3472345,FAIL,MISSING_ARRIVAL_PACKETS
2026-07-24 06:56:13,R3CRB0WCGET,0,3472036,SUCCESS,Task Completed
2026-07-24 06:56:45,R3CRC0RBEPP,0,3472169,SUCCESS,Task Completed
2026-07-24 06:56:49,R5CRA0TJHLK,0,3472355,FAIL,MISSING_ARRIVAL_PACKETS
2026-07-24 06:56:53,R3CRA0EJ6SD,0,3472030,FAIL,MISSING_ARRIVAL_PACKETS
2026-07-24 06:57:09,R5CR82CEZBN,0,3472142,SUCCESS,Task Completed
2026-07-24 06:57:17,R3CR70WD1KX,0,3473507,FAIL,BATTERY_LOW_6%
2026-07-24 06:58:22,R5CR81SQ8JJ,0,3472388,SUCCESS,Task Completed
2026-07-24 06:58:56,R5CR81SQ8JJ,0,3473613,FAIL,Frida Crash (Connection lost)
2026-07-24 06:59:57,R5CR80BKKQH,0,3472269,FAIL,MISSING_ARRIVAL_PACKETS
2026-07-24 07:00:53,R3CR90SJ6SW,0,3472509,SUCCESS,Task Completed
2026-07-24 07:01:20,R3CR90CCP1D,0,3472733,SUCCESS,Task Completed
2026-07-24 07:01:26,R5CR919ZL9A,0,3473477,SUCCESS,Task Completed
2026-07-24 07:03:26,R5CR80E53QP,0,3472606,FAIL,MISSING_ARRIVAL_PACKETS
2026-07-24 07:03:27,R3CR90H1NCP,0,3472741,SUCCESS,Task Completed
2026-07-24 07:05:20,R5CR82FNMVX,0,3472643,SUCCESS,Task Completed
2026-07-24 07:08:25,R3CR70WD1KX,0,3474338,FAIL,BATTERY_LOW_6%
2026-07-24 07:09:02,R5CR81PA2GT,0,3472995,SUCCESS,Task Completed
2026-07-24 07:09:32,R3CR8045YWN,0,3473010,SUCCESS,Task Completed
2026-07-24 07:09:41,R3CR90GC5AP,0,3473267,SUCCESS,Task Completed
2026-07-24 07:10:43,R5CR80DSS2W,0,3473134,SUCCESS,Task Completed
2026-07-24 07:10:44,R3CR90HEZDB,0,3473029,FAIL,MISSING_ARRIVAL_PACKETS
2026-07-24 07:10:50,R3CR80NVXJE,0,3473018,SUCCESS,Task Completed
2026-07-24 07:10:57,R3CR70WD7NA,0,3474513,FAIL,Frida Crash (Connection lost)
2026-07-24 07:10:57,R5CR80ZNCXT,0,3473150,SUCCESS,Task Completed
2026-07-24 07:12:05,R3CRB0PZGDR,0,3473179,SUCCESS,Task Completed
2026-07-24 07:12:31,R3CR90SJ6SW,0,3473784,FAIL,MISSING_ARRIVAL_PACKETS
2026-07-24 07:13:02,R5CR81S2C2J,0,3473606,SUCCESS,Task Completed
2026-07-24 07:13:30,R5CR818AW0R,0,3473469,SUCCESS,Task Completed
2026-07-24 07:13:31,R3CRC0RBEPP,0,3473543,SUCCESS,Task Completed
2026-07-24 07:13:37,R5CRC3DZRQH,0,3473567,SUCCESS,Task Completed
2026-07-24 07:14:15,R5CR80ZNFTH,0,3473402,SUCCESS,Task Completed
2026-07-24 07:15:07,R3CR90GCB5L,0,3473516,SUCCESS,Task Completed
2026-07-24 07:15:44,R5CRA0TJHLK,0,3473481,SUCCESS,Task Completed
2026-07-24 07:17:43,R5CR82H78WT,0,3473955,SUCCESS,Task Completed
2026-07-24 07:18:07,R5CR81SQ8JJ,0,3473728,SUCCESS,Task Completed
2026-07-24 07:18:34,R3CRA09DW9E,0,3475014,FAIL,ADDRESS_NOT_FOUND
2026-07-24 07:18:43,R5CR713T5WT,0,3474382,SUCCESS,Task Completed
2026-07-24 07:19:15,R3CR70WD1KX,0,3475132,FAIL,BATTERY_LOW_5%
2026-07-24 07:19:26,R3CR70JFWXJ,0,3473858,SUCCESS,Task Completed
2026-07-24 07:19:37,R5CRA19WHAD,0,3473999,FAIL,Frida Crash (Connection lost)
2026-07-24 07:19:42,R5CR919ZL9A,0,3473832,SUCCESS,Task Completed
2026-07-24 07:20:07,R5CR813E9AB,0,3475179,FAIL,App Closed
2026-07-24 07:20:08,R3CR90H1NCP,0,3473974,SUCCESS,Task Completed
2026-07-24 07:20:31,R5CR802BBLB,0,3473943,SUCCESS,Task Completed
2026-07-24 07:20:45,R5CR804V9CT,0,3474032,SUCCESS,Task Completed
2026-07-24 07:20:50,R5CR919ZL9A,0,3475190,FAIL,Frida Crash (Connection lost)
2026-07-24 07:20:50,R5CR82CEZBN,0,3475059,FAIL,Frida Crash (Connection lost)
2026-07-24 07:20:50,R5CR80DSS2W,0,3474531,FAIL,Frida Crash (Connection lost)
2026-07-24 07:20:50,R5CR81SQ8JJ,0,3475051,FAIL,Frida Crash (Connection lost)
2026-07-24 07:20:50,R5CRA0TJHLK,0,3474909,FAIL,Frida Crash (Connection lost)
2026-07-24 07:20:50,R3CR70WD7NA,0,3474650,FAIL,Frida Crash (Connection lost)
2026-07-24 07:20:50,R5CR802VA4D,0,3474591,FAIL,Frida Crash (Connection lost)
2026-07-24 07:20:50,R5CR80ZPJ0Z,0,3474927,FAIL,Frida Crash (Connection lost)
2026-07-24 07:20:50,R3CRA0GP5YP,0,3475147,FAIL,Frida Crash (Connection lost)
2026-07-24 07:20:50,R3CRA0EJ6SD,0,3475042,FAIL,App Closed
2026-07-24 07:20:50,R5CR82FNMVX,0,3474094,FAIL,Frida Crash (Connection lost)
2026-07-24 07:20:50,R3CRA09DW9E,0,3475082,FAIL,Frida Crash (Connection lost)
2026-07-24 07:20:50,R3CR70JFWXJ,0,3475169,FAIL,Frida Crash (Connection lost)
2026-07-24 07:20:50,R3CR70D3ECZ,0,3474475,FAIL,Frida Crash (Connection lost)
2026-07-24 07:20:50,R3CRB0PZGDR,0,3474619,FAIL,Frida Crash (Connection lost)
2026-07-24 07:20:50,R5CR807XTKD,0,3475104,FAIL,Frida Crash (Connection lost)
2026-07-24 07:20:50,R3CRC0XSEHY,0,3474126,FAIL,Frida Crash (Connection lost)
2026-07-24 07:20:50,R3CRB0ATRRK,0,3473983,FAIL,App Closed
2026-07-24 07:20:50,R5CR91SH8LM,0,3474934,FAIL,App Closed
2026-07-24 07:20:50,R3CR90GC5AP,0,3474435,FAIL,Frida Crash (Connection lost)
2026-07-24 07:20:50,R5CR713T5WT,0,3475091,FAIL,App Closed
2026-07-24 07:20:50,R5CR715VSTX,0,3474023,FAIL,App Closed
2026-07-24 07:20:50,R5CR82H78WT,0,3475023,FAIL,Frida Crash (Connection lost)
2026-07-24 07:20:50,R3CR90H1NCP,0,3475216,FAIL,Frida Crash (Connection lost)
2026-07-24 07:20:50,R5CR80ZYL9K,0,3474824,FAIL,Frida Crash (Connection lost)
2026-07-24 07:20:50,R3CR90MAW4B,0,3474077,FAIL,Frida Crash (Connection lost)
2026-07-24 07:20:50,R3CR90HEZDB,0,3474522,FAIL,Frida Crash (Connection lost)
2026-07-24 07:20:50,R5CRC2RDAFB,0,3474411,FAIL,App Closed
2026-07-24 07:20:50,R3CRC0ZCD2Z,0,3474255,FAIL,Frida Crash (Connection lost)
2026-07-24 07:20:50,R5CR802CTAL,0,3474170,FAIL,Frida Crash (Connection lost)
2026-07-24 07:20:50,R3CRC0RBEPP,0,3474733,FAIL,Frida Crash (Connection lost)
2026-07-24 07:20:50,R3CR90SJ6SW,0,3474659,FAIL,Frida Crash (Connection lost)
2026-07-24 07:20:50,R3CR80NVXJE,0,3474572,FAIL,Frida Crash (Connection lost)
2026-07-24 07:20:50,R5CR8153KWN,0,3474447,FAIL,Frida Crash (Connection lost)
2026-07-24 07:20:50,R5CR81QCVCK,0,3474487,FAIL,Frida Crash (Connection lost)
2026-07-24 07:20:50,R5CR80E53QP,0,3473989,FAIL,Frida Crash (Connection lost)
2026-07-24 07:20:50,R5CRA0PW01W,0,3473901,FAIL,Frida Crash (Connection lost)
2026-07-24 07:20:50,R5CR81S2C2J,0,3474686,FAIL,Frida Crash (Connection lost)
2026-07-24 07:20:50,R3CR90CE67P,0,3474776,FAIL,Frida Crash (Connection lost)
2026-07-24 07:20:50,R5CR81PA2GT,0,3474393,FAIL,Frida Crash (Connection lost)
2026-07-24 07:20:50,R5CR80ZNFTH,0,3474793,FAIL,Frida Crash (Connection lost)
2026-07-24 07:20:50,R5CRC3DZRQH,0,3474755,FAIL,Frida Crash (Connection lost)
2026-07-24 07:20:50,R3CRB0WCGET,0,3474959,FAIL,Frida Crash (Connection lost)
2026-07-24 07:20:50,R3CR804583K,0,3474882,FAIL,Frida Crash (Connection lost)
2026-07-24 07:20:50,R5CR9336DSB,0,3474695,FAIL,Frida Crash (Connection lost)
2026-07-24 07:20:50,R3CR80LSWGD,0,3474559,FAIL,Frida Crash (Connection lost)
2026-07-24 07:20:50,R3CR8045YWN,0,3474429,FAIL,Frida Crash (Connection lost)
2026-07-24 07:20:50,R3CR90CCP1D,0,3473819,FAIL,Frida Crash (Connection lost)
2026-07-24 07:20:50,R3CR70SZ0JJ,0,3473883,FAIL,Frida Crash (Connection lost)
2026-07-24 07:20:50,R3CR90GCB5L,0,3474855,FAIL,Frida Crash (Connection lost)
2026-07-24 07:20:56,R3CR70AV5ZZ,0,3474721,FAIL,Frida Crash (Connection lost)
2026-07-24 07:20:57,R5CR80BKKQH,0,3475234,FAIL,Frida Crash (Connection lost)
2026-07-24 07:22:27,R5CR80ZNFTH,0,3475335,FAIL,Frida Crash (Connection lost)
2026-07-24 07:22:27,R5CR802CTAL,0,3475256,FAIL,Frida Crash (Connection lost)
2026-07-24 07:22:32,R5CR807XTKD,0,3475289,FAIL,Frida Crash (Connection lost)
2026-07-24 07:22:32,R5CR8153KWN,0,3475358,FAIL,Frida Crash (Connection lost)
2026-07-24 07:22:37,R5CR80ZPJ0Z,0,3475343,FAIL,App Closed
2026-07-24 07:22:37,R5CR802BBLB,0,3475249,FAIL,Frida Crash (Connection lost)
2026-07-24 07:22:39,R5CR80ZYL9K,0,3475350,FAIL,Frida Crash (Connection lost)
2026-07-24 07:22:40,R5CR80DSS2W,0,3475300,FAIL,Frida Crash (Connection lost)
2026-07-24 07:22:45,R5CR802VA4D,0,3475270,FAIL,Frida Crash (Connection lost)
2026-07-24 07:22:49,R5CR80E53QP,0,3475313,FAIL,Frida Crash (Connection lost)
2026-07-24 07:22:54,R5CR804V9CT,0,3475282,FAIL,Frida Crash (Connection lost)
2026-07-24 07:23:59,R5CR91SH8LM,0,3475488,FAIL,Frida Crash (Connection lost)
2026-07-24 07:23:59,R5CR81PA2GT,0,3475379,FAIL,Frida Crash (Connection lost)
2026-07-24 07:24:00,R5CR81QCVCK,0,3475394,FAIL,Frida Crash (Connection lost)
2026-07-24 07:24:05,R5CR9336DSB,0,3475499,FAIL,Frida Crash (Connection lost)
2026-07-24 07:24:11,R5CR81S2C2J,0,3475408,FAIL,Frida Crash (Connection lost)
2026-07-24 07:24:20,R5CR81SQ8JJ,0,3475416,FAIL,Frida Crash (Connection lost)
2026-07-24 07:24:29,R5CR82CEZBN,0,3475421,FAIL,Frida Crash (Connection lost)
2026-07-24 07:24:38,R5CR82FNMVX,0,3475437,FAIL,Frida Crash (Connection lost)
2026-07-24 07:24:47,R5CR82H78WT,0,3475454,FAIL,Frida Crash (Connection lost)
2026-07-24 07:25:32,R5CRA0PW01W,0,3475515,FAIL,Frida Crash (Connection lost)
2026-07-24 07:25:37,R3CR70D3ECZ,0,3475615,FAIL,Frida Crash (Connection lost)
2026-07-24 07:25:37,R3CR70WD7NA,0,3475660,FAIL,Frida Crash (Connection lost)
2026-07-24 07:25:40,R5CRA0TJHLK,0,3475529,FAIL,Frida Crash (Connection lost)
2026-07-24 07:25:41,R3CR70AV5ZZ,0,3475605,FAIL,Frida Crash (Connection lost)
2026-07-24 07:25:42,R3CR70SZ0JJ,0,3475643,FAIL,Frida Crash (Connection lost)
2026-07-24 07:25:46,R3CR70JFWXJ,0,3475626,FAIL,Frida Crash (Connection lost)
2026-07-24 07:25:49,R5CRC2RDAFB,0,3475551,FAIL,Frida Crash (Connection lost)
2026-07-24 07:25:58,R5CRC3DZRQH,0,3475574,FAIL,Frida Crash (Connection lost)
2026-07-24 07:27:02,R3CR90MAW4B,0,3475777,FAIL,Frida Crash (Connection lost)
2026-07-24 07:27:05,R3CR8045YWN,0,3475689,FAIL,App Closed
2026-07-24 07:27:05,R3CR90CCP1D,0,3475722,FAIL,Frida Crash (Connection lost)
2026-07-24 07:27:05,R3CR804583K,0,3475677,FAIL,Frida Crash (Connection lost)
2026-07-24 07:27:06,R3CR90GCB5L,0,3475757,FAIL,Frida Crash (Connection lost)
2026-07-24 07:27:08,R3CR90HEZDB,0,3475768,FAIL,Frida Crash (Connection lost)
2026-07-24 07:27:13,R3CR90H1NCP,0,3475762,FAIL,Frida Crash (Connection lost)
2026-07-24 07:27:14,R3CR90CE67P,0,3475735,FAIL,Frida Crash (Connection lost)
2026-07-24 07:27:14,R3CR80LSWGD,0,3475697,FAIL,Frida Crash (Connection lost)
2026-07-24 07:27:22,R3CR90GC5AP,0,3475750,FAIL,Frida Crash (Connection lost)
2026-07-24 07:27:23,R3CR80NVXJE,0,3475707,FAIL,Frida Crash (Connection lost)
2026-07-24 07:27:26,R3CRA0EJ6SD,0,3475816,FAIL,Frida Crash (Connection lost)
2026-07-24 07:28:36,R3CR90SJ6SW,0,3475787,FAIL,Frida Crash (Connection lost)
2026-07-24 07:28:36,R3CRA09DW9E,0,3475804,FAIL,Frida Crash (Connection lost)
2026-07-24 07:28:39,R5CR715VSTX,0,3475914,FAIL,Frida Crash (Connection lost)
2026-07-24 07:28:40,R3CRC0XSEHY,0,3475887,FAIL,Frida Crash (Connection lost)
2026-07-24 07:28:40,R3CRB0WCGET,0,3475866,FAIL,Frida Crash (Connection lost)
2026-07-24 07:28:42,R5CR713T5WT,0,3475904,FAIL,Frida Crash (Connection lost)
2026-07-24 07:28:45,R3CRA0GP5YP,0,3475830,FAIL,Frida Crash (Connection lost)
2026-07-24 07:28:47,R3CRC0ZCD2Z,0,3475897,FAIL,App Closed
2026-07-24 07:28:49,R3CRC0RBEPP,0,3475875,FAIL,Frida Crash (Connection lost)
2026-07-24 07:29:12,R3CRB0ATRRK,0,3475842,FAIL,ADDRESS_NOT_FOUND
2026-07-24 07:29:40,R3CRB0PZGDR,0,3475855,FAIL,ADDRESS_NOT_FOUND
2026-07-24 07:30:09,R5CR802CTAL,0,3475939,FAIL,Frida Crash (Connection lost)
2026-07-24 07:30:10,R5CR807XTKD,0,3475966,FAIL,Frida Crash (Connection lost)
2026-07-24 07:30:13,R5CR80E53QP,0,3476000,FAIL,Frida Crash (Connection lost)
2026-07-24 07:30:16,R5CR802BBLB,0,3475925,FAIL,Frida Crash (Connection lost)
2026-07-24 07:30:18,R5CR80ZNFTH,0,3476034,FAIL,Frida Crash (Connection lost)
2026-07-24 07:30:19,R5CR80BKKQH,0,3475974,FAIL,Frida Crash (Connection lost)
2026-07-24 07:30:25,R5CR802VA4D,0,3475953,FAIL,Frida Crash (Connection lost)
2026-07-24 07:30:28,R5CR80DSS2W,0,3475986,FAIL,Frida Crash (Connection lost)
2026-07-24 07:30:33,R5CR804V9CT,0,3475961,FAIL,Frida Crash (Connection lost)
2026-07-24 07:31:31,R5CR82FNMVX,0,3476145,FAIL,Frida Crash (Connection lost)
2026-07-24 07:31:42,R5CR81QCVCK,0,3476101,FAIL,Frida Crash (Connection lost)
2026-07-24 07:31:42,R5CR80ZYL9K,0,3476054,FAIL,Frida Crash (Connection lost)
2026-07-24 07:31:50,R5CR82H78WT,0,3476154,FAIL,Frida Crash (Connection lost)
2026-07-24 07:31:51,R5CR81S2C2J,0,3476115,FAIL,Frida Crash (Connection lost)
2026-07-24 07:31:55,R5CR80ZPJ0Z,0,3476045,FAIL,GUIDANCE_NOT_FOUND
2026-07-24 07:31:59,R5CR81SQ8JJ,0,3476124,FAIL,Frida Crash (Connection lost)
2026-07-24 07:32:04,R5CR813E9AB,0,3476064,FAIL,Frida Crash (Connection lost)
2026-07-24 07:32:08,R5CR82CEZBN,0,3476134,FAIL,Frida Crash (Connection lost)
2026-07-24 07:32:13,R5CR8153KWN,0,3476074,FAIL,Frida Crash (Connection lost)
2026-07-24 07:32:23,R5CR81PA2GT,0,3476091,FAIL,Frida Crash (Connection lost)
2026-07-24 07:33:15,R5CR919ZL9A,0,3476166,FAIL,Frida Crash (Connection lost)
2026-07-24 07:33:16,R5CR91SH8LM,0,3476178,FAIL,App Closed
2026-07-24 07:33:19,R3CR70JFWXJ,0,3476274,FAIL,Frida Crash (Connection lost)
2026-07-24 07:33:22,R3CR70D3ECZ,0,3476264,FAIL,Frida Crash (Connection lost)
2026-07-24 07:33:24,R3CR70AV5ZZ,0,3476251,FAIL,Frida Crash (Connection lost)
2026-07-24 07:33:25,R5CR9336DSB,0,3476189,FAIL,Frida Crash (Connection lost)
2026-07-24 07:33:30,R3CR70WD1KX,0,3476294,FAIL,Frida Crash (Connection lost)
2026-07-24 07:33:34,R5CRA0PW01W,0,3476201,FAIL,Frida Crash (Connection lost)
2026-07-24 07:33:43,R5CRC2RDAFB,0,3476215,FAIL,Frida Crash (Connection lost)
2026-07-24 07:33:51,R5CRC3DZRQH,0,3476222,FAIL,Frida Crash (Connection lost)
2026-07-24 07:34:49,R3CR90CE67P,0,3476358,FAIL,App Closed
2026-07-24 07:34:49,R3CR70WD7NA,0,3476299,FAIL,Frida Crash (Connection lost)
2026-07-24 07:34:49,R3CR90GCB5L,0,3476379,FAIL,Frida Crash (Connection lost)
2026-07-24 07:34:49,R3CR70SZ0JJ,0,3476287,FAIL,Frida Crash (Connection lost)
2026-07-24 07:34:51,R3CR804583K,0,3476306,FAIL,Frida Crash (Connection lost)
2026-07-24 07:34:53,R3CR90GC5AP,0,3476365,FAIL,Frida Crash (Connection lost)
2026-07-24 07:34:53,R3CR90CCP1D,0,3476345,FAIL,Frida Crash (Connection lost)
2026-07-24 07:34:55,R3CR90H1NCP,0,3476396,FAIL,Frida Crash (Connection lost)
2026-07-24 07:35:00,R3CR8045YWN,0,3476313,FAIL,Frida Crash (Connection lost)
2026-07-24 07:35:09,R3CR80LSWGD,0,3476322,FAIL,Frida Crash (Connection lost)
2026-07-24 07:35:18,R3CR80NVXJE,0,3476333,FAIL,Frida Crash (Connection lost)
2026-07-24 07:36:20,R3CR90MAW4B,0,3476421,FAIL,ADDRESS_NOT_FOUND
2026-07-24 07:36:21,R3CRC0RBEPP,0,3476506,FAIL,Frida Crash (Connection lost)
2026-07-24 07:36:21,R3CR90HEZDB,0,3476410,FAIL,App Closed
2026-07-24 07:36:23,R3CRB0ATRRK,0,3476473,FAIL,Frida Crash (Connection lost)
2026-07-24 07:36:26,R3CRB0WCGET,0,3476496,FAIL,Frida Crash (Connection lost)
2026-07-24 07:36:27,R3CRC0XSEHY,0,3476515,FAIL,Frida Crash (Connection lost)
2026-07-24 07:36:29,R3CR90SJ6SW,0,3476428,FAIL,Frida Crash (Connection lost)
2026-07-24 07:36:38,R3CRA09DW9E,0,3476439,FAIL,Frida Crash (Connection lost)
2026-07-24 07:36:47,R3CRA0EJ6SD,0,3476449,FAIL,Frida Crash (Connection lost)
2026-07-24 07:37:14,R3CRA0GP5YP,0,3476453,FAIL,ADDRESS_NOT_FOUND
2026-07-24 07:37:41,R3CRB0PZGDR,0,3476483,FAIL,ADDRESS_NOT_FOUND
2026-07-24 07:37:55,R5CR80BKKQH,0,3476602,FAIL,Frida Crash (Connection lost)
2026-07-24 07:37:55,R5CR80DSS2W,0,3476618,FAIL,Frida Crash (Connection lost)
2026-07-24 07:37:55,R3CRC0ZCD2Z,0,3476524,FAIL,Frida Crash (Connection lost)
2026-07-24 07:37:56,R5CR713T5WT,0,3476538,FAIL,Frida Crash (Connection lost)
2026-07-24 07:38:02,R5CR807XTKD,0,3476592,FAIL,Frida Crash (Connection lost)
2026-07-24 07:38:04,R5CR715VSTX,0,3476545,FAIL,Frida Crash (Connection lost)
2026-07-24 07:38:13,R5CR802CTAL,0,3476561,FAIL,Frida Crash (Connection lost)
2026-07-24 07:38:22,R5CR802VA4D,0,3476567,FAIL,Frida Crash (Connection lost)
2026-07-24 07:38:31,R5CR802BBLB,0,3476551,FAIL,Frida Crash (Connection lost)
2026-07-24 07:38:35,R5CR813E9AB,0,3476680,FAIL,Frida Crash (Connection lost)
2026-07-24 07:38:40,R5CR804V9CT,0,3476576,FAIL,Frida Crash (Connection lost)
2026-07-24 07:39:09,R5CR81QCVCK,0,3476732,FAIL,Frida Crash (Connection lost)
2026-07-24 07:39:29,R5CR8153KWN,0,3476691,FAIL,App Closed
2026-07-24 07:39:29,R5CR81S2C2J,0,3476747,FAIL,Frida Crash (Connection lost)
2026-07-24 07:39:31,R5CR82CEZBN,0,3476761,FAIL,Frida Crash (Connection lost)
2026-07-24 07:39:33,R5CR80ZNFTH,0,3476643,FAIL,Frida Crash (Connection lost)
2026-07-24 07:39:38,R5CR80ZPJ0Z,0,3476658,FAIL,Frida Crash (Connection lost)
2026-07-24 07:39:42,R5CR80E53QP,0,3476625,FAIL,Frida Crash (Connection lost)
2026-07-24 07:39:42,R5CR81SQ8JJ,0,3476755,FAIL,Frida Crash (Connection lost)
2026-07-24 07:39:50,R5CR80ZYL9K,0,3476670,FAIL,Frida Crash (Connection lost)
2026-07-24 07:41:02,R5CR82FNMVX,0,3476772,FAIL,Frida Crash (Connection lost)
2026-07-24 07:41:03,R5CRC2RDAFB,0,3476864,FAIL,Frida Crash (Connection lost)
2026-07-24 07:41:12,R5CR82H78WT,0,3476781,FAIL,Frida Crash (Connection lost)
2026-07-24 07:41:21,R5CR919ZL9A,0,3476803,FAIL,Frida Crash (Connection lost)
2026-07-24 07:41:30,R5CR91SH8LM,0,3476814,FAIL,Frida Crash (Connection lost)
2026-07-24 07:41:39,R5CR9336DSB,0,3476825,FAIL,Frida Crash (Connection lost)
2026-07-24 07:41:48,R5CRA0PW01W,0,3476837,FAIL,Frida Crash (Connection lost)
2026-07-24 07:41:57,R5CRA0TJHLK,0,3476851,FAIL,Frida Crash (Connection lost)
2026-07-24 07:42:35,R3CR80LSWGD,0,3476987,FAIL,Frida Crash (Connection lost)
2026-07-24 07:42:35,R3CR70D3ECZ,0,3476905,FAIL,Frida Crash (Connection lost)
2026-07-24 07:42:39,R5CRC3DZRQH,0,3476877,FAIL,Frida Crash (Connection lost)
2026-07-24 07:42:39,R3CR70JFWXJ,0,3476918,FAIL,Frida Crash (Connection lost)
2026-07-24 07:42:42,R3CR90CE67P,0,3477027,FAIL,Frida Crash (Connection lost)
2026-07-24 07:42:44,R3CR70AV5ZZ,0,3476895,FAIL,Frida Crash (Connection lost)
2026-07-24 07:42:44,R3CR70WD7NA,0,3476951,FAIL,Frida Crash (Connection lost)
2026-07-24 07:42:48,R3CR70SZ0JJ,0,3476936,FAIL,Frida Crash (Connection lost)
2026-07-24 07:42:53,R3CR804583K,0,3476968,FAIL,Frida Crash (Connection lost)
2026-07-24 07:43:02,R3CR8045YWN,0,3476979,FAIL,Frida Crash (Connection lost)
2026-07-24 07:44:07,R3CRA0GP5YP,0,3477124,FAIL,Frida Crash (Connection lost)
2026-07-24 07:44:07,R3CRA09DW9E,0,3477104,FAIL,Frida Crash (Connection lost)
2026-07-24 07:44:07,R3CRB0ATRRK,0,3477130,FAIL,Frida Crash (Connection lost)
2026-07-24 07:44:07,R3CRA0EJ6SD,0,3477117,FAIL,Frida Crash (Connection lost)
2026-07-24 07:44:07,R3CR90HEZDB,0,3477066,FAIL,Frida Crash (Connection lost)
2026-07-24 07:44:08,R3CR90GC5AP,0,3477038,FAIL,Frida Crash (Connection lost)
2026-07-24 07:44:10,R3CR90MAW4B,0,3477080,FAIL,Frida Crash (Connection lost)
2026-07-24 07:44:13,R3CR90H1NCP,0,3477057,FAIL,Frida Crash (Connection lost)
2026-07-24 07:44:16,R3CR90SJ6SW,0,3477092,FAIL,Frida Crash (Connection lost)
2026-07-24 07:44:16,R3CR90GCB5L,0,3477049,FAIL,Frida Crash (Connection lost)
2026-07-24 07:45:06,R3CRB0PZGDR,0,3477143,FAIL,ADDRESS_NOT_FOUND
2026-07-24 07:45:39,R3CRC0RBEPP,0,3477161,FAIL,Frida Crash (Connection lost)
2026-07-24 07:45:39,R5CR802BBLB,0,3477235,FAIL,Frida Crash (Connection lost)
2026-07-24 07:45:40,R3CRB0WCGET,0,3477150,FAIL,Frida Crash (Connection lost)
2026-07-24 07:45:46,R5CR807XTKD,0,3477271,FAIL,Frida Crash (Connection lost)
2026-07-24 07:45:47,R3CRC0XSEHY,0,3477176,FAIL,Frida Crash (Connection lost)
2026-07-24 07:45:47,R5CR80BKKQH,0,3477280,FAIL,Frida Crash (Connection lost)
2026-07-24 07:45:50,R5CR804V9CT,0,3477262,FAIL,Frida Crash (Connection lost)
2026-07-24 07:45:56,R3CRC0ZCD2Z,0,3477189,FAIL,Frida Crash (Connection lost)
2026-07-24 07:46:04,R5CR713T5WT,0,3477205,FAIL,Frida Crash (Connection lost)
2026-07-24 07:46:13,R5CR715VSTX,0,3477219,FAIL,Frida Crash (Connection lost)
2026-07-24 07:46:22,R5CR802CTAL,0,3477244,FAIL,Frida Crash (Connection lost)
2026-07-24 07:46:31,R5CR802VA4D,0,3477253,FAIL,Frida Crash (Connection lost)
2026-07-24 07:47:13,R5CR80DSS2W,0,3477292,FAIL,Frida Crash (Connection lost)
2026-07-24 07:47:16,R5CR81QCVCK,0,3477386,FAIL,Frida Crash (Connection lost)
2026-07-24 07:47:20,R5CR80E53QP,0,3477300,FAIL,Frida Crash (Connection lost)
2026-07-24 07:47:24,R5CR81PA2GT,0,3477374,FAIL,Frida Crash (Connection lost)
2026-07-24 07:47:29,R5CR80ZYL9K,0,3477337,FAIL,Frida Crash (Connection lost)
2026-07-24 07:47:38,R5CR80ZPJ0Z,0,3477329,FAIL,Frida Crash (Connection lost)
2026-07-24 07:47:46,R5CR813E9AB,0,3477351,FAIL,Frida Crash (Connection lost)
2026-07-24 07:47:55,R5CR8153KWN,0,3477359,FAIL,Frida Crash (Connection lost)
2026-07-24 07:48:46,R5CR81S2C2J,0,3477396,FAIL,App Closed
2026-07-24 07:48:48,R5CR81SQ8JJ,0,3477407,FAIL,Frida Crash (Connection lost)
2026-07-24 07:48:51,R5CRA0TJHLK,0,3477494,FAIL,Frida Crash (Connection lost)
2026-07-24 07:48:54,R5CRA0PW01W,0,3477489,FAIL,Frida Crash (Connection lost)
2026-07-24 07:48:55,R5CRC2RDAFB,0,3477505,FAIL,Frida Crash (Connection lost)
2026-07-24 07:48:57,R5CR82CEZBN,0,3477414,FAIL,Frida Crash (Connection lost)
2026-07-24 07:49:06,R5CR82FNMVX,0,3477423,FAIL,Frida Crash (Connection lost)
2026-07-24 07:49:15,R5CR82H78WT,0,3477429,FAIL,Frida Crash (Connection lost)
2026-07-24 07:49:24,R5CR919ZL9A,0,3477455,FAIL,Frida Crash (Connection lost)
2026-07-24 07:49:33,R5CR91SH8LM,0,3477465,FAIL,Frida Crash (Connection lost)
2026-07-24 07:49:42,R5CR9336DSB,0,3477480,FAIL,Frida Crash (Connection lost)
2026-07-24 07:50:18,R3CR70WD7NA,0,3477581,FAIL,App Closed
2026-07-24 07:50:22,R3CR8045YWN,0,3477606,FAIL,Frida Crash (Connection lost)
2026-07-24 07:50:23,R3CR70D3ECZ,0,3477558,FAIL,Frida Crash (Connection lost)
2026-07-24 07:50:23,R5CRC3DZRQH,0,3477521,FAIL,Frida Crash (Connection lost)
2026-07-24 07:50:23,R3CR80LSWGD,0,3477612,FAIL,Frida Crash (Connection lost)
2026-07-24 07:50:27,R3CR804583K,0,3477597,FAIL,Frida Crash (Connection lost)
2026-07-24 07:50:28,R3CR70AV5ZZ,0,3477550,FAIL,Frida Crash (Connection lost)
2026-07-24 07:50:32,R3CR70JFWXJ,0,3477564,FAIL,Frida Crash (Connection lost)
2026-07-24 07:50:34,R3CR80NVXJE,0,3477620,FAIL,App Launch Timeout
2026-07-24 07:50:40,R3CR70SZ0JJ,0,3477570,FAIL,Frida Crash (Connection lost)
2026-07-24 07:51:50,R3CRA0EJ6SD,0,3477731,FAIL,Frida Crash (Connection lost)
2026-07-24 07:51:51,R3CR90CCP1D,0,3477628,FAIL,Frida Crash (Connection lost)
2026-07-24 07:51:51,R3CR90HEZDB,0,3477681,FAIL,Frida Crash (Connection lost)
2026-07-24 07:51:53,R3CRA09DW9E,0,3477712,FAIL,Frida Crash (Connection lost)
2026-07-24 07:51:55,R3CR90CE67P,0,3477635,FAIL,Frida Crash (Connection lost)
2026-07-24 07:51:57,R3CRA0GP5YP,0,3477751,FAIL,Frida Crash (Connection lost)
2026-07-24 07:52:04,R3CR90GC5AP,0,3477646,FAIL,Frida Crash (Connection lost)
2026-07-24 07:52:13,R3CR90GCB5L,0,3477660,FAIL,Frida Crash (Connection lost)
2026-07-24 07:52:18,R3CR90MAW4B,0,3477688,FAIL,ADDRESS_NOT_FOUND
2026-07-24 07:52:22,R3CR90H1NCP,0,3477672,FAIL,Frida Crash (Connection lost)
2026-07-24 07:52:27,R3CR90SJ6SW,0,3477694,FAIL,Frida Crash (Connection lost)
2026-07-24 07:53:24,R3CRB0WCGET,0,3477778,FAIL,Frida Crash (Connection lost)
2026-07-24 07:53:24,R3CRB0ATRRK,0,3477769,FAIL,Frida Crash (Connection lost)
2026-07-24 07:53:28,R5CR802VA4D,0,3477857,FAIL,Frida Crash (Connection lost)
2026-07-24 07:53:28,R3CRC0RBEPP,0,3477786,FAIL,Frida Crash (Connection lost)
2026-07-24 07:53:29,R5CR802BBLB,0,3477838,FAIL,Frida Crash (Connection lost)
2026-07-24 07:53:33,R5CR802CTAL,0,3477843,FAIL,Frida Crash (Connection lost)
2026-07-24 07:53:34,R3CRB0PZGDR,0,3477773,FAIL,Frida Crash (Connection lost)
2026-07-24 07:53:37,R3CRC0XSEHY,0,3477796,FAIL,Frida Crash (Connection lost)
2026-07-24 07:53:46,R3CRC0ZCD2Z,0,3477814,FAIL,Frida Crash (Connection lost)
2026-07-24 07:53:54,R5CR713T5WT,0,3477824,FAIL,Frida Crash (Connection lost)
2026-07-24 07:54:21,R5CR715VSTX,0,3477835,FAIL,ADDRESS_NOT_FOUND
2026-07-24 07:54:57,R5CR804V9CT,0,3477865,FAIL,Frida Crash (Connection lost)
2026-07-24 07:54:57,R5CR80ZYL9K,0,3477957,FAIL,Frida Crash (Connection lost)
2026-07-24 07:54:57,R5CR807XTKD,0,3477880,FAIL,Frida Crash (Connection lost)
2026-07-24 07:54:59,R5CR80ZPJ0Z,0,3477945,FAIL,Frida Crash (Connection lost)
2026-07-24 07:55:00,R5CR813E9AB,0,3477969,FAIL,Frida Crash (Connection lost)
2026-07-24 07:55:06,R5CR80BKKQH,0,3477896,FAIL,Frida Crash (Connection lost)
2026-07-24 07:55:07,R5CR8153KWN,0,3477979,FAIL,App Closed
2026-07-24 07:55:15,R5CR80DSS2W,0,3477907,FAIL,Frida Crash (Connection lost)
2026-07-24 07:55:24,R5CR80E53QP,0,3477919,FAIL,Frida Crash (Connection lost)
2026-07-24 07:55:33,R5CR80ZNFTH,0,3477937,FAIL,Frida Crash (Connection lost)
2026-07-24 07:56:31,R5CR81QCVCK,0,3478020,FAIL,Frida Crash (Connection lost)
2026-07-24 07:56:31,R5CR919ZL9A,0,3478107,FAIL,Frida Crash (Connection lost)
2026-07-24 07:56:31,R5CR81PA2GT,0,3478008,FAIL,Frida Crash (Connection lost)
2026-07-24 07:56:33,R5CR9336DSB,0,3478126,FAIL,Frida Crash (Connection lost)
2026-07-24 07:56:40,R5CR81S2C2J,0,3478035,FAIL,Frida Crash (Connection lost)
2026-07-24 07:56:43,R5CR91SH8LM,0,3478115,FAIL,Frida Crash (Connection lost)
2026-07-24 07:56:48,R5CR81SQ8JJ,0,3478048,FAIL,Frida Crash (Connection lost)
2026-07-24 07:56:57,R5CR82CEZBN,0,3478057,FAIL,Frida Crash (Connection lost)
2026-07-24 07:57:06,R5CR82FNMVX,0,3478069,FAIL,Frida Crash (Connection lost)
2026-07-24 07:57:15,R5CR82H78WT,0,3478081,FAIL,Frida Crash (Connection lost)
2026-07-24 07:57:44,R3CR70WD1KX,0,3478248,FAIL,BATTERY_LOW_12%
2026-07-24 07:58:03,R3CR70SZ0JJ,0,3478230,FAIL,Frida Crash (Connection lost)
2026-07-24 07:58:03,R5CRA0PW01W,0,3478139,FAIL,Frida Crash (Connection lost)
2026-07-24 07:58:05,R3CR70AV5ZZ,0,3478196,FAIL,Frida Crash (Connection lost)
2026-07-24 07:58:05,R3CR70WD7NA,0,3478265,FAIL,Frida Crash (Connection lost)
2026-07-24 07:58:08,R5CRA0TJHLK,0,3478150,FAIL,Frida Crash (Connection lost)
2026-07-24 07:58:12,R3CR70D3ECZ,0,3478206,FAIL,Frida Crash (Connection lost)
2026-07-24 07:58:17,R5CRC2RDAFB,0,3478164,FAIL,Frida Crash (Connection lost)
2026-07-24 07:58:21,R3CR70JFWXJ,0,3478218,FAIL,Frida Crash (Connection lost)
2026-07-24 07:58:25,R5CRC3DZRQH,0,3478178,FAIL,Frida Crash (Connection lost)
2026-07-24 07:58:27,R3CR804583K,0,3478276,FAIL,App Closed
2026-07-24 07:59:37,R3CR90MAW4B,0,3478380,FAIL,Frida Crash (Connection lost)
2026-07-24 07:59:37,R3CR8045YWN,0,3478288,FAIL,Frida Crash (Connection lost)
2026-07-24 07:59:37,R3CR90CCP1D,0,3478321,FAIL,Frida Crash (Connection lost)
2026-07-24 07:59:42,R3CR90HEZDB,0,3478368,FAIL,Frida Crash (Connection lost)
2026-07-24 07:59:46,R3CR80LSWGD,0,3478305,FAIL,Frida Crash (Connection lost)
2026-07-24 07:59:46,R3CR90CE67P,0,3478326,FAIL,Frida Crash (Connection lost)
2026-07-24 07:59:55,R3CR90GC5AP,0,3478333,FAIL,Frida Crash (Connection lost)
2026-07-24 07:59:55,R3CR80NVXJE,0,3478313,FAIL,Frida Crash (Connection lost)
2026-07-24 08:00:03,R3CR90GCB5L,0,3478340,FAIL,Frida Crash (Connection lost)
2026-07-24 08:00:12,R3CR90H1NCP,0,3478352,FAIL,Frida Crash (Connection lost)
2026-07-24 08:00:38,R3CRC0RBEPP,0,3478458,FAIL,Frida Crash (Connection lost)
2026-07-24 08:01:10,R5CR713T5WT,0,3478490,FAIL,App Closed
2026-07-24 08:01:10,R3CRA0EJ6SD,0,3478408,FAIL,Frida Crash (Connection lost)
2026-07-24 08:01:11,R3CRC0ZCD2Z,0,3478480,FAIL,Frida Crash (Connection lost)
2026-07-24 08:01:11,R3CRB0WCGET,0,3478443,FAIL,Frida Crash (Connection lost)
2026-07-24 08:01:13,R5CR715VSTX,0,3478500,FAIL,Frida Crash (Connection lost)
2026-07-24 08:01:19,R3CRC0XSEHY,0,3478471,FAIL,Frida Crash (Connection lost)
2026-07-24 08:01:20,R3CRA09DW9E,0,3478402,FAIL,Frida Crash (Connection lost)
2026-07-24 08:01:29,R3CRA0GP5YP,0,3478416,FAIL,Frida Crash (Connection lost)
2026-07-24 08:01:33,R3CR90SJ6SW,0,3478390,FAIL,Frida Crash (Connection lost)
2026-07-24 08:01:38,R3CRB0ATRRK,0,3478427,FAIL,Frida Crash (Connection lost)
2026-07-24 08:01:47,R3CRB0PZGDR,0,3478431,FAIL,Frida Crash (Connection lost)
2026-07-24 08:01:54,R5CR807XTKD,0,3478552,FAIL,Frida Crash (Connection lost)
2026-07-24 08:02:44,R5CR804V9CT,0,3478540,FAIL,Frida Crash (Connection lost)
2026-07-24 08:02:44,R5CR802BBLB,0,3478510,FAIL,Frida Crash (Connection lost)
2026-07-24 08:02:47,R5CR80E53QP,0,3478580,FAIL,Frida Crash (Connection lost)
2026-07-24 08:02:50,R5CR80ZNFTH,0,3478593,FAIL,Frida Crash (Connection lost)
2026-07-24 08:02:50,R5CR80ZYL9K,0,3478611,FAIL,Frida Crash (Connection lost)
2026-07-24 08:02:51,R5CR80BKKQH,0,3478561,FAIL,Frida Crash (Connection lost)
2026-07-24 08:03:00,R5CR80DSS2W,0,3478570,FAIL,Frida Crash (Connection lost)
2026-07-24 08:03:02,R5CR802CTAL,0,3478523,FAIL,ADDRESS_NOT_FOUND
2026-07-24 08:03:11,R5CR802VA4D,0,3478535,FAIL,Frida Crash (Connection lost)
2026-07-24 08:04:18,R5CR813E9AB,0,3478627,FAIL,Frida Crash (Connection lost)
2026-07-24 08:04:18,R5CR80ZPJ0Z,0,3478601,FAIL,Frida Crash (Connection lost)
2026-07-24 08:04:18,R5CR82FNMVX,0,3478721,FAIL,Frida Crash (Connection lost)
2026-07-24 08:04:26,R5CR8153KWN,0,3478639,FAIL,Frida Crash (Connection lost)
2026-07-24 08:04:28,R5CR82H78WT,0,3478728,FAIL,Frida Crash (Connection lost)
2026-07-24 08:04:28,R5CR81QCVCK,0,3478674,FAIL,GUIDANCE_NOT_FOUND
2026-07-24 08:04:36,R5CR81PA2GT,0,3478660,FAIL,Frida Crash (Connection lost)
2026-07-24 08:04:37,R5CR81S2C2J,0,3478685,FAIL,Frida Crash (Connection lost)
2026-07-24 08:04:46,R5CR81SQ8JJ,0,3478696,FAIL,Frida Crash (Connection lost)
2026-07-24 08:04:55,R5CR82CEZBN,0,3478710,FAIL,Frida Crash (Connection lost)
2026-07-24 08:05:31,R5CRC3DZRQH,0,3478795,FAIL,Frida Crash (Connection lost)
2026-07-24 08:05:51,R3CR70JFWXJ,0,3478838,FAIL,Frida Crash (Connection lost)
2026-07-24 08:05:52,R5CR91SH8LM,0,3478751,FAIL,Frida Crash (Connection lost)
2026-07-24 08:05:52,R5CR919ZL9A,0,3478742,FAIL,Frida Crash (Connection lost)
2026-07-24 08:05:55,R3CR70D3ECZ,0,3478825,FAIL,Frida Crash (Connection lost)
2026-07-24 08:05:57,R3CR70SZ0JJ,0,3478854,FAIL,Frida Crash (Connection lost)
2026-07-24 08:05:58,R3CR70AV5ZZ,0,3478819,FAIL,Frida Crash (Connection lost)
2026-07-24 08:06:01,R5CR9336DSB,0,3478764,FAIL,Frida Crash (Connection lost)
2026-07-24 08:06:10,R5CRA0PW01W,0,3478775,FAIL,Frida Crash (Connection lost)
2026-07-24 08:06:19,R5CRA0TJHLK,0,3478780,FAIL,Frida Crash (Connection lost)
2026-07-24 08:06:28,R5CRC2RDAFB,0,3478789,FAIL,Frida Crash (Connection lost)
2026-07-24 08:07:26,R3CR90H1NCP,0,3478968,FAIL,Frida Crash (Connection lost)
2026-07-24 08:07:26,R3CR70WD7NA,0,3478866,FAIL,Frida Crash (Connection lost)
2026-07-24 08:07:26,R3CR90CCP1D,0,3478928,FAIL,Frida Crash (Connection lost)
2026-07-24 08:07:27,R3CR804583K,0,3478880,FAIL,Frida Crash (Connection lost)
2026-07-24 08:07:30,R3CR90GCB5L,0,3478953,FAIL,Frida Crash (Connection lost)
2026-07-24 08:07:31,R3CR90HEZDB,0,3478981,FAIL,Frida Crash (Connection lost)
2026-07-24 08:07:35,R3CR90CE67P,0,3478936,FAIL,Frida Crash (Connection lost)
2026-07-24 08:07:36,R3CR80LSWGD,0,3478911,FAIL,Frida Crash (Connection lost)
2026-07-24 08:07:45,R3CR80NVXJE,0,3478924,FAIL,Frida Crash (Connection lost)
2026-07-24 08:08:01,R3CR90GC5AP,0,3478943,FAIL,ADDRESS_NOT_FOUND
2026-07-24 08:08:40,R3CRB0PZGDR,0,3479060,FAIL,App Closed
2026-07-24 08:09:00,R3CR90MAW4B,0,3478990,FAIL,Frida Crash (Connection lost)
2026-07-24 08:09:01,R3CR90SJ6SW,0,3478997,FAIL,Frida Crash (Connection lost)
2026-07-24 08:09:02,R3CRC0XSEHY,0,3479087,FAIL,Frida Crash (Connection lost)
2026-07-24 08:09:02,R5CR713T5WT,0,3479101,FAIL,Frida Crash (Connection lost)
2026-07-24 08:09:10,R3CRA09DW9E,0,3479006,FAIL,Frida Crash (Connection lost)
2026-07-24 08:09:11,R3CRB0WCGET,0,3479067,FAIL,Frida Crash (Connection lost)
2026-07-24 08:09:19,R3CRA0EJ6SD,0,3479017,FAIL,Frida Crash (Connection lost)
2026-07-24 08:09:21,R3CRC0RBEPP,0,3479076,FAIL,Frida Crash (Connection lost)
2026-07-24 08:09:28,R3CRB0ATRRK,0,3479042,FAIL,Frida Crash (Connection lost)
2026-07-24 08:10:34,R5CR802CTAL,0,3479145,FAIL,Frida Crash (Connection lost)
2026-07-24 08:10:34,R5CR715VSTX,0,3479117,FAIL,Frida Crash (Connection lost)
2026-07-24 08:10:35,R5CR807XTKD,0,3479173,FAIL,Frida Crash (Connection lost)
2026-07-24 08:10:36,R5CR80ZNFTH,0,3479241,FAIL,Frida Crash (Connection lost)
2026-07-24 08:10:38,R5CR80E53QP,0,3479213,FAIL,Frida Crash (Connection lost)
2026-07-24 08:10:43,R5CR802BBLB,0,3479131,FAIL,Frida Crash (Connection lost)
2026-07-24 08:10:44,R5CR80BKKQH,0,3479187,FAIL,Frida Crash (Connection lost)
2026-07-24 08:10:52,R5CR802VA4D,0,3479153,FAIL,Frida Crash (Connection lost)
2026-07-24 08:10:53,R5CR80DSS2W,0,3479200,FAIL,Frida Crash (Connection lost)
2026-07-24 08:11:00,R5CR804V9CT,0,3479165,FAIL,Frida Crash (Connection lost)
2026-07-24 08:12:06,R5CR82FNMVX,0,3479350,FAIL,Frida Crash (Connection lost)
2026-07-24 08:12:07,R5CR80ZYL9K,0,3479256,FAIL,Frida Crash (Connection lost)
2026-07-24 08:12:10,R5CR82CEZBN,0,3479339,FAIL,Frida Crash (Connection lost)
2026-07-24 08:12:10,R5CR81QCVCK,0,3479306,FAIL,Frida Crash (Connection lost)
2026-07-24 08:12:11,R5CR80ZPJ0Z,0,3479248,FAIL,Frida Crash (Connection lost)
2026-07-24 08:12:19,R5CR81S2C2J,0,3479315,FAIL,Frida Crash (Connection lost)
2026-07-24 08:12:20,R5CR813E9AB,0,3479266,FAIL,Frida Crash (Connection lost)
2026-07-24 08:12:28,R5CR81SQ8JJ,0,3479326,FAIL,Frida Crash (Connection lost)
2026-07-24 08:12:29,R5CR8153KWN,0,3479279,FAIL,Frida Crash (Connection lost)
2026-07-24 08:12:38,R5CR81PA2GT,0,3479296,FAIL,Frida Crash (Connection lost)
2026-07-24 08:13:40,R3CR70D3ECZ,0,3479473,FAIL,Frida Crash (Connection lost)
2026-07-24 08:13:40,R5CRC3DZRQH,0,3479434,FAIL,Frida Crash (Connection lost)
2026-07-24 08:13:40,R5CR919ZL9A,0,3479369,FAIL,Frida Crash (Connection lost)
2026-07-24 08:13:40,R3CR70AV5ZZ,0,3479465,FAIL,Frida Crash (Connection lost)
2026-07-24 08:13:45,R3CR70JFWXJ,0,3479482,FAIL,Frida Crash (Connection lost)
2026-07-24 08:13:50,R5CR91SH8LM,0,3479387,FAIL,Frida Crash (Connection lost)
2026-07-24 08:13:58,R5CR9336DSB,0,3479396,FAIL,Frida Crash (Connection lost)
2026-07-24 08:14:07,R5CRA0PW01W,0,3479406,FAIL,Frida Crash (Connection lost)
2026-07-24 08:14:16,R5CRA0TJHLK,0,3479414,FAIL,Frida Crash (Connection lost)
2026-07-24 08:14:25,R5CRC2RDAFB,0,3479423,FAIL,Frida Crash (Connection lost)
2026-07-24 08:14:49,R3CR70WD7NA,0,3479505,FAIL,ADDRESS_NOT_FOUND
2026-07-24 08:15:14,R3CR90GCB5L,0,3479596,FAIL,App Closed
2026-07-24 08:15:14,R3CR90CCP1D,0,3479558,FAIL,Frida Crash (Connection lost)
2026-07-24 08:15:14,R3CR80LSWGD,0,3479534,FAIL,Frida Crash (Connection lost)
2026-07-24 08:15:14,R3CR80NVXJE,0,3479541,FAIL,Frida Crash (Connection lost)
2026-07-24 08:15:16,R3CR90GC5AP,0,3479590,FAIL,Frida Crash (Connection lost)
2026-07-24 08:15:16,R3CR90H1NCP,0,3479611,FAIL,Frida Crash (Connection lost)
2026-07-24 08:15:20,R3CR8045YWN,0,3479526,FAIL,Frida Crash (Connection lost)
2026-07-24 08:15:23,R3CR90CE67P,0,3479578,FAIL,Frida Crash (Connection lost)
2026-07-24 08:15:32,R3CR804583K,0,3479516,FAIL,ADDRESS_NOT_FOUND
2026-07-24 08:16:47,R3CR90HEZDB,0,3479620,FAIL,Frida Crash (Connection lost)
2026-07-24 08:16:51,R3CRC0RBEPP,0,3479715,FAIL,Frida Crash (Connection lost)
2026-07-24 08:16:52,R3CRC0XSEHY,0,3479725,FAIL,Frida Crash (Connection lost)
2026-07-24 08:16:52,R3CR90MAW4B,0,3479626,FAIL,Frida Crash (Connection lost)
2026-07-24 08:16:56,R3CRB0WCGET,0,3479708,FAIL,Frida Crash (Connection lost)
2026-07-24 08:16:57,R3CRC0ZCD2Z,0,3479734,FAIL,Frida Crash (Connection lost)
2026-07-24 08:17:01,R3CR90SJ6SW,0,3479638,FAIL,Frida Crash (Connection lost)
2026-07-24 08:17:10,R3CRA09DW9E,0,3479648,FAIL,Frida Crash (Connection lost)
2026-07-24 08:17:19,R3CRA0EJ6SD,0,3479663,FAIL,Frida Crash (Connection lost)
2026-07-24 08:17:28,R3CRA0GP5YP,0,3479680,FAIL,Frida Crash (Connection lost)
2026-07-24 08:17:34,R5CR802BBLB,0,3479768,FAIL,Frida Crash (Connection lost)
2026-07-24 08:17:37,R3CRB0ATRRK,0,3479692,FAIL,Frida Crash (Connection lost)
2026-07-24 08:17:46,R3CRB0PZGDR,0,3479701,FAIL,Frida Crash (Connection lost)
2026-07-24 08:18:21,R5CR713T5WT,0,3479744,FAIL,Frida Crash (Connection lost)
2026-07-24 08:18:25,R5CR80DSS2W,0,3479820,FAIL,Frida Crash (Connection lost)
2026-07-24 08:18:30,R5CR715VSTX,0,3479758,FAIL,Frida Crash (Connection lost)
2026-07-24 08:18:30,R5CR807XTKD,0,3479800,FAIL,Frida Crash (Connection lost)
2026-07-24 08:18:39,R5CR802CTAL,0,3479776,FAIL,Frida Crash (Connection lost)
2026-07-24 08:18:39,R5CR80BKKQH,0,3479809,FAIL,Frida Crash (Connection lost)
2026-07-24 08:18:47,R5CR802VA4D,0,3479787,FAIL,Frida Crash (Connection lost)
2026-07-24 08:18:56,R5CR804V9CT,0,3479795,FAIL,Frida Crash (Connection lost)
2026-07-24 08:19:54,R5CR80E53QP,0,3479827,FAIL,Frida Crash (Connection lost)
2026-07-24 08:19:58,R5CR81SQ8JJ,0,3479945,FAIL,Frida Crash (Connection lost)
2026-07-24 08:19:59,R5CR81QCVCK,0,3479929,FAIL,Frida Crash (Connection lost)
2026-07-24 08:19:59,R5CR82CEZBN,0,3479955,FAIL,Frida Crash (Connection lost)
2026-07-24 08:20:02,R5CR82FNMVX,0,3479970,FAIL,Frida Crash (Connection lost)
2026-07-24 08:20:04,R5CR80ZNFTH,0,3479854,FAIL,Frida Crash (Connection lost)
2026-07-24 08:20:08,R5CR81S2C2J,0,3479937,FAIL,Frida Crash (Connection lost)
2026-07-24 08:20:13,R5CR80ZYL9K,0,3479876,FAIL,Frida Crash (Connection lost)
2026-07-24 08:20:22,R5CR80ZPJ0Z,0,3479866,FAIL,Frida Crash (Connection lost)
2026-07-24 08:20:30,R5CR813E9AB,0,3479887,FAIL,Frida Crash (Connection lost)
2026-07-24 08:20:39,R5CR8153KWN,0,3479894,FAIL,Frida Crash (Connection lost)
2026-07-24 08:20:48,R5CR81PA2GT,0,3479916,FAIL,Frida Crash (Connection lost)
2026-07-24 08:21:27,R5CR82H78WT,0,3479976,FAIL,Frida Crash (Connection lost)
2026-07-24 08:21:31,R3CR70AV5ZZ,0,3480065,FAIL,Frida Crash (Connection lost)
2026-07-24 08:21:33,R5CR919ZL9A,0,3479988,FAIL,Frida Crash (Connection lost)
2026-07-24 08:21:33,R5CRC3DZRQH,0,3480041,FAIL,Frida Crash (Connection lost)
2026-07-24 08:21:41,R5CR91SH8LM,0,3479997,FAIL,Frida Crash (Connection lost)
2026-07-24 08:21:50,R5CR9336DSB,0,3480011,FAIL,Frida Crash (Connection lost)
2026-07-24 08:21:59,R5CRA0PW01W,0,3480019,FAIL,Frida Crash (Connection lost)
2026-07-24 08:22:08,R5CRA0TJHLK,0,3480025,FAIL,Frida Crash (Connection lost)
2026-07-24 08:22:17,R5CRC2RDAFB,0,3480030,FAIL,Frida Crash (Connection lost)
2026-07-24 08:22:59,R3CR70D3ECZ,0,3480076,FAIL,Frida Crash (Connection lost)
2026-07-24 08:22:59,R3CR80NVXJE,0,3480187,FAIL,Frida Crash (Connection lost)
2026-07-24 08:22:59,R3CR70WD7NA,0,3480119,FAIL,Frida Crash (Connection lost)
2026-07-24 08:23:01,R3CR90CE67P,0,3480201,FAIL,Frida Crash (Connection lost)
2026-07-24 08:23:05,R3CR70JFWXJ,0,3480087,FAIL,Frida Crash (Connection lost)
2026-07-24 08:23:07,R3CR90CCP1D,0,3480195,FAIL,Frida Crash (Connection lost)
2026-07-24 08:23:09,R3CR804583K,0,3480132,FAIL,Frida Crash (Connection lost)
2026-07-24 08:23:15,R3CR70SZ0JJ,0,3480098,FAIL,Frida Crash (Connection lost)
2026-07-24 08:23:17,R3CR8045YWN,0,3480153,FAIL,Frida Crash (Connection lost)
2026-07-24 08:23:24,R3CR70WD1KX,0,3480106,FAIL,Frida Crash (Connection lost)
2026-07-24 08:23:26,R3CR80LSWGD,0,3480173,FAIL,Frida Crash (Connection lost)
2026-07-24 08:24:33,R3CR90GCB5L,0,3480226,FAIL,Frida Crash (Connection lost)
2026-07-24 08:24:33,R3CR90GC5AP,0,3480213,FAIL,Frida Crash (Connection lost)
2026-07-24 08:24:33,R3CRA0GP5YP,0,3480325,FAIL,App Closed
2026-07-24 08:24:37,R3CR90HEZDB,0,3480259,FAIL,Frida Crash (Connection lost)
2026-07-24 08:24:38,R3CRB0PZGDR,0,3480343,FAIL,Frida Crash (Connection lost)
2026-07-24 08:24:40,R3CRB0ATRRK,0,3480333,FAIL,Frida Crash (Connection lost)
2026-07-24 08:24:42,R3CR90H1NCP,0,3480242,FAIL,Frida Crash (Connection lost)
2026-07-24 08:24:46,R3CR90SJ6SW,0,3480284,FAIL,Frida Crash (Connection lost)
2026-07-24 08:24:55,R3CRA09DW9E,0,3480295,FAIL,Frida Crash (Connection lost)
2026-07-24 08:25:04,R3CRA0EJ6SD,0,3480312,FAIL,Frida Crash (Connection lost)
2026-07-24 08:26:06,R5CR807XTKD,0,3480463,FAIL,App Closed
2026-07-24 08:26:07,R5CR804V9CT,0,3480451,FAIL,Frida Crash (Connection lost)
2026-07-24 08:26:07,R3CRC0RBEPP,0,3480364,FAIL,Frida Crash (Connection lost)
2026-07-24 08:26:07,R3CRB0WCGET,0,3480354,FAIL,Frida Crash (Connection lost)
2026-07-24 08:26:13,R5CR80BKKQH,0,3480474,FAIL,Frida Crash (Connection lost)
2026-07-24 08:26:16,R3CRC0XSEHY,0,3480379,FAIL,Frida Crash (Connection lost)
2026-07-24 08:26:25,R3CRC0ZCD2Z,0,3480392,FAIL,Frida Crash (Connection lost)
2026-07-24 08:26:34,R5CR713T5WT,0,3480404,FAIL,Frida Crash (Connection lost)
2026-07-24 08:26:43,R5CR715VSTX,0,3480414,FAIL,Frida Crash (Connection lost)
2026-07-24 08:26:52,R5CR802CTAL,0,3480426,FAIL,Frida Crash (Connection lost)
2026-07-24 08:27:01,R5CR802VA4D,0,3480438,FAIL,Frida Crash (Connection lost)
2026-07-24 08:27:10,R5CR802BBLB,0,3480421,FAIL,Frida Crash (Connection lost)
2026-07-24 08:27:42,R5CR81QCVCK,0,3480594,FAIL,Frida Crash (Connection lost)
2026-07-24 08:27:47,R5CR81PA2GT,0,3480584,FAIL,Frida Crash (Connection lost)
2026-07-24 08:27:49,R5CR80E53QP,0,3480493,FAIL,Frida Crash (Connection lost)
2026-07-24 08:28:15,R5CR80ZNFTH,0,3480513,FAIL,ADDRESS_NOT_FOUND
2026-07-24 08:28:24,R5CR80ZYL9K,0,3480540,FAIL,Frida Crash (Connection lost)
2026-07-24 08:28:33,R5CR80ZPJ0Z,0,3480523,FAIL,Frida Crash (Connection lost)
2026-07-24 08:28:42,R5CR813E9AB,0,3480555,FAIL,Frida Crash (Connection lost)
2026-07-24 08:28:50,R5CR8153KWN,0,3480568,FAIL,Frida Crash (Connection lost)
2026-07-24 08:29:14,R5CR81S2C2J,0,3480608,FAIL,Frida Crash (Connection lost)
2026-07-24 08:29:14,R5CR91SH8LM,0,3480689,FAIL,App Closed
2026-07-24 08:29:15,R5CR9336DSB,0,3480701,FAIL,Frida Crash (Connection lost)
2026-07-24 08:29:18,R5CRA0PW01W,0,3480709,FAIL,Frida Crash (Connection lost)
2026-07-24 08:29:18,R5CRA0TJHLK,0,3480716,FAIL,Frida Crash (Connection lost)
2026-07-24 08:29:20,R5CRC2RDAFB,0,3480722,FAIL,Frida Crash (Connection lost)
2026-07-24 08:29:22,R5CR81SQ8JJ,0,3480617,FAIL,Frida Crash (Connection lost)
2026-07-24 08:29:32,R5CR82CEZBN,0,3480629,FAIL,Frida Crash (Connection lost)
2026-07-24 08:29:41,R5CR82FNMVX,0,3480638,FAIL,Frida Crash (Connection lost)
2026-07-24 08:29:50,R5CR82H78WT,0,3480646,FAIL,Frida Crash (Connection lost)
2026-07-24 08:29:59,R5CR919ZL9A,0,3480670,FAIL,Frida Crash (Connection lost)
2026-07-24 08:30:47,R5CRC3DZRQH,0,3480740,FAIL,App Closed
2026-07-24 08:30:47,R3CR804583K,0,3480822,FAIL,Frida Crash (Connection lost)
2026-07-24 08:30:52,R3CR80LSWGD,0,3480839,FAIL,Frida Crash (Connection lost)
2026-07-24 08:30:54,R3CR70WD7NA,0,3480811,FAIL,Frida Crash (Connection lost)
2026-07-24 08:30:54,R3CR80NVXJE,0,3480848,FAIL,Frida Crash (Connection lost)
2026-07-24 08:30:55,R3CR70D3ECZ,0,3480776,FAIL,Frida Crash (Connection lost)
2026-07-24 08:30:57,R3CR70AV5ZZ,0,3480770,FAIL,Frida Crash (Connection lost)
2026-07-24 08:30:57,R3CR8045YWN,0,3480831,FAIL,Frida Crash (Connection lost)
2026-07-24 08:31:04,R3CR70JFWXJ,0,3480784,FAIL,Frida Crash (Connection lost)
2026-07-24 08:32:21,R3CRA0EJ6SD,0,3480945,FAIL,Frida Crash (Connection lost)
2026-07-24 08:32:21,R3CRA0GP5YP,0,3480951,FAIL,Frida Crash (Connection lost)
2026-07-24 08:32:21,R3CRA09DW9E,0,3480938,FAIL,Frida Crash (Connection lost)
2026-07-24 08:32:22,R3CR90CCP1D,0,3480857,FAIL,Frida Crash (Connection lost)
2026-07-24 08:32:22,R3CR90HEZDB,0,3480908,FAIL,Frida Crash (Connection lost)
2026-07-24 08:32:29,R3CR90CE67P,0,3480868,FAIL,GUIDANCE_NOT_FOUND
2026-07-24 08:32:31,R3CR90MAW4B,0,3480917,FAIL,Frida Crash (Connection lost)
2026-07-24 08:32:38,R3CR90GC5AP,0,3480880,FAIL,Frida Crash (Connection lost)
2026-07-24 08:32:40,R3CR90SJ6SW,0,3480927,FAIL,Frida Crash (Connection lost)
2026-07-24 08:32:47,R3CR90H1NCP,0,3480902,FAIL,Frida Crash (Connection lost)
2026-07-24 08:33:54,R3CRC0RBEPP,0,3480993,FAIL,Frida Crash (Connection lost)
2026-07-24 08:33:54,R3CRB0ATRRK,0,3480958,FAIL,Frida Crash (Connection lost)
2026-07-24 08:33:54,R3CRB0WCGET,0,3480979,FAIL,Frida Crash (Connection lost)
2026-07-24 08:33:57,R3CRB0PZGDR,0,3480967,FAIL,App Closed
2026-07-24 08:33:59,R5CR802VA4D,0,3481075,FAIL,Frida Crash (Connection lost)
2026-07-24 08:34:00,R5CR804V9CT,0,3481083,FAIL,Frida Crash (Connection lost)
2026-07-24 08:34:01,R5CR802BBLB,0,3481045,FAIL,Frida Crash (Connection lost)
2026-07-24 08:34:02,R5CR802CTAL,0,3481062,FAIL,Frida Crash (Connection lost)
2026-07-24 08:34:03,R3CRC0XSEHY,0,3481010,FAIL,Frida Crash (Connection lost)
2026-07-24 08:34:12,R3CRC0ZCD2Z,0,3481016,FAIL,Frida Crash (Connection lost)
2026-07-24 08:34:21,R5CR713T5WT,0,3481024,FAIL,Frida Crash (Connection lost)
2026-07-24 08:34:29,R5CR715VSTX,0,3481032,FAIL,Frida Crash (Connection lost)
2026-07-24 08:35:29,R5CR80ZPJ0Z,0,3481151,FAIL,Frida Crash (Connection lost)
2026-07-24 08:35:29,R5CR813E9AB,0,3481170,FAIL,Frida Crash (Connection lost)
2026-07-24 08:35:29,R5CR807XTKD,0,3481096,FAIL,Frida Crash (Connection lost)
2026-07-24 08:35:29,R5CR80ZYL9K,0,3481162,FAIL,Frida Crash (Connection lost)
2026-07-24 08:35:29,R5CR8153KWN,0,3481179,FAIL,Frida Crash (Connection lost)
2026-07-24 08:35:29,R5CR80BKKQH,0,3481105,FAIL,Frida Crash (Connection lost)
2026-07-24 08:35:38,R5CR80DSS2W,0,3481113,FAIL,Frida Crash (Connection lost)
2026-07-24 08:35:47,R5CR80E53QP,0,3481123,FAIL,Frida Crash (Connection lost)
2026-07-24 08:35:56,R5CR80ZNFTH,0,3481141,FAIL,Frida Crash (Connection lost)
2026-07-24 08:37:01,R5CR9336DSB,0,3481319,FAIL,Frida Crash (Connection lost)
2026-07-24 08:37:01,R5CR919ZL9A,0,3481299,FAIL,Frida Crash (Connection lost)
2026-07-24 08:37:01,R5CR81PA2GT,0,3481206,FAIL,Frida Crash (Connection lost)
2026-07-24 08:37:02,R5CR91SH8LM,0,3481307,FAIL,Frida Crash (Connection lost)
2026-07-24 08:37:03,R5CR81QCVCK,0,3481223,FAIL,Frida Crash (Connection lost)
2026-07-24 08:37:09,R5CRA0PW01W,0,3481336,FAIL,Frida Crash (Connection lost)
2026-07-24 08:37:12,R5CR81S2C2J,0,3481233,FAIL,Frida Crash (Connection lost)
2026-07-24 08:37:21,R5CR81SQ8JJ,0,3481239,FAIL,Frida Crash (Connection lost)
2026-07-24 08:37:30,R5CR82CEZBN,0,3481253,FAIL,Frida Crash (Connection lost)
2026-07-24 08:37:39,R5CR82FNMVX,0,3481264,FAIL,Frida Crash (Connection lost)
2026-07-24 08:37:48,R5CR82H78WT,0,3481278,FAIL,Frida Crash (Connection lost)
2026-07-24 08:38:35,R3CR70D3ECZ,0,3481400,FAIL,Frida Crash (Connection lost)
2026-07-24 08:38:35,R5CRA0TJHLK,0,3481353,FAIL,Frida Crash (Connection lost)
2026-07-24 08:38:35,R3CR70WD7NA,0,3481441,FAIL,Frida Crash (Connection lost)
2026-07-24 08:38:40,R3CR8045YWN,0,3481456,FAIL,Frida Crash (Connection lost)
2026-07-24 08:38:44,R5CRC2RDAFB,0,3481363,FAIL,Frida Crash (Connection lost)
2026-07-24 08:38:45,R3CR70AV5ZZ,0,3481387,FAIL,Frida Crash (Connection lost)
2026-07-24 08:38:46,R3CR804583K,0,3481449,FAIL,Frida Crash (Connection lost)
2026-07-24 08:38:54,R5CRC3DZRQH,0,3481370,FAIL,Frida Crash (Connection lost)
2026-07-24 08:39:02,R3CR70JFWXJ,0,3481418,FAIL,ADDRESS_NOT_FOUND
2026-07-24 08:39:10,R3CR70SZ0JJ,0,3481432,FAIL,Frida Crash (Connection lost)
2026-07-24 08:40:07,R3CRA09DW9E,0,3481592,FAIL,Frida Crash (Connection lost)
2026-07-24 08:40:07,R3CR90CE67P,0,3481505,FAIL,Frida Crash (Connection lost)
2026-07-24 08:40:08,R3CR90CCP1D,0,3481493,FAIL,Frida Crash (Connection lost)
2026-07-24 08:40:08,R3CR80LSWGD,0,3481469,FAIL,Frida Crash (Connection lost)
2026-07-24 08:40:10,R3CR80NVXJE,0,3481481,FAIL,Frida Crash (Connection lost)
2026-07-24 08:40:11,R3CR90SJ6SW,0,3481577,FAIL,Frida Crash (Connection lost)
2026-07-24 08:40:12,R3CR90HEZDB,0,3481554,FAIL,Frida Crash (Connection lost)
2026-07-24 08:40:17,R3CR90GC5AP,0,3481521,FAIL,Frida Crash (Connection lost)
2026-07-24 08:40:21,R3CR90MAW4B,0,3481565,FAIL,Frida Crash (Connection lost)
2026-07-24 08:40:24,R3CRA0EJ6SD,0,3481602,FAIL,App Launch Timeout
2026-07-24 08:40:26,R3CR90GCB5L,0,3481534,FAIL,Frida Crash (Connection lost)
2026-07-24 08:40:34,R3CR90H1NCP,0,3481542,FAIL,Frida Crash (Connection lost)
2026-07-24 08:41:39,R3CRB0WCGET,0,3481643,FAIL,Frida Crash (Connection lost)
2026-07-24 08:41:40,R3CRA0GP5YP,0,3481611,FAIL,Frida Crash (Connection lost)
2026-07-24 08:41:42,R5CR715VSTX,0,3481688,FAIL,Frida Crash (Connection lost)
2026-07-24 08:41:44,R5CR802CTAL,0,3481710,FAIL,Frida Crash (Connection lost)
2026-07-24 08:41:49,R3CRB0ATRRK,0,3481619,FAIL,Frida Crash (Connection lost)
2026-07-24 08:41:49,R3CRC0RBEPP,0,3481651,FAIL,Frida Crash (Connection lost)
2026-07-24 08:41:58,R3CRB0PZGDR,0,3481631,FAIL,Frida Crash (Connection lost)
2026-07-24 08:42:16,R3CRC0XSEHY,0,3481660,FAIL,ADDRESS_NOT_FOUND
2026-07-24 08:42:25,R3CRC0ZCD2Z,0,3481675,FAIL,Frida Crash (Connection lost)
2026-07-24 08:42:34,R5CR713T5WT,0,3481684,FAIL,Frida Crash (Connection lost)
2026-07-24 08:43:14,R5CR80ZNFTH,0,3481802,FAIL,Frida Crash (Connection lost)
2026-07-24 08:43:14,R5CR802VA4D,0,3481721,FAIL,Frida Crash (Connection lost)
2026-07-24 08:43:14,R5CR807XTKD,0,3481750,FAIL,App Closed
2026-07-24 08:43:14,R5CR80ZPJ0Z,0,3481810,FAIL,Frida Crash (Connection lost)
2026-07-24 08:43:16,R5CR813E9AB,0,3481826,FAIL,Frida Crash (Connection lost)
2026-07-24 08:43:18,R5CR804V9CT,0,3481737,FAIL,Frida Crash (Connection lost)
2026-07-24 08:43:20,R5CR802BBLB,0,3481697,FAIL,Frida Crash (Connection lost)
2026-07-24 08:43:23,R5CR80BKKQH,0,3481754,FAIL,Frida Crash (Connection lost)
2026-07-24 08:43:23,R5CR80ZYL9K,0,3481818,FAIL,App Closed
2026-07-24 08:43:31,R5CR80DSS2W,0,3481765,FAIL,Frida Crash (Connection lost)
2026-07-24 08:43:40,R5CR80E53QP,0,3481777,FAIL,Frida Crash (Connection lost)
2026-07-24 08:44:47,R5CR919ZL9A,0,3481961,FAIL,Frida Crash (Connection lost)
2026-07-24 08:44:47,R5CR8153KWN,0,3481834,FAIL,Frida Crash (Connection lost)
2026-07-24 08:44:47,R5CR81QCVCK,0,3481866,FAIL,Frida Crash (Connection lost)
2026-07-24 08:44:50,R5CR82H78WT,0,3481937,FAIL,Frida Crash (Connection lost)
2026-07-24 08:44:54,R5CR91SH8LM,0,3481972,FAIL,Frida Crash (Connection lost)
2026-07-24 08:44:54,R5CR81PA2GT,0,3481853,FAIL,Frida Crash (Connection lost)
2026-07-24 08:44:56,R5CR81S2C2J,0,3481878,FAIL,Frida Crash (Connection lost)
2026-07-24 08:45:05,R5CR81SQ8JJ,0,3481893,FAIL,Frida Crash (Connection lost)
2026-07-24 08:45:14,R5CR82CEZBN,0,3481910,FAIL,Frida Crash (Connection lost)
2026-07-24 08:46:21,R3CR70AV5ZZ,0,3482072,FAIL,Frida Crash (Connection lost)
2026-07-24 08:46:21,R5CRA0PW01W,0,3481999,FAIL,Frida Crash (Connection lost)
2026-07-24 08:46:21,R3CR70SZ0JJ,0,3482107,FAIL,Frida Crash (Connection lost)
2026-07-24 08:46:21,R5CR9336DSB,0,3481986,FAIL,Frida Crash (Connection lost)
2026-07-24 08:46:24,R3CR70JFWXJ,0,3482103,FAIL,Frida Crash (Connection lost)
2026-07-24 08:46:27,R3CR70WD1KX,0,3482112,FAIL,Frida Crash (Connection lost)
2026-07-24 08:46:27,R3CR70D3ECZ,0,3482089,FAIL,Frida Crash (Connection lost)
2026-07-24 08:46:30,R5CRA0TJHLK,0,3482012,FAIL,Frida Crash (Connection lost)
2026-07-24 08:46:37,R3CR70WD7NA,0,3482123,FAIL,Frida Crash (Connection lost)
2026-07-24 08:46:39,R5CRC2RDAFB,0,3482023,FAIL,Frida Crash (Connection lost)
2026-07-24 08:46:47,R5CRC3DZRQH,0,3482033,FAIL,Frida Crash (Connection lost)
2026-07-24 08:47:54,R3CR90H1NCP,0,3482216,FAIL,Frida Crash (Connection lost)
2026-07-24 08:47:55,R3CR804583K,0,3482138,FAIL,Frida Crash (Connection lost)
2026-07-24 08:47:55,R3CR90GC5AP,0,3482196,FAIL,Frida Crash (Connection lost)
2026-07-24 08:47:59,R3CR90HEZDB,0,3482226,FAIL,Frida Crash (Connection lost)
2026-07-24 08:48:04,R3CR90CCP1D,0,3482178,FAIL,Frida Crash (Connection lost)
2026-07-24 08:48:04,R3CR8045YWN,0,3482152,FAIL,Frida Crash (Connection lost)
2026-07-24 08:48:05,R3CR90GCB5L,0,3482205,FAIL,Frida Crash (Connection lost)
2026-07-24 08:48:13,R3CR90CE67P,0,3482186,FAIL,Frida Crash (Connection lost)
2026-07-24 08:48:13,R3CR80LSWGD,0,3482166,FAIL,Frida Crash (Connection lost)
2026-07-24 08:48:22,R3CR80NVXJE,0,3482172,FAIL,Frida Crash (Connection lost)
2026-07-24 08:49:28,R3CRB0WCGET,0,3482298,FAIL,Frida Crash (Connection lost)
2026-07-24 08:49:28,R3CRC0ZCD2Z,0,3482331,FAIL,Frida Crash (Connection lost)
2026-07-24 08:49:28,R3CR90SJ6SW,0,3482252,FAIL,Frida Crash (Connection lost)
2026-07-24 08:49:28,R3CR90MAW4B,0,3482240,FAIL,Frida Crash (Connection lost)
2026-07-24 08:49:32,R3CRC0XSEHY,0,3482322,FAIL,Frida Crash (Connection lost)
2026-07-24 08:49:34,R5CR713T5WT,0,3482338,FAIL,Frida Crash (Connection lost)
2026-07-24 08:49:37,R3CRC0RBEPP,0,3482312,FAIL,Frida Crash (Connection lost)
2026-07-24 08:49:37,R3CRA09DW9E,0,3482259,FAIL,Frida Crash (Connection lost)
2026-07-24 08:49:46,R3CRA0EJ6SD,0,3482265,FAIL,Frida Crash (Connection lost)
2026-07-24 08:49:55,R3CRA0GP5YP,0,3482268,FAIL,Frida Crash (Connection lost)
2026-07-24 08:50:22,R3CRB0ATRRK,0,3482276,FAIL,ADDRESS_NOT_FOUND
2026-07-24 08:50:30,R3CRB0PZGDR,0,3482289,FAIL,Frida Crash (Connection lost)
2026-07-24 08:51:02,R5CR715VSTX,0,3482349,FAIL,App Closed
2026-07-24 08:51:02,R5CR807XTKD,0,3482411,FAIL,Frida Crash (Connection lost)
2026-07-24 08:51:06,R5CR80E53QP,0,3482438,FAIL,Frida Crash (Connection lost)
2026-07-24 08:51:11,R5CR80BKKQH,0,3482419,FAIL,Frida Crash (Connection lost)
2026-07-24 08:51:11,R5CR802CTAL,0,3482372,FAIL,Frida Crash (Connection lost)
2026-07-24 08:51:19,R5CR80DSS2W,0,3482426,FAIL,Frida Crash (Connection lost)
2026-07-24 08:51:20,R5CR802BBLB,0,3482363,FAIL,Frida Crash (Connection lost)
2026-07-24 08:51:29,R5CR802VA4D,0,3482385,FAIL,Frida Crash (Connection lost)
2026-07-24 08:51:37,R5CR804V9CT,0,3482402,FAIL,Frida Crash (Connection lost)
2026-07-24 08:52:33,R5CR82CEZBN,0,3482579,FAIL,Frida Crash (Connection lost)
2026-07-24 08:52:34,R5CR80ZYL9K,0,3482479,FAIL,Frida Crash (Connection lost)
2026-07-24 08:52:34,R5CR82FNMVX,0,3482588,FAIL,Frida Crash (Connection lost)
2026-07-24 08:52:35,R5CR81S2C2J,0,3482559,FAIL,Frida Crash (Connection lost)
2026-07-24 08:52:38,R5CR80ZPJ0Z,0,3482466,FAIL,Frida Crash (Connection lost)
2026-07-24 08:52:41,R5CR81SQ8JJ,0,3482569,FAIL,Frida Crash (Connection lost)
2026-07-24 08:52:47,R5CR813E9AB,0,3482489,FAIL,Frida Crash (Connection lost)
2026-07-24 08:52:56,R5CR8153KWN,0,3482507,FAIL,Frida Crash (Connection lost)
2026-07-24 08:53:05,R5CR81PA2GT,0,3482538,FAIL,Frida Crash (Connection lost)
2026-07-24 08:54:06,R5CRC3DZRQH,0,3482683,FAIL,Frida Crash (Connection lost)
2026-07-24 08:54:07,R5CR82H78WT,0,3482596,FAIL,Frida Crash (Connection lost)
2026-07-24 08:54:13,R3CR70D3ECZ,0,3482706,FAIL,Frida Crash (Connection lost)
2026-07-24 08:54:15,R5CR919ZL9A,0,3482625,FAIL,Frida Crash (Connection lost)
2026-07-24 08:54:15,R3CR70AV5ZZ,0,3482699,FAIL,Frida Crash (Connection lost)
2026-07-24 08:54:41,R5CR91SH8LM,0,3482631,FAIL,ADDRESS_NOT_FOUND
2026-07-24 08:54:50,R5CR9336DSB,0,3482635,FAIL,Frida Crash (Connection lost)
2026-07-24 08:54:59,R5CRA0PW01W,0,3482645,FAIL,Frida Crash (Connection lost)
2026-07-24 08:55:07,R5CRA0TJHLK,0,3482653,FAIL,Frida Crash (Connection lost)
2026-07-24 08:55:16,R5CRC2RDAFB,0,3482669,FAIL,Frida Crash (Connection lost)
2026-07-24 08:55:39,R3CR90GC5AP,0,3482832,FAIL,Frida Crash (Connection lost)
2026-07-24 08:55:39,R3CR70WD7NA,0,3482749,FAIL,Frida Crash (Connection lost)
2026-07-24 08:55:39,R3CR70SZ0JJ,0,3482731,FAIL,Frida Crash (Connection lost)
2026-07-24 08:55:39,R3CR70JFWXJ,0,3482716,FAIL,Frida Crash (Connection lost)
2026-07-24 08:55:41,R3CR90CE67P,0,3482815,FAIL,Frida Crash (Connection lost)
2026-07-24 08:55:42,R3CR90GCB5L,0,3482842,FAIL,Frida Crash (Connection lost)
2026-07-24 08:55:45,R3CR90CCP1D,0,3482799,FAIL,Frida Crash (Connection lost)
2026-07-24 08:55:50,R3CR804583K,0,3482758,FAIL,Frida Crash (Connection lost)
2026-07-24 08:55:59,R3CR8045YWN,0,3482766,FAIL,Frida Crash (Connection lost)
2026-07-24 08:56:08,R3CR80LSWGD,0,3482772,FAIL,Frida Crash (Connection lost)
2026-07-24 08:56:17,R3CR80NVXJE,0,3482783,FAIL,Frida Crash (Connection lost)
2026-07-24 08:56:31,R3CRA09DW9E,0,3482881,FAIL,App Closed
2026-07-24 08:57:13,R3CR90HEZDB,0,3482853,FAIL,Frida Crash (Connection lost)
2026-07-24 08:57:13,R3CR90H1NCP,0,3482848,FAIL,Frida Crash (Connection lost)
2026-07-24 08:57:15,R3CRB0ATRRK,0,3482906,FAIL,Frida Crash (Connection lost)
2026-07-24 08:57:17,R3CRC0RBEPP,0,3482938,FAIL,Frida Crash (Connection lost)
2026-07-24 08:57:18,R3CRB0WCGET,0,3482924,FAIL,Frida Crash (Connection lost)
2026-07-24 08:57:20,R3CRB0PZGDR,0,3482915,FAIL,Frida Crash (Connection lost)
2026-07-24 08:57:22,R3CR90MAW4B,0,3482859,FAIL,Frida Crash (Connection lost)
2026-07-24 08:57:48,R3CR90SJ6SW,0,3482867,FAIL,ADDRESS_NOT_FOUND
2026-07-24 08:57:58,R3CRA0EJ6SD,0,3482891,FAIL,Frida Crash (Connection lost)
2026-07-24 08:58:07,R3CRA0GP5YP,0,3482897,FAIL,Frida Crash (Connection lost)
2026-07-24 08:58:26,R3CRC0XSEHY,0,3482952,FAIL,GUIDANCE_NOT_FOUND
2026-07-24 08:58:36,R5CR80BKKQH,0,3483055,FAIL,App Closed
2026-07-24 08:58:46,R5CR80DSS2W,0,3483063,FAIL,Frida Crash (Connection lost)
2026-07-24 08:58:49,R3CRC0ZCD2Z,0,3482964,FAIL,Frida Crash (Connection lost)
2026-07-24 08:58:55,R5CR807XTKD,0,3483047,FAIL,Frida Crash (Connection lost)
2026-07-24 08:58:58,R5CR713T5WT,0,3482974,FAIL,Frida Crash (Connection lost)
2026-07-24 08:59:07,R5CR715VSTX,0,3482984,FAIL,Frida Crash (Connection lost)
2026-07-24 08:59:16,R5CR802CTAL,0,3483008,FAIL,Frida Crash (Connection lost)
2026-07-24 08:59:25,R5CR802BBLB,0,3482996,FAIL,Frida Crash (Connection lost)
2026-07-24 08:59:34,R5CR802VA4D,0,3483022,FAIL,Frida Crash (Connection lost)
2026-07-24 08:59:42,R5CR804V9CT,0,3483030,FAIL,Frida Crash (Connection lost)
2026-07-24 09:00:14,R5CR81S2C2J,0,3483196,FAIL,Frida Crash (Connection lost)
2026-07-24 09:00:18,R5CR8153KWN,0,3483155,FAIL,Frida Crash (Connection lost)
2026-07-24 09:00:18,R5CR81QCVCK,0,3483179,FAIL,Frida Crash (Connection lost)
2026-07-24 09:00:19,R5CR80E53QP,0,3483077,FAIL,Frida Crash (Connection lost)
2026-07-24 09:00:21,R5CR81SQ8JJ,0,3483218,FAIL,Frida Crash (Connection lost)
2026-07-24 09:00:22,R5CR81PA2GT,0,3483171,FAIL,Frida Crash (Connection lost)
2026-07-24 09:00:28,R5CR80ZNFTH,0,3483094,FAIL,Frida Crash (Connection lost)
2026-07-24 09:00:36,R5CR80ZPJ0Z,0,3483112,FAIL,Frida Crash (Connection lost)
2026-07-24 09:00:45,R5CR80ZYL9K,0,3483129,FAIL,Frida Crash (Connection lost)
2026-07-24 09:01:53,R5CR82CEZBN,0,3483227,FAIL,App Closed
2026-07-24 09:01:55,R5CR82FNMVX,0,3483231,FAIL,Frida Crash (Connection lost)
2026-07-24 09:01:58,R5CRC2RDAFB,0,3483326,FAIL,Frida Crash (Connection lost)
2026-07-24 09:02:04,R5CR82H78WT,0,3483237,FAIL,Frida Crash (Connection lost)
2026-07-24 09:02:13,R5CR919ZL9A,0,3483258,FAIL,Frida Crash (Connection lost)
2026-07-24 09:02:20,R3CR70D3ECZ,0,3483374,FAIL,Frida Crash (Connection lost)
2026-07-24 09:02:22,R5CR91SH8LM,0,3483280,FAIL,Frida Crash (Connection lost)
2026-07-24 09:02:31,R5CR9336DSB,0,3483295,FAIL,Frida Crash (Connection lost)
2026-07-24 09:02:40,R5CRA0TJHLK,0,3483323,FAIL,Frida Crash (Connection lost)
2026-07-24 09:03:25,R3CR90CCP1D,0,3483464,FAIL,Frida Crash (Connection lost)
2026-07-24 09:03:25,R5CRC3DZRQH,0,3483337,FAIL,Frida Crash (Connection lost)
2026-07-24 09:03:25,R3CR8045YWN,0,3483419,FAIL,App Closed
2026-07-24 09:03:25,R3CR70JFWXJ,0,3483385,FAIL,App Closed
2026-07-24 09:03:26,R3CR80LSWGD,0,3483437,FAIL,Frida Crash (Connection lost)
2026-07-24 09:03:30,R3CR70WD7NA,0,3483395,FAIL,Frida Crash (Connection lost)
2026-07-24 09:03:31,R3CR90CE67P,0,3483472,FAIL,Frida Crash (Connection lost)
2026-07-24 09:03:33,R3CR80NVXJE,0,3483452,FAIL,Frida Crash (Connection lost)
2026-07-24 09:03:34,R3CR70SZ0JJ,0,3483389,FAIL,Frida Crash (Connection lost)
2026-07-24 09:03:35,R3CR70AV5ZZ,0,3483362,FAIL,Frida Crash (Connection lost)
2026-07-24 09:03:39,R3CR804583K,0,3483406,FAIL,Frida Crash (Connection lost)
2026-07-24 09:04:59,R3CRA0GP5YP,0,3483560,FAIL,Frida Crash (Connection lost)
2026-07-24 09:04:59,R3CRA0EJ6SD,0,3483551,FAIL,Frida Crash (Connection lost)
2026-07-24 09:04:59,R3CR90GC5AP,0,3483476,FAIL,Frida Crash (Connection lost)
2026-07-24 09:05:01,R3CRB0PZGDR,0,3483578,FAIL,Frida Crash (Connection lost)
2026-07-24 09:05:03,R3CR90HEZDB,0,3483510,FAIL,Frida Crash (Connection lost)
2026-07-24 09:05:05,R3CRB0ATRRK,0,3483568,FAIL,Frida Crash (Connection lost)
2026-07-24 09:05:08,R3CR90GCB5L,0,3483486,FAIL,Frida Crash (Connection lost)
2026-07-24 09:05:12,R3CRB0WCGET,0,3483588,FAIL,Frida Crash (Connection lost)
2026-07-24 09:05:12,R3CR90MAW4B,0,3483524,FAIL,Frida Crash (Connection lost)
2026-07-24 09:05:17,R3CR90H1NCP,0,3483498,FAIL,Frida Crash (Connection lost)
2026-07-24 09:05:21,R3CR90SJ6SW,0,3483535,FAIL,Frida Crash (Connection lost)
2026-07-24 09:05:30,R3CRA09DW9E,0,3483542,FAIL,Frida Crash (Connection lost)
2026-07-24 09:06:31,R3CRC0XSEHY,0,3483614,FAIL,Frida Crash (Connection lost)
2026-07-24 09:06:31,R3CRC0RBEPP,0,3483605,FAIL,Frida Crash (Connection lost)
2026-07-24 09:06:31,R5CR807XTKD,0,3483694,FAIL,Frida Crash (Connection lost)
2026-07-24 09:06:35,R5CR804V9CT,0,3483686,FAIL,Frida Crash (Connection lost)
2026-07-24 09:06:36,R5CR80BKKQH,0,3483701,FAIL,Frida Crash (Connection lost)
2026-07-24 09:06:40,R3CRC0ZCD2Z,0,3483624,FAIL,Frida Crash (Connection lost)
2026-07-24 09:06:49,R5CR713T5WT,0,3483630,FAIL,Frida Crash (Connection lost)
2026-07-24 09:06:58,R5CR715VSTX,0,3483635,FAIL,Frida Crash (Connection lost)
2026-07-24 09:07:07,R5CR802CTAL,0,3483658,FAIL,Frida Crash (Connection lost)
2026-07-24 09:07:16,R5CR802BBLB,0,3483644,FAIL,Frida Crash (Connection lost)
2026-07-24 09:07:26,R5CR802VA4D,0,3483675,FAIL,Frida Crash (Connection lost)
2026-07-24 09:08:05,R5CR80DSS2W,0,3483707,FAIL,Frida Crash (Connection lost)
2026-07-24 09:08:08,R5CR8153KWN,0,3483785,FAIL,Frida Crash (Connection lost)
2026-07-24 09:08:09,R5CR81PA2GT,0,3483815,FAIL,Frida Crash (Connection lost)
2026-07-24 09:08:10,R5CR81QCVCK,0,3483828,FAIL,Frida Crash (Connection lost)
2026-07-24 09:08:12,R5CR80E53QP,0,3483719,FAIL,Frida Crash (Connection lost)
2026-07-24 09:08:20,R5CR80ZNFTH,0,3483744,FAIL,Frida Crash (Connection lost)
2026-07-24 09:08:23,R5CR81SQ8JJ,0,3483847,FAIL,Frida Crash (Connection lost)
2026-07-24 09:08:30,R5CR80ZYL9K,0,3483767,FAIL,Frida Crash (Connection lost)
2026-07-24 09:08:38,R5CR813E9AB,0,3483777,FAIL,Frida Crash (Connection lost)
2026-07-24 09:08:47,R5CR80ZPJ0Z,0,3483755,FAIL,Frida Crash (Connection lost)
2026-07-24 09:09:37,R5CR9336DSB,0,3483938,FAIL,Frida Crash (Connection lost)
2026-07-24 09:09:37,R5CR82CEZBN,0,3483859,FAIL,Frida Crash (Connection lost)
2026-07-24 09:09:38,R5CRA0PW01W,0,3483952,FAIL,Frida Crash (Connection lost)
2026-07-24 09:09:38,R5CR81S2C2J,0,3483838,FAIL,Frida Crash (Connection lost)
2026-07-24 09:09:44,R5CRA0TJHLK,0,3483965,FAIL,Frida Crash (Connection lost)
2026-07-24 09:09:47,R5CR82FNMVX,0,3483872,FAIL,Frida Crash (Connection lost)
2026-07-24 09:09:56,R5CR82H78WT,0,3483888,FAIL,Frida Crash (Connection lost)
2026-07-24 09:10:05,R5CR919ZL9A,0,3483913,FAIL,Frida Crash (Connection lost)
2026-07-24 09:10:13,R5CRC3DZRQH,0,3483995,FAIL,App Closed
2026-07-24 09:10:15,R5CR91SH8LM,0,3483926,FAIL,Frida Crash (Connection lost)
2026-07-24 09:10:18,R3CR70D3ECZ,0,3484039,FAIL,Frida Crash (Connection lost)
2026-07-24 09:10:20,R3CR70AV5ZZ,0,3484023,FAIL,Frida Crash (Connection lost)
2026-07-24 09:10:24,R5CRC2RDAFB,0,3483980,FAIL,Frida Crash (Connection lost)
2026-07-24 09:10:36,R3CR70JFWXJ,0,3484050,FAIL,App Launch Timeout
2026-07-24 09:10:54,R3CR70WD7NA,0,3484097,FAIL,Frida Crash (Connection lost)
2026-07-24 09:11:25,R3CR70D3ECZ,0,3484146,FAIL,Frida Crash (Connection lost)
2026-07-24 09:11:25,R3CR70AV5ZZ,0,3484133,FAIL,Frida Crash (Connection lost)
2026-07-24 09:11:33,R3CR70JFWXJ,0,3484156,FAIL,Frida Crash (Connection lost)
2026-07-24 09:11:45,R3CR70SZ0JJ,0,3484167,FAIL,Frida Crash (Connection lost)
2026-07-24 09:11:52,R3CR70WD1KX,0,3484175,FAIL,Frida Crash (Connection lost)
2026-07-24 09:11:57,R3CR70WD7NA,0,3484188,FAIL,Frida Crash (Connection lost)
2026-07-24 09:12:05,R3CR804583K,0,3484202,FAIL,Frida Crash (Connection lost)
2026-07-24 09:12:13,R3CR8045YWN,0,3484209,FAIL,Frida Crash (Connection lost)
2026-07-24 09:12:21,R3CR80LSWGD,0,3484213,FAIL,Frida Crash (Connection lost)
2026-07-24 09:12:29,R3CR80NVXJE,0,3484220,FAIL,Frida Crash (Connection lost)
2026-07-24 09:12:37,R3CR90CCP1D,0,3484227,FAIL,Frida Crash (Connection lost)
2026-07-24 09:12:45,R3CR90CE67P,0,3484232,FAIL,Frida Crash (Connection lost)
2026-07-24 09:12:51,R3CR90GC5AP,0,3484245,FAIL,Frida Crash (Connection lost)
2026-07-24 09:13:02,R3CR90GCB5L,0,3484256,FAIL,Frida Crash (Connection lost)
2026-07-24 09:13:09,R3CR90H1NCP,0,3484264,FAIL,Frida Crash (Connection lost)
2026-07-24 09:13:16,R3CR90HEZDB,0,3484272,FAIL,Frida Crash (Connection lost)
2026-07-24 09:13:28,R3CR90MAW4B,0,3484279,FAIL,Frida Crash (Connection lost)
2026-07-24 09:13:33,R3CR90SJ6SW,0,3484288,FAIL,Frida Crash (Connection lost)
2026-07-24 09:13:41,R3CRA09DW9E,0,3484296,FAIL,Frida Crash (Connection lost)
2026-07-24 09:13:49,R3CRA0EJ6SD,0,3484308,FAIL,Frida Crash (Connection lost)
2026-07-24 09:13:57,R3CRA0GP5YP,0,3484319,FAIL,Frida Crash (Connection lost)
2026-07-24 09:14:06,R3CRB0ATRRK,0,3484327,FAIL,Frida Crash (Connection lost)
2026-07-24 09:14:14,R3CRB0PZGDR,0,3484333,FAIL,Frida Crash (Connection lost)
2026-07-24 09:14:21,R3CRB0WCGET,0,3484342,FAIL,Frida Crash (Connection lost)
2026-07-24 09:14:29,R3CRC0RBEPP,0,3484351,FAIL,Frida Crash (Connection lost)
2026-07-24 09:14:37,R3CRC0XSEHY,0,3484355,FAIL,Frida Crash (Connection lost)
2026-07-24 09:14:48,R3CRC0ZCD2Z,0,3484366,FAIL,Frida Crash (Connection lost)
2026-07-24 09:14:54,R5CR713T5WT,0,3484380,FAIL,Frida Crash (Connection lost)
2026-07-24 09:15:03,R5CR715VSTX,0,3484391,FAIL,Frida Crash (Connection lost)
2026-07-24 09:15:19,R5CR802CTAL,0,3484400,FAIL,Frida Crash (Connection lost)
2026-07-24 09:15:26,R5CR802BBLB,0,3484397,FAIL,Frida Crash (Connection lost)
2026-07-24 09:15:27,R5CR802VA4D,0,3484408,FAIL,Frida Crash (Connection lost)
2026-07-24 09:15:35,R5CR804V9CT,0,3484422,FAIL,Frida Crash (Connection lost)
2026-07-24 09:15:43,R5CR807XTKD,0,3484437,FAIL,Frida Crash (Connection lost)
2026-07-24 09:15:51,R5CR80BKKQH,0,3484453,FAIL,Frida Crash (Connection lost)
2026-07-24 09:15:59,R5CR80DSS2W,0,3484463,FAIL,Frida Crash (Connection lost)
2026-07-24 09:16:15,R5CR80ZNCXT,0,3484480,FAIL,Frida Crash (Connection lost)
2026-07-24 09:16:22,R5CR80E53QP,0,3484472,FAIL,Frida Crash (Connection lost)
2026-07-24 09:16:24,R5CR80ZNFTH,0,3484490,FAIL,Frida Crash (Connection lost)
2026-07-24 09:16:40,R5CR80ZYL9K,0,3484515,FAIL,Frida Crash (Connection lost)
2026-07-24 09:16:47,R5CR80ZPJ0Z,0,3484501,FAIL,Frida Crash (Connection lost)
2026-07-24 09:16:49,R5CR813E9AB,0,3484535,FAIL,Frida Crash (Connection lost)
2026-07-24 09:16:57,R5CR8153KWN,0,3484551,FAIL,Frida Crash (Connection lost)
2026-07-24 09:17:05,R5CR818AW0R,0,3484564,FAIL,Frida Crash (Connection lost)
2026-07-24 09:17:13,R5CR81PA2GT,0,3484571,FAIL,Frida Crash (Connection lost)
2026-07-24 09:17:23,R5CR81QCVCK,0,3484578,FAIL,Frida Crash (Connection lost)
2026-07-24 09:17:32,R5CR81S2C2J,0,3484590,FAIL,Frida Crash (Connection lost)
2026-07-24 09:17:39,R5CR81SQ8JJ,0,3484604,FAIL,Frida Crash (Connection lost)
2026-07-24 09:17:47,R5CR82CEZBN,0,3484619,FAIL,Frida Crash (Connection lost)
2026-07-24 09:17:54,R5CR82FNMVX,0,3484632,FAIL,Frida Crash (Connection lost)
2026-07-24 09:18:02,R5CR82H78WT,0,3484635,FAIL,Frida Crash (Connection lost)
2026-07-24 09:18:10,R5CR82NR07J,0,3484639,FAIL,Frida Crash (Connection lost)
2026-07-24 09:18:18,R5CR919ZL9A,0,3484650,FAIL,Frida Crash (Connection lost)
2026-07-24 09:18:27,R5CR91SH8LM,0,3484666,FAIL,Frida Crash (Connection lost)
2026-07-24 09:18:34,R5CR9336DSB,0,3484680,FAIL,Frida Crash (Connection lost)
2026-07-24 09:18:42,R5CRA0PW01W,0,3484694,FAIL,Frida Crash (Connection lost)
2026-07-24 09:18:51,R5CRA0TJHLK,0,3484707,FAIL,Frida Crash (Connection lost)
2026-07-24 09:18:59,R5CRC2RDAFB,0,3484712,FAIL,Frida Crash (Connection lost)
2026-07-24 09:19:19,R5CRC3DZRQH,0,3484719,FAIL,Frida Crash (Connection lost)
2026-07-24 09:19:32,R3CR70D3ECZ,0,3484759,FAIL,Frida Crash (Connection lost)
2026-07-24 09:19:33,R3CR70AV5ZZ,0,3484744,FAIL,Frida Crash (Connection lost)
2026-07-24 09:19:44,R3CR70JFWXJ,0,3484772,FAIL,Frida Crash (Connection lost)
2026-07-24 09:19:50,R3CR70SZ0JJ,0,3484779,FAIL,Frida Crash (Connection lost)
2026-07-24 09:19:58,R3CR70WD7NA,0,3484789,FAIL,Frida Crash (Connection lost)
2026-07-24 09:20:07,R3CR804583K,0,3484801,FAIL,Frida Crash (Connection lost)
2026-07-24 09:20:15,R3CR8045YWN,0,3484811,FAIL,Frida Crash (Connection lost)
2026-07-24 09:20:24,R3CR80LSWGD,0,3484825,FAIL,Frida Crash (Connection lost)
2026-07-24 09:20:31,R3CR80NVXJE,0,3484841,FAIL,Frida Crash (Connection lost)
2026-07-24 09:20:38,R3CR90CCP1D,0,3484854,FAIL,Frida Crash (Connection lost)
2026-07-24 09:20:47,R3CR90CE67P,0,3484865,FAIL,Frida Crash (Connection lost)
2026-07-24 09:20:58,R3CR90GC5AP,0,3484876,FAIL,Frida Crash (Connection lost)
2026-07-24 09:21:06,R3CR90GCB5L,0,3484888,FAIL,Frida Crash (Connection lost)
2026-07-24 09:21:10,R3CR90H1NCP,0,3484899,FAIL,Frida Crash (Connection lost)
2026-07-24 09:21:18,R3CR90HEZDB,0,3484909,FAIL,Frida Crash (Connection lost)
2026-07-24 09:21:26,R3CR90MAW4B,0,3484919,FAIL,Frida Crash (Connection lost)
2026-07-24 09:21:34,R3CR90SJ6SW,0,3484931,FAIL,Frida Crash (Connection lost)
2026-07-24 09:21:42,R3CRA09DW9E,0,3484942,FAIL,Frida Crash (Connection lost)
2026-07-24 09:21:50,R3CRA0EJ6SD,0,3484951,FAIL,Frida Crash (Connection lost)
2026-07-24 09:21:58,R3CRA0GP5YP,0,3484960,FAIL,Frida Crash (Connection lost)
2026-07-24 09:22:06,R3CRB0ATRRK,0,3484969,FAIL,Frida Crash (Connection lost)
2026-07-24 09:22:14,R3CRB0PZGDR,0,3484977,FAIL,Frida Crash (Connection lost)
2026-07-24 09:22:22,R3CRB0WCGET,0,3484984,FAIL,Frida Crash (Connection lost)
2026-07-24 09:22:30,R3CRC0RBEPP,0,3484995,FAIL,Frida Crash (Connection lost)
2026-07-24 09:22:41,R3CRC0XSEHY,0,3485008,FAIL,Frida Crash (Connection lost)
2026-07-24 09:22:47,R3CRC0ZCD2Z,0,3485019,FAIL,Frida Crash (Connection lost)
2026-07-24 09:22:57,R5CR713T5WT,0,3485035,FAIL,Frida Crash (Connection lost)
2026-07-24 09:23:06,R5CR715VSTX,0,3485044,FAIL,Frida Crash (Connection lost)
2026-07-24 09:23:21,R5CR802CTAL,0,3485067,FAIL,Frida Crash (Connection lost)
2026-07-24 09:23:28,R5CR802BBLB,0,3485054,FAIL,Frida Crash (Connection lost)
2026-07-24 09:23:30,R5CR802VA4D,0,3485078,FAIL,Frida Crash (Connection lost)
2026-07-24 09:23:37,R5CR804V9CT,0,3485088,FAIL,Frida Crash (Connection lost)
2026-07-24 09:23:46,R5CR807XTKD,0,3485105,FAIL,Frida Crash (Connection lost)
2026-07-24 09:23:53,R5CR80BKKQH,0,3485121,FAIL,Frida Crash (Connection lost)
2026-07-24 09:24:04,R5CR80DSS2W,0,3485128,FAIL,Frida Crash (Connection lost)
2026-07-24 09:24:18,R5CR80ZNCXT,0,3485148,FAIL,Frida Crash (Connection lost)
2026-07-24 09:24:27,R5CR80ZNFTH,0,3485154,FAIL,Frida Crash (Connection lost)
2026-07-24 09:24:27,R5CR80E53QP,0,3485137,FAIL,Frida Crash (Connection lost)
2026-07-24 09:24:43,R5CR80ZYL9K,0,3485173,FAIL,Frida Crash (Connection lost)
2026-07-24 09:24:46,R5CR80ZPJ0Z,0,3485163,FAIL,Frida Crash (Connection lost)
2026-07-24 09:24:52,R5CR813E9AB,0,3485182,FAIL,Frida Crash (Connection lost)
2026-07-24 09:25:04,R5CR818AW0R,0,3485199,FAIL,Frida Crash (Connection lost)
2026-07-24 09:25:05,R5CR8153KWN,0,3485190,FAIL,Frida Crash (Connection lost)
2026-07-24 09:25:15,R5CR81PA2GT,0,3485203,FAIL,Frida Crash (Connection lost)
2026-07-24 09:25:23,R5CR81QCVCK,0,3485214,FAIL,Frida Crash (Connection lost)
2026-07-24 09:25:32,R5CR81S2C2J,0,3485228,FAIL,Frida Crash (Connection lost)
2026-07-24 09:25:39,R5CR81SQ8JJ,0,3485241,FAIL,Frida Crash (Connection lost)
2026-07-24 09:25:47,R5CR82CEZBN,0,3485250,FAIL,Frida Crash (Connection lost)
2026-07-24 09:25:56,R5CR82FNMVX,0,3485261,FAIL,Frida Crash (Connection lost)
2026-07-24 09:26:11,R5CR82H78WT,0,3485270,FAIL,App Launch Timeout
2026-07-24 09:26:22,R5CR919ZL9A,0,3485294,FAIL,Frida Crash (Connection lost)
2026-07-24 09:26:31,R5CR91SH8LM,0,3485317,FAIL,Frida Crash (Connection lost)
2026-07-24 09:26:37,R5CR9336DSB,0,3485328,FAIL,Frida Crash (Connection lost)
2026-07-24 09:26:53,R5CRA0PW01W,0,3485338,FAIL,App Launch Timeout
2026-07-24 09:27:00,R5CRA0TJHLK,0,3485349,FAIL,App Launch Timeout
2026-07-24 09:27:01,R5CRC2RDAFB,0,3485361,FAIL,Frida Crash (Connection lost)
2026-07-24 09:27:17,R5CRC3DZRQH,0,3485375,FAIL,App Launch Timeout
2026-07-24 09:27:35,R3CR70D3ECZ,0,3485410,FAIL,Frida Crash (Connection lost)
2026-07-24 09:27:36,R3CR70AV5ZZ,0,3485404,FAIL,Frida Crash (Connection lost)
2026-07-24 09:27:44,R3CR70JFWXJ,0,3485423,FAIL,Frida Crash (Connection lost)
2026-07-24 09:27:52,R3CR70SZ0JJ,0,3485431,FAIL,Frida Crash (Connection lost)
2026-07-24 09:28:06,R3CR804583K,0,3485449,FAIL,Frida Crash (Connection lost)
2026-07-24 09:28:09,R3CR70WD7NA,0,3485437,FAIL,Frida Crash (Connection lost)
2026-07-24 09:28:15,R3CR8045YWN,0,3485461,FAIL,Frida Crash (Connection lost)
2026-07-24 09:28:24,R3CR80LSWGD,0,3485470,FAIL,Frida Crash (Connection lost)
2026-07-24 09:28:32,R3CR80NVXJE,0,3485477,FAIL,Frida Crash (Connection lost)
2026-07-24 09:28:39,R3CR90CCP1D,0,3485491,FAIL,Frida Crash (Connection lost)
2026-07-24 09:28:48,R3CR90CE67P,0,3485503,FAIL,Frida Crash (Connection lost)
2026-07-24 09:28:56,R3CR90GC5AP,0,3485514,FAIL,Frida Crash (Connection lost)
2026-07-24 09:29:04,R3CR90GCB5L,0,3485528,FAIL,Frida Crash (Connection lost)
2026-07-24 09:29:12,R3CR90H1NCP,0,3485541,FAIL,Frida Crash (Connection lost)
2026-07-24 09:29:20,R3CR90HEZDB,0,3485549,FAIL,Frida Crash (Connection lost)
2026-07-24 09:29:29,R3CR90MAW4B,0,3485552,FAIL,Frida Crash (Connection lost)
2026-07-24 09:29:36,R3CR90SJ6SW,0,3485557,FAIL,Frida Crash (Connection lost)
2026-07-24 09:29:44,R3CRA09DW9E,0,3485567,FAIL,Frida Crash (Connection lost)
2026-07-24 09:29:54,R3CRA0EJ6SD,0,3485574,FAIL,Frida Crash (Connection lost)
2026-07-24 09:30:03,R3CRA0GP5YP,0,3485583,FAIL,Frida Crash (Connection lost)
2026-07-24 09:30:08,R3CRB0ATRRK,0,3485599,FAIL,Frida Crash (Connection lost)
2026-07-24 09:30:15,R3CRB0PZGDR,0,3485611,FAIL,Frida Crash (Connection lost)
2026-07-24 09:30:23,R3CRB0WCGET,0,3485615,FAIL,Frida Crash (Connection lost)
2026-07-24 09:30:31,R3CRC0RBEPP,0,3485624,FAIL,Frida Crash (Connection lost)
2026-07-24 09:30:39,R3CRC0XSEHY,0,3485635,FAIL,Frida Crash (Connection lost)
2026-07-24 09:30:48,R3CRC0ZCD2Z,0,3485651,FAIL,Frida Crash (Connection lost)
2026-07-24 09:30:57,R5CR713T5WT,0,3485661,FAIL,Frida Crash (Connection lost)
2026-07-24 09:31:05,R5CR715VSTX,0,3485673,FAIL,Frida Crash (Connection lost)
2026-07-24 09:31:20,R5CR802CTAL,0,3485683,FAIL,Frida Crash (Connection lost)
2026-07-24 09:31:28,R5CR802BBLB,0,3485678,FAIL,Frida Crash (Connection lost)
2026-07-24 09:31:29,R5CR802VA4D,0,3485693,FAIL,Frida Crash (Connection lost)
2026-07-24 09:31:38,R5CR804V9CT,0,3485704,FAIL,Frida Crash (Connection lost)
2026-07-24 09:31:47,R5CR807XTKD,0,3485713,FAIL,Frida Crash (Connection lost)
2026-07-24 09:31:56,R5CR80BKKQH,0,3485729,FAIL,Frida Crash (Connection lost)
2026-07-24 09:31:59,R5CR80DSS2W,0,3485744,FAIL,Frida Crash (Connection lost)
2026-07-24 09:32:17,R5CR80ZNCXT,0,3485771,FAIL,Frida Crash (Connection lost)
2026-07-24 09:32:25,R5CR80E53QP,0,3485759,FAIL,Frida Crash (Connection lost)
2026-07-24 09:32:26,R5CR80ZNFTH,0,3485777,FAIL,Frida Crash (Connection lost)
2026-07-24 09:32:43,R5CR80ZYL9K,0,3485791,FAIL,Frida Crash (Connection lost)
2026-07-24 09:32:48,R5CR80ZPJ0Z,0,3485783,FAIL,Frida Crash (Connection lost)
2026-07-24 09:32:51,R5CR813E9AB,0,3485807,FAIL,Frida Crash (Connection lost)
2026-07-24 09:32:59,R5CR8153KWN,0,3485818,FAIL,Frida Crash (Connection lost)
2026-07-24 09:33:07,R5CR818AW0R,0,3485834,FAIL,Frida Crash (Connection lost)
2026-07-24 09:33:15,R5CR81PA2GT,0,3485843,FAIL,Frida Crash (Connection lost)
2026-07-24 09:33:22,R5CR81QCVCK,0,3485851,FAIL,Frida Crash (Connection lost)
2026-07-24 09:33:31,R5CR81S2C2J,0,3485858,FAIL,Frida Crash (Connection lost)
2026-07-24 09:33:47,R5CR82CEZBN,0,3485876,FAIL,Frida Crash (Connection lost)
2026-07-24 09:33:48,R5CR81SQ8JJ,0,3485866,FAIL,App Launch Timeout
2026-07-24 09:33:55,R5CR82FNMVX,0,3485887,FAIL,Frida Crash (Connection lost)
2026-07-24 09:34:04,R5CR82H78WT,0,3485901,FAIL,Frida Crash (Connection lost)
2026-07-24 09:34:12,R5CR82NR07J,0,3485911,FAIL,Frida Crash (Connection lost)
2026-07-24 09:34:19,R5CR919ZL9A,0,3485919,FAIL,Frida Crash (Connection lost)
2026-07-24 09:34:27,R5CR91SH8LM,0,3485922,FAIL,Frida Crash (Connection lost)
2026-07-24 09:34:34,R5CR9336DSB,0,3485927,FAIL,Frida Crash (Connection lost)
2026-07-24 09:34:43,R5CRA0PW01W,0,3485939,FAIL,Frida Crash (Connection lost)
2026-07-24 09:34:51,R5CRA0TJHLK,0,3485951,FAIL,Frida Crash (Connection lost)
2026-07-24 09:34:56,R5CRC2RDAFB,0,3485964,FAIL,Frida Crash (Connection lost)
2026-07-24 09:35:28,R5CRC3DZRQH,0,3485976,FAIL,Frida Crash (Connection lost)
2026-07-24 09:35:33,R3CR70AV5ZZ,0,3485991,FAIL,Frida Crash (Connection lost)
2026-07-24 09:35:37,R3CR70D3ECZ,0,3486000,FAIL,Frida Crash (Connection lost)
2026-07-24 09:35:41,R3CR70JFWXJ,0,3486011,FAIL,Frida Crash (Connection lost)
2026-07-24 09:35:49,R3CR70SZ0JJ,0,3486021,FAIL,Frida Crash (Connection lost)
2026-07-24 09:35:57,R3CR70WD1KX,0,3486031,FAIL,Frida Crash (Connection lost)
2026-07-24 09:36:13,R3CR804583K,0,3486042,FAIL,Frida Crash (Connection lost)
2026-07-24 09:36:14,R3CR70WD7NA,0,3486035,FAIL,Frida Crash (Connection lost)
2026-07-24 09:36:21,R3CR8045YWN,0,3486056,FAIL,Frida Crash (Connection lost)
2026-07-24 09:36:30,R3CR80LSWGD,0,3486077,FAIL,Frida Crash (Connection lost)
2026-07-24 09:36:38,R3CR80NVXJE,0,3486095,FAIL,Frida Crash (Connection lost)
2026-07-24 09:36:46,R3CR90CCP1D,0,3486109,FAIL,Frida Crash (Connection lost)
2026-07-24 09:36:55,R3CR90CE67P,0,3486120,FAIL,Frida Crash (Connection lost)
2026-07-24 09:37:03,R3CR90GC5AP,0,3486131,FAIL,Frida Crash (Connection lost)
2026-07-24 09:37:11,R3CR90GCB5L,0,3486139,FAIL,Frida Crash (Connection lost)
2026-07-24 09:37:18,R3CR90H1NCP,0,3486146,FAIL,Frida Crash (Connection lost)
2026-07-24 09:37:30,R3CR90HEZDB,0,3486156,FAIL,Frida Crash (Connection lost)
2026-07-24 09:37:33,R3CR90MAW4B,0,3486165,FAIL,Frida Crash (Connection lost)
2026-07-24 09:37:45,R3CR90SJ6SW,0,3486172,FAIL,Frida Crash (Connection lost)
2026-07-24 09:37:51,R3CRA09DW9E,0,3486187,FAIL,Frida Crash (Connection lost)
2026-07-24 09:37:59,R3CRA0EJ6SD,0,3486203,FAIL,Frida Crash (Connection lost)
2026-07-24 09:38:08,R3CRA0GP5YP,0,3486218,FAIL,Frida Crash (Connection lost)
2026-07-24 09:38:17,R3CRB0ATRRK,0,3486229,FAIL,Frida Crash (Connection lost)
2026-07-24 09:38:25,R3CRB0PZGDR,0,3486238,FAIL,Frida Crash (Connection lost)
2026-07-24 09:38:32,R3CRB0WCGET,0,3486245,FAIL,Frida Crash (Connection lost)
2026-07-24 09:38:40,R3CRC0RBEPP,0,3486253,FAIL,Frida Crash (Connection lost)
2026-07-24 09:38:47,R3CRC0XSEHY,0,3486262,FAIL,Frida Crash (Connection lost)
2026-07-24 09:38:56,R3CRC0ZCD2Z,0,3486270,FAIL,Frida Crash (Connection lost)
2026-07-24 09:39:05,R5CR713T5WT,0,3486278,FAIL,Frida Crash (Connection lost)
2026-07-24 09:39:12,R5CR715VSTX,0,3486285,FAIL,Frida Crash (Connection lost)
2026-07-24 09:39:29,R5CR802CTAL,0,3486309,FAIL,Frida Crash (Connection lost)
2026-07-24 09:39:38,R5CR802BBLB,0,3486296,FAIL,Frida Crash (Connection lost)
2026-07-24 09:39:38,R5CR802VA4D,0,3486325,FAIL,Frida Crash (Connection lost)
2026-07-24 09:39:45,R5CR804V9CT,0,3486342,FAIL,Frida Crash (Connection lost)
2026-07-24 09:39:53,R5CR807XTKD,0,3486355,FAIL,Frida Crash (Connection lost)
2026-07-24 09:40:01,R5CR80BKKQH,0,3486363,FAIL,Frida Crash (Connection lost)
2026-07-24 09:40:10,R5CR80DSS2W,0,3486372,FAIL,Frida Crash (Connection lost)
2026-07-24 09:40:25,R5CR80ZNCXT,0,3486390,FAIL,Frida Crash (Connection lost)
2026-07-24 09:40:31,R5CR80E53QP,0,3486378,FAIL,Frida Crash (Connection lost)
2026-07-24 09:40:35,R5CR80ZNFTH,0,3486405,FAIL,Frida Crash (Connection lost)
2026-07-24 09:40:51,R5CR80ZYL9K,0,3486435,FAIL,Frida Crash (Connection lost)
2026-07-24 09:41:03,R5CR80ZPJ0Z,0,3486420,FAIL,Frida Crash (Connection lost)
2026-07-24 09:41:08,R5CR8153KWN,0,3486448,FAIL,Frida Crash (Connection lost)
2026-07-24 09:41:15,R5CR818AW0R,0,3486455,FAIL,Frida Crash (Connection lost)
2026-07-24 09:41:22,R5CR81PA2GT,0,3486463,FAIL,Frida Crash (Connection lost)
2026-07-24 09:41:31,R5CR81QCVCK,0,3486476,FAIL,Frida Crash (Connection lost)
2026-07-24 09:41:39,R5CR81S2C2J,0,3486492,FAIL,Frida Crash (Connection lost)
2026-07-24 09:41:47,R5CR81SQ8JJ,0,3486503,FAIL,Frida Crash (Connection lost)
2026-07-24 09:41:56,R5CR82CEZBN,0,3486513,FAIL,Frida Crash (Connection lost)
2026-07-24 09:42:03,R5CR82FNMVX,0,3486523,FAIL,Frida Crash (Connection lost)
2026-07-24 09:42:11,R5CR82H78WT,0,3486534,FAIL,Frida Crash (Connection lost)
2026-07-24 09:42:20,R5CR82NR07J,0,3486546,FAIL,Frida Crash (Connection lost)
2026-07-24 09:42:28,R5CR919ZL9A,0,3486561,FAIL,Frida Crash (Connection lost)
2026-07-24 09:42:37,R5CR91SH8LM,0,3486577,FAIL,Frida Crash (Connection lost)
2026-07-24 09:42:46,R5CR9336DSB,0,3486595,FAIL,Frida Crash (Connection lost)
2026-07-24 09:43:01,R5CRA0TJHLK,0,3486616,FAIL,Frida Crash (Connection lost)
2026-07-24 09:43:11,R5CRC2RDAFB,0,3486629,FAIL,Frida Crash (Connection lost)
2026-07-24 09:43:33,R5CRC3DZRQH,0,3486645,FAIL,Frida Crash (Connection lost)
2026-07-24 09:43:42,R3CR70D3ECZ,0,3486667,FAIL,Frida Crash (Connection lost)
2026-07-24 09:43:45,R3CR70AV5ZZ,0,3486661,FAIL,Frida Crash (Connection lost)
2026-07-24 09:43:54,R3CR70JFWXJ,0,3486676,FAIL,Frida Crash (Connection lost)
2026-07-24 09:44:00,R3CR70SZ0JJ,0,3486689,FAIL,Frida Crash (Connection lost)
2026-07-24 09:44:17,R3CR804583K,0,3486717,FAIL,Frida Crash (Connection lost)
2026-07-24 09:44:17,R3CR70WD7NA,0,3486703,FAIL,Frida Crash (Connection lost)
2026-07-24 09:44:25,R3CR8045YWN,0,3486732,FAIL,Frida Crash (Connection lost)
2026-07-24 09:44:33,R3CR80LSWGD,0,3486742,FAIL,Frida Crash (Connection lost)
2026-07-24 09:44:43,R3CR80NVXJE,0,3486750,FAIL,Frida Crash (Connection lost)
2026-07-24 09:44:51,R3CR90CCP1D,0,3486757,FAIL,Frida Crash (Connection lost)
2026-07-24 09:44:57,R3CR90CE67P,0,3486763,FAIL,Frida Crash (Connection lost)
2026-07-24 09:45:05,R3CR90GC5AP,0,3486776,FAIL,Frida Crash (Connection lost)
2026-07-24 09:45:14,R3CR90GCB5L,0,3486791,FAIL,Frida Crash (Connection lost)
2026-07-24 09:45:21,R3CR90H1NCP,0,3486805,FAIL,Frida Crash (Connection lost)
2026-07-24 09:45:29,R3CR90HEZDB,0,3486816,FAIL,Frida Crash (Connection lost)
2026-07-24 09:45:37,R3CR90MAW4B,0,3486821,FAIL,Frida Crash (Connection lost)
2026-07-24 09:45:45,R3CR90SJ6SW,0,3486827,FAIL,Frida Crash (Connection lost)
2026-07-24 09:45:53,R3CRA09DW9E,0,3486836,FAIL,Frida Crash (Connection lost)
2026-07-24 09:46:01,R3CRA0EJ6SD,0,3486848,FAIL,Frida Crash (Connection lost)
2026-07-24 09:46:10,R3CRA0GP5YP,0,3486864,FAIL,Frida Crash (Connection lost)
2026-07-24 09:46:18,R3CRB0ATRRK,0,3486880,FAIL,Frida Crash (Connection lost)
2026-07-24 09:46:28,R3CRB0PZGDR,0,3486890,FAIL,Frida Crash (Connection lost)
2026-07-24 09:46:35,R3CRB0WCGET,0,3486899,FAIL,Frida Crash (Connection lost)
2026-07-24 09:46:44,R3CRC0RBEPP,0,3486911,FAIL,Frida Crash (Connection lost)
2026-07-24 09:46:53,R3CRC0XSEHY,0,3486918,FAIL,Frida Crash (Connection lost)
2026-07-24 09:47:00,R3CRC0ZCD2Z,0,3486926,FAIL,Frida Crash (Connection lost)
2026-07-24 09:47:10,R5CR713T5WT,0,3486936,FAIL,Frida Crash (Connection lost)
2026-07-24 09:47:17,R5CR715VSTX,0,3486949,FAIL,Frida Crash (Connection lost)
2026-07-24 09:47:35,R5CR802CTAL,0,3486983,FAIL,Frida Crash (Connection lost)
2026-07-24 09:47:39,R5CR802BBLB,0,3486963,FAIL,Frida Crash (Connection lost)
2026-07-24 09:47:46,R5CR802VA4D,0,3486997,FAIL,Frida Crash (Connection lost)
2026-07-24 09:47:53,R5CR804V9CT,0,3487005,FAIL,Frida Crash (Connection lost)
2026-07-24 09:48:02,R5CR807XTKD,0,3487014,FAIL,Frida Crash (Connection lost)
2026-07-24 09:48:15,R5CR80BKKQH,0,3487022,FAIL,Frida Crash (Connection lost)
2026-07-24 09:48:15,R5CR80DSS2W,0,3487038,FAIL,Frida Crash (Connection lost)
2026-07-24 09:48:35,R5CR80ZNCXT,0,3487058,FAIL,Frida Crash (Connection lost)
2026-07-24 09:48:45,R5CR80E53QP,0,3487049,FAIL,Frida Crash (Connection lost)
2026-07-24 09:48:45,R5CR80ZNFTH,0,3487067,FAIL,Frida Crash (Connection lost)
2026-07-24 09:48:59,R5CR80ZYL9K,0,3487084,FAIL,Frida Crash (Connection lost)
2026-07-24 09:49:07,R5CR80ZPJ0Z,0,3487074,FAIL,Frida Crash (Connection lost)
2026-07-24 09:49:08,R5CR813E9AB,0,3487098,FAIL,Frida Crash (Connection lost)
2026-07-24 09:49:16,R5CR8153KWN,0,3487113,FAIL,Frida Crash (Connection lost)
2026-07-24 09:49:23,R5CR818AW0R,0,3487127,FAIL,Frida Crash (Connection lost)
2026-07-24 09:49:31,R5CR81PA2GT,0,3487131,FAIL,Frida Crash (Connection lost)
2026-07-24 09:49:39,R5CR81QCVCK,0,3487136,FAIL,Frida Crash (Connection lost)
2026-07-24 09:49:47,R5CR81S2C2J,0,3487144,FAIL,Frida Crash (Connection lost)
2026-07-24 09:49:55,R5CR81SQ8JJ,0,3487156,FAIL,Frida Crash (Connection lost)
2026-07-24 09:50:05,R5CR82CEZBN,0,3487170,FAIL,Frida Crash (Connection lost)
2026-07-24 09:50:16,R5CR82FNMVX,0,3487186,FAIL,Frida Crash (Connection lost)
2026-07-24 09:50:25,R5CR82H78WT,0,3487202,FAIL,Frida Crash (Connection lost)
2026-07-24 09:50:33,R5CR82NR07J,0,3487212,FAIL,Frida Crash (Connection lost)
2026-07-24 09:50:41,R5CR919ZL9A,0,3487227,FAIL,Frida Crash (Connection lost)
2026-07-24 09:50:50,R5CR91SH8LM,0,3487236,FAIL,Frida Crash (Connection lost)
2026-07-24 09:50:57,R5CR9336DSB,0,3487247,FAIL,Frida Crash (Connection lost)
2026-07-24 09:51:05,R5CRA0PW01W,0,3487259,FAIL,Frida Crash (Connection lost)
2026-07-24 09:51:13,R5CRA0TJHLK,0,3487271,FAIL,Frida Crash (Connection lost)
2026-07-24 09:51:21,R5CRC2RDAFB,0,3487284,FAIL,Frida Crash (Connection lost)
2026-07-24 09:51:45,R5CRC3DZRQH,0,3487305,FAIL,Frida Crash (Connection lost)
2026-07-24 09:51:49,R3CR70AV5ZZ,0,3487325,FAIL,Frida Crash (Connection lost)
2026-07-24 09:51:57,R3CR70D3ECZ,0,3487332,FAIL,Frida Crash (Connection lost)
2026-07-24 09:52:08,R3CR70JFWXJ,0,3487337,FAIL,Frida Crash (Connection lost)
2026-07-24 09:52:15,R3CR70SZ0JJ,0,3487347,FAIL,Frida Crash (Connection lost)
2026-07-24 09:52:29,R3CR70WD7NA,0,3487361,FAIL,Frida Crash (Connection lost)
2026-07-24 09:52:29,R3CR804583K,0,3487373,FAIL,Frida Crash (Connection lost)
2026-07-24 09:52:36,R3CR8045YWN,0,3487382,FAIL,Frida Crash (Connection lost)
2026-07-24 09:52:45,R3CR80LSWGD,0,3487391,FAIL,Frida Crash (Connection lost)
2026-07-24 09:52:53,R3CR80NVXJE,0,3487403,FAIL,Frida Crash (Connection lost)
2026-07-24 09:53:01,R3CR90CCP1D,0,3487412,FAIL,Frida Crash (Connection lost)
2026-07-24 09:53:09,R3CR90CE67P,0,3487421,FAIL,Frida Crash (Connection lost)
2026-07-24 09:53:17,R3CR90GC5AP,0,3487435,FAIL,Frida Crash (Connection lost)
2026-07-24 09:53:39,R3CR70AV5ZZ,0,3487452,FAIL,Frida Crash (Connection lost)
2026-07-24 09:53:57,R3CR70JFWXJ,0,3487478,FAIL,Frida Crash (Connection lost)
2026-07-24 09:54:00,R3CR70D3ECZ,0,3487463,FAIL,Frida Crash (Connection lost)
2026-07-24 09:54:08,R3CR70SZ0JJ,0,3487493,FAIL,Frida Crash (Connection lost)
2026-07-24 09:54:09,R3CR70WD1KX,0,3487503,FAIL,Frida Crash (Connection lost)
2026-07-24 09:54:28,R3CR804583K,0,3487512,FAIL,Frida Crash (Connection lost)
2026-07-24 09:54:31,R3CR70WD7NA,0,3487506,FAIL,Frida Crash (Connection lost)
2026-07-24 09:54:36,R3CR8045YWN,0,3487518,FAIL,Frida Crash (Connection lost)
2026-07-24 09:54:53,R3CR80NVXJE,0,3487549,FAIL,Frida Crash (Connection lost)
2026-07-24 09:54:54,R3CR80LSWGD,0,3487532,FAIL,Frida Crash (Connection lost)
2026-07-24 09:55:01,R3CR90CCP1D,0,3487564,FAIL,Frida Crash (Connection lost)
2026-07-24 09:55:09,R3CR90CE67P,0,3487572,FAIL,Frida Crash (Connection lost)
2026-07-24 09:55:17,R3CR90GC5AP,0,3487581,FAIL,Frida Crash (Connection lost)
2026-07-24 09:55:26,R3CR90GCB5L,0,3487587,FAIL,Frida Crash (Connection lost)
2026-07-24 09:55:33,R3CR90H1NCP,0,3487594,FAIL,Frida Crash (Connection lost)
2026-07-24 09:55:41,R3CR90HEZDB,0,3487611,FAIL,Frida Crash (Connection lost)
2026-07-24 09:55:49,R3CR90MAW4B,0,3487631,FAIL,Frida Crash (Connection lost)
2026-07-24 09:56:01,R3CR90SJ6SW,0,3487644,FAIL,Frida Crash (Connection lost)
2026-07-24 09:56:03,R3CRA09DW9E,0,3487654,FAIL,Frida Crash (Connection lost)
2026-07-24 09:56:14,R3CRA0EJ6SD,0,3487659,FAIL,Frida Crash (Connection lost)
2026-07-24 09:56:22,R3CRA0GP5YP,0,3487664,FAIL,Frida Crash (Connection lost)
2026-07-24 09:56:29,R3CRB0ATRRK,0,3487673,FAIL,Frida Crash (Connection lost)
2026-07-24 09:56:37,R3CRB0PZGDR,0,3487684,FAIL,Frida Crash (Connection lost)
2026-07-24 09:56:45,R3CRB0WCGET,0,3487697,FAIL,Frida Crash (Connection lost)
2026-07-24 09:56:54,R3CRC0RBEPP,0,3487703,FAIL,Frida Crash (Connection lost)
2026-07-24 09:57:02,R3CRC0XSEHY,0,3487711,FAIL,Frida Crash (Connection lost)
2026-07-24 09:57:07,R3CRC0ZCD2Z,0,3487718,FAIL,Frida Crash (Connection lost)
2026-07-24 09:57:19,R5CR713T5WT,0,3487725,FAIL,Frida Crash (Connection lost)
2026-07-24 09:57:26,R5CR715VSTX,0,3487735,FAIL,Frida Crash (Connection lost)
2026-07-24 09:57:40,R5CR802CTAL,0,3487760,FAIL,Frida Crash (Connection lost)
2026-07-24 09:57:51,R5CR802BBLB,0,3487748,FAIL,Frida Crash (Connection lost)
2026-07-24 09:57:52,R5CR802VA4D,0,3487767,FAIL,Frida Crash (Connection lost)
2026-07-24 09:57:58,R5CR804V9CT,0,3487775,FAIL,Frida Crash (Connection lost)
2026-07-24 09:58:06,R5CR807XTKD,0,3487787,FAIL,Frida Crash (Connection lost)
2026-07-24 09:58:15,R5CR80BKKQH,0,3487800,FAIL,Frida Crash (Connection lost)
2026-07-24 09:58:22,R5CR80DSS2W,0,3487809,FAIL,Frida Crash (Connection lost)
2026-07-24 09:58:38,R5CR80ZNCXT,0,3487824,FAIL,Frida Crash (Connection lost)
2026-07-24 09:58:45,R5CR80E53QP,0,3487816,FAIL,Frida Crash (Connection lost)
2026-07-24 09:58:47,R5CR80ZNFTH,0,3487829,FAIL,Frida Crash (Connection lost)
2026-07-24 09:59:04,R5CR80ZYL9K,0,3487851,FAIL,Frida Crash (Connection lost)
2026-07-24 09:59:11,R5CR813E9AB,0,3487862,FAIL,Frida Crash (Connection lost)
2026-07-24 09:59:11,R5CR80ZPJ0Z,0,3487840,FAIL,Frida Crash (Connection lost)
2026-07-24 09:59:20,R5CR8153KWN,0,3487872,FAIL,Frida Crash (Connection lost)
2026-07-24 09:59:40,R5CR81PA2GT,0,3487889,FAIL,Frida Crash (Connection lost)
2026-07-24 09:59:45,R5CR81QCVCK,0,3487902,FAIL,Frida Crash (Connection lost)
2026-07-24 09:59:52,R5CR81S2C2J,0,3487910,FAIL,Frida Crash (Connection lost)
2026-07-24 10:00:02,R5CR81SQ8JJ,0,3487919,FAIL,Frida Crash (Connection lost)
2026-07-24 10:00:10,R5CR82CEZBN,0,3487927,FAIL,Frida Crash (Connection lost)
2026-07-24 10:00:18,R5CR82FNMVX,0,3487937,FAIL,Frida Crash (Connection lost)
2026-07-24 10:00:26,R5CR82H78WT,0,3487947,FAIL,Frida Crash (Connection lost)
2026-07-24 10:00:33,R5CR82NR07J,0,3487960,FAIL,Frida Crash (Connection lost)
2026-07-24 10:00:41,R5CR919ZL9A,0,3487975,FAIL,Frida Crash (Connection lost)
2026-07-24 10:00:50,R5CR91SH8LM,0,3487981,FAIL,Frida Crash (Connection lost)
2026-07-24 10:00:58,R5CR9336DSB,0,3487987,FAIL,Frida Crash (Connection lost)
2026-07-24 10:01:06,R5CRA0PW01W,0,3487998,FAIL,Frida Crash (Connection lost)
2026-07-24 10:01:14,R5CRA0TJHLK,0,3488006,FAIL,Frida Crash (Connection lost)
2026-07-24 10:01:25,R5CRC2RDAFB,0,3488020,FAIL,Frida Crash (Connection lost)
2026-07-24 10:01:45,R5CRC3DZRQH,0,3488039,FAIL,Frida Crash (Connection lost)
2026-07-24 10:01:48,R3CR70AV5ZZ,0,3488065,FAIL,Frida Crash (Connection lost)
2026-07-24 10:01:57,R3CR70D3ECZ,0,3488074,FAIL,Frida Crash (Connection lost)
2026-07-24 10:02:05,R3CR70JFWXJ,0,3488086,FAIL,Frida Crash (Connection lost)
2026-07-24 10:02:13,R3CR70SZ0JJ,0,3488090,FAIL,Frida Crash (Connection lost)
2026-07-24 10:02:29,R3CR804583K,0,3488119,FAIL,Frida Crash (Connection lost)
2026-07-24 10:02:30,R3CR70WD7NA,0,3488104,FAIL,Frida Crash (Connection lost)
2026-07-24 10:02:37,R3CR8045YWN,0,3488129,FAIL,Frida Crash (Connection lost)
2026-07-24 10:02:46,R3CR80LSWGD,0,3488139,FAIL,Frida Crash (Connection lost)
2026-07-24 10:02:54,R3CR80NVXJE,0,3488146,FAIL,Frida Crash (Connection lost)
2026-07-24 10:03:02,R3CR90CCP1D,0,3488157,FAIL,Frida Crash (Connection lost)
2026-07-24 10:03:10,R3CR90CE67P,0,3488167,FAIL,Frida Crash (Connection lost)
2026-07-24 10:03:26,R3CR90GCB5L,0,3488193,FAIL,Frida Crash (Connection lost)
2026-07-24 10:03:27,R3CR90GC5AP,0,3488178,FAIL,App Launch Timeout
2026-07-24 10:03:36,R3CR90H1NCP,0,3488208,FAIL,Frida Crash (Connection lost)
2026-07-24 10:03:43,R3CR90HEZDB,0,3488224,FAIL,Frida Crash (Connection lost)
2026-07-24 10:03:52,R3CR90MAW4B,0,3488239,FAIL,Frida Crash (Connection lost)
2026-07-24 10:04:00,R3CR90SJ6SW,0,3488249,FAIL,Frida Crash (Connection lost)
2026-07-24 10:04:08,R3CRA09DW9E,0,3488260,FAIL,Frida Crash (Connection lost)
2026-07-24 10:04:16,R3CRA0EJ6SD,0,3488269,FAIL,Frida Crash (Connection lost)
2026-07-24 10:04:24,R3CRA0GP5YP,0,3488285,FAIL,Frida Crash (Connection lost)
2026-07-24 10:04:32,R3CRB0ATRRK,0,3488300,FAIL,Frida Crash (Connection lost)
2026-07-24 10:04:42,R3CRB0PZGDR,0,3488318,FAIL,Frida Crash (Connection lost)
2026-07-24 10:04:51,R3CRB0WCGET,0,3488337,FAIL,Frida Crash (Connection lost)
2026-07-24 10:04:59,R3CRC0RBEPP,0,3488354,FAIL,Frida Crash (Connection lost)
2026-07-24 10:05:04,R3CRC0XSEHY,0,3488367,FAIL,Frida Crash (Connection lost)
2026-07-24 10:05:15,R3CRC0ZCD2Z,0,3488376,FAIL,Frida Crash (Connection lost)
2026-07-24 10:05:23,R5CR713T5WT,0,3488384,FAIL,Frida Crash (Connection lost)
2026-07-24 10:05:31,R5CR715VSTX,0,3488403,FAIL,Frida Crash (Connection lost)
2026-07-24 10:05:47,R5CR802CTAL,0,3488431,FAIL,Frida Crash (Connection lost)
2026-07-24 10:05:54,R5CR802VA4D,0,3488443,FAIL,Frida Crash (Connection lost)
2026-07-24 10:05:56,R5CR802BBLB,0,3488422,FAIL,Frida Crash (Connection lost)
2026-07-24 10:06:01,R5CR804V9CT,0,3488455,FAIL,Frida Crash (Connection lost)
2026-07-24 10:06:12,R5CR807XTKD,0,3488466,FAIL,Frida Crash (Connection lost)
2026-07-24 10:06:20,R5CR80BKKQH,0,3488481,FAIL,Frida Crash (Connection lost)
2026-07-24 10:06:28,R5CR80DSS2W,0,3488494,FAIL,Frida Crash (Connection lost)
2026-07-24 10:06:44,R5CR80ZNCXT,0,3488522,FAIL,Frida Crash (Connection lost)
2026-07-24 10:06:51,R5CR80E53QP,0,3488507,FAIL,Frida Crash (Connection lost)
2026-07-24 10:06:51,R5CR80ZNFTH,0,3488542,FAIL,Frida Crash (Connection lost)
2026-07-24 10:07:09,R5CR80ZYL9K,0,3488565,FAIL,Frida Crash (Connection lost)
2026-07-24 10:07:12,R5CR80ZPJ0Z,0,3488554,FAIL,Frida Crash (Connection lost)
2026-07-24 10:07:23,R5CR813E9AB,0,3488576,FAIL,Frida Crash (Connection lost)
2026-07-24 10:07:26,R5CR8153KWN,0,3488588,FAIL,Frida Crash (Connection lost)
2026-07-24 10:07:34,R5CR818AW0R,0,3488597,FAIL,Frida Crash (Connection lost)
2026-07-24 10:07:41,R5CR81PA2GT,0,3488611,FAIL,Frida Crash (Connection lost)
2026-07-24 10:07:50,R5CR81QCVCK,0,3488621,FAIL,Frida Crash (Connection lost)
2026-07-24 10:07:58,R5CR81S2C2J,0,3488634,FAIL,Frida Crash (Connection lost)
2026-07-24 10:08:05,R5CR81SQ8JJ,0,3488646,FAIL,Frida Crash (Connection lost)
2026-07-24 10:08:14,R5CR82CEZBN,0,3488659,FAIL,Frida Crash (Connection lost)
2026-07-24 10:08:22,R5CR82FNMVX,0,3488672,FAIL,Frida Crash (Connection lost)
2026-07-24 10:08:29,R5CR82H78WT,0,3488685,FAIL,Frida Crash (Connection lost)
2026-07-24 10:09:36,R3CR70WD1KX,0,3488769,FAIL,Frida Crash (Connection lost)
2026-07-24 10:09:38,R3CR70SZ0JJ,0,3488756,FAIL,Frida Crash (Connection lost)
2026-07-24 10:09:41,R3CR70WD7NA,0,3488777,FAIL,Frida Crash (Connection lost)
2026-07-24 10:09:42,R3CR70D3ECZ,0,3488729,FAIL,Frida Crash (Connection lost)
2026-07-24 10:09:51,R3CR70JFWXJ,0,3488744,FAIL,Frida Crash (Connection lost)
2026-07-24 10:10:01,R3CR804583K,0,3488787,FAIL,Frida Crash (Connection lost)
2026-07-24 10:10:06,R3CR80NVXJE,0,3488837,FAIL,Frida Crash (Connection lost)
2026-07-24 10:12:35,R3CR90SJ6SW,0,3488924,FAIL,App Closed
2026-07-24 10:13:11,R3CRA09DW9E,0,3488936,FAIL,Frida Crash (Connection lost)
2026-07-24 10:13:11,R3CR90CE67P,0,3488862,FAIL,App Closed
2026-07-24 10:13:11,R5CR802CTAL,0,3489094,FAIL,Frida Crash (Connection lost)
2026-07-24 10:13:12,R3CR90GC5AP,0,3488875,FAIL,Frida Crash (Connection lost)
2026-07-24 10:13:12,R3CRB0WCGET,0,3489004,FAIL,Frida Crash (Connection lost)
2026-07-24 10:13:12,R3CR90CCP1D,0,3488849,FAIL,Frida Crash (Connection lost)
2026-07-24 10:13:12,R3CR90MAW4B,0,3488918,FAIL,Frida Crash (Connection lost)
2026-07-24 10:13:12,R3CR8045YWN,0,3488799,FAIL,Frida Crash (Connection lost)
2026-07-24 10:13:12,R3CR80LSWGD,0,3488818,FAIL,Frida Crash (Connection lost)
2026-07-24 10:13:12,R3CR90HEZDB,0,3488910,FAIL,Frida Crash (Connection lost)
2026-07-24 10:13:15,R3CRC0RBEPP,0,3489012,FAIL,App Closed
2026-07-24 10:13:16,R3CR90GCB5L,0,3488886,FAIL,Frida Crash (Connection lost)
2026-07-24 10:13:16,R5CR804V9CT,0,3489115,FAIL,Frida Crash (Connection lost)
2026-07-24 10:13:19,R5CR802VA4D,0,3489105,FAIL,Frida Crash (Connection lost)
2026-07-24 10:13:20,R3CRA0GP5YP,0,3488961,FAIL,Frida Crash (Connection lost)
2026-07-24 10:13:21,R5CR80BKKQH,0,3489125,FAIL,Frida Crash (Connection lost)
2026-07-24 10:13:22,R5CR802BBLB,0,3489083,FAIL,Frida Crash (Connection lost)
2026-07-24 10:13:24,R3CRC0XSEHY,0,3489020,FAIL,Frida Crash (Connection lost)
2026-07-24 10:13:25,R3CR90H1NCP,0,3488898,FAIL,Frida Crash (Connection lost)
2026-07-24 10:13:29,R3CRB0ATRRK,0,3488976,FAIL,Frida Crash (Connection lost)
2026-07-24 10:13:33,R3CRC0ZCD2Z,0,3489031,FAIL,Frida Crash (Connection lost)
2026-07-24 10:13:38,R3CRB0PZGDR,0,3488990,FAIL,Frida Crash (Connection lost)
2026-07-24 10:13:42,R5CR713T5WT,0,3489047,FAIL,Frida Crash (Connection lost)
2026-07-24 10:13:51,R5CR715VSTX,0,3489067,FAIL,Frida Crash (Connection lost)
2026-07-24 10:14:24,R5CR80DSS2W,0,3489145,FAIL,Frida Crash (Connection lost)
2026-07-24 10:14:32,R5CR80ZPJ0Z,0,3489195,FAIL,Frida Crash (Connection lost)
2026-07-24 10:14:34,R5CR80ZNCXT,0,3489174,FAIL,Frida Crash (Connection lost)
2026-07-24 10:14:35,R5CR813E9AB,0,3489216,FAIL,Frida Crash (Connection lost)
2026-07-24 10:14:37,R5CR818AW0R,0,3489255,FAIL,Frida Crash (Connection lost)
2026-07-24 10:14:42,R5CR80E53QP,0,3489164,FAIL,Frida Crash (Connection lost)
2026-07-24 10:14:42,R5CR8153KWN,0,3489233,FAIL,Frida Crash (Connection lost)
2026-07-24 10:14:52,R5CR80ZNFTH,0,3489185,FAIL,Frida Crash (Connection lost)
2026-07-24 10:15:01,R5CR80ZYL9K,0,3489204,FAIL,Frida Crash (Connection lost)
2026-07-24 10:16:45,R5CR81QCVCK,0,3489288,FAIL,Frida Crash (Connection lost)
2026-07-24 10:16:45,R5CR81S2C2J,0,3489302,FAIL,Frida Crash (Connection lost)
2026-07-24 10:16:45,R5CRA0PW01W,0,3489439,FAIL,Frida Crash (Connection lost)
2026-07-24 10:16:45,R5CRA0TJHLK,0,3489455,FAIL,Frida Crash (Connection lost)
2026-07-24 10:16:45,R5CR81PA2GT,0,3489270,FAIL,Frida Crash (Connection lost)
2026-07-24 10:16:49,R5CR81SQ8JJ,0,3489316,FAIL,Frida Crash (Connection lost)
2026-07-24 10:16:57,R5CRC2RDAFB,0,3489467,FAIL,Frida Crash (Connection lost)
2026-07-24 10:16:57,R5CR82CEZBN,0,3489331,FAIL,Frida Crash (Connection lost)
2026-07-24 10:17:07,R5CR82FNMVX,0,3489351,FAIL,Frida Crash (Connection lost)
2026-07-24 10:17:16,R5CR82H78WT,0,3489367,FAIL,Frida Crash (Connection lost)
2026-07-24 10:20:21,R3CR90HEZDB,0,3489664,FAIL,Frida Crash (Connection lost)
2026-07-24 10:20:22,R3CR804583K,0,3489556,FAIL,Frida Crash (Connection lost)
2026-07-24 10:20:22,R3CR80NVXJE,0,3489590,FAIL,Frida Crash (Connection lost)
2026-07-24 10:20:22,R3CR90CE67P,0,3489610,FAIL,Frida Crash (Connection lost)
2026-07-24 10:20:22,R3CRB0WCGET,0,3489752,FAIL,Frida Crash (Connection lost)
2026-07-24 10:20:22,R3CR8045YWN,0,3489567,FAIL,Frida Crash (Connection lost)
2026-07-24 10:20:22,R3CR90CCP1D,0,3489600,FAIL,Frida Crash (Connection lost)
2026-07-24 10:20:24,R3CRC0RBEPP,0,3489761,FAIL,Frida Crash (Connection lost)
2026-07-24 10:20:26,R3CR90MAW4B,0,3489676,FAIL,Frida Crash (Connection lost)
2026-07-24 10:20:26,R3CR90GC5AP,0,3489619,FAIL,Frida Crash (Connection lost)
2026-07-24 10:20:26,R3CRC0XSEHY,0,3489770,FAIL,Frida Crash (Connection lost)
2026-07-24 10:20:26,R3CR80LSWGD,0,3489579,FAIL,Frida Crash (Connection lost)
2026-07-24 10:20:27,R3CR70WD7NA,0,3489547,FAIL,Frida Crash (Connection lost)
2026-07-24 10:20:35,R3CR90GCB5L,0,3489632,FAIL,Frida Crash (Connection lost)
2026-07-24 10:20:35,R3CR90SJ6SW,0,3489685,FAIL,Frida Crash (Connection lost)
2026-07-24 10:20:44,R3CR90H1NCP,0,3489649,FAIL,Frida Crash (Connection lost)
2026-07-24 10:20:44,R3CRA09DW9E,0,3489690,FAIL,Frida Crash (Connection lost)
2026-07-24 10:20:53,R3CRA0EJ6SD,0,3489700,FAIL,Frida Crash (Connection lost)
2026-07-24 10:21:01,R3CRA0GP5YP,0,3489715,FAIL,Frida Crash (Connection lost)
2026-07-24 10:21:11,R3CRB0ATRRK,0,3489729,FAIL,Frida Crash (Connection lost)
2026-07-24 10:21:19,R5CR802VA4D,0,3489831,FAIL,App Launch Timeout
2026-07-24 10:21:21,R5CR713T5WT,0,3489786,FAIL,Frida Crash (Connection lost)
2026-07-24 10:21:30,R5CR802CTAL,0,3489817,FAIL,Frida Crash (Connection lost)
2026-07-24 10:21:30,R5CR715VSTX,0,3489797,FAIL,Frida Crash (Connection lost)
2026-07-24 10:21:31,R5CR80BKKQH,0,3489847,FAIL,Frida Crash (Connection lost)
2026-07-24 10:21:32,R5CR80DSS2W,0,3489853,FAIL,Frida Crash (Connection lost)
2026-07-24 10:21:34,R5CR802BBLB,0,3489806,FAIL,Frida Crash (Connection lost)
2026-07-24 10:21:38,R5CR804V9CT,0,3489842,FAIL,Frida Crash (Connection lost)
2026-07-24 10:21:39,R3CRB0PZGDR,0,3489743,FAIL,ADDRESS_NOT_FOUND
2026-07-24 10:23:57,R5CR82H78WT,0,3489991,FAIL,Frida Crash (Connection lost)
2026-07-24 10:23:57,R5CR81QCVCK,0,3489943,FAIL,App Closed
2026-07-24 10:23:57,R5CR82FNMVX,0,3489984,FAIL,Frida Crash (Connection lost)
2026-07-24 10:23:57,R5CR80ZNFTH,0,3489884,FAIL,Frida Crash (Connection lost)
2026-07-24 10:24:04,R5CR80E53QP,0,3489862,FAIL,Frida Crash (Connection lost)
2026-07-24 10:24:06,R5CR81S2C2J,0,3489953,FAIL,Frida Crash (Connection lost)
2026-07-24 10:24:12,R5CR80ZPJ0Z,0,3489896,FAIL,Frida Crash (Connection lost)
2026-07-24 10:24:15,R5CR81SQ8JJ,0,3489958,FAIL,Frida Crash (Connection lost)
2026-07-24 10:24:21,R5CR80ZYL9K,0,3489900,FAIL,Frida Crash (Connection lost)
2026-07-24 10:24:30,R5CR813E9AB,0,3489909,FAIL,Frida Crash (Connection lost)
2026-07-24 10:24:38,R5CR8153KWN,0,3489918,FAIL,Frida Crash (Connection lost)
2026-07-24 10:24:42,R5CR82CEZBN,0,3489969,FAIL,ADDRESS_NOT_FOUND
2026-07-24 10:24:48,R5CR81PA2GT,0,3489932,FAIL,Frida Crash (Connection lost)
2026-07-24 10:25:54,R3CR80LSWGD,0,3490146,FAIL,Frida Crash (Connection lost)
2026-07-24 10:25:55,R5CRA0PW01W,0,3490027,FAIL,Frida Crash (Connection lost)
2026-07-24 10:26:00,R5CR9336DSB,0,3490021,FAIL,Frida Crash (Connection lost)
2026-07-24 10:26:09,R5CR919ZL9A,0,3490008,FAIL,Frida Crash (Connection lost)
2026-07-24 10:26:18,R5CRA0TJHLK,0,3490035,FAIL,Frida Crash (Connection lost)
2026-07-24 10:26:28,R5CRC2RDAFB,0,3490050,FAIL,Frida Crash (Connection lost)
2026-07-24 10:26:36,R5CRC3DZRQH,0,3490063,FAIL,Frida Crash (Connection lost)
2026-07-24 10:27:34,R3CR804583K,0,3490130,FAIL,Frida Crash (Connection lost)
2026-07-24 10:27:34,R3CR8045YWN,0,3490138,FAIL,Frida Crash (Connection lost)
2026-07-24 10:27:34,R3CRA0EJ6SD,0,3490252,FAIL,Frida Crash (Connection lost)
2026-07-24 10:27:34,R3CR70D3ECZ,0,3490083,FAIL,Frida Crash (Connection lost)
2026-07-24 10:27:34,R3CR90CCP1D,0,3490157,FAIL,Frida Crash (Connection lost)
2026-07-24 10:27:34,R3CR70JFWXJ,0,3490097,FAIL,Frida Crash (Connection lost)
2026-07-24 10:27:34,R3CR90HEZDB,0,3490219,FAIL,Frida Crash (Connection lost)
2026-07-24 10:27:34,R3CRA0GP5YP,0,3490266,FAIL,Frida Crash (Connection lost)
2026-07-24 10:27:34,R3CR70AV5ZZ,0,3490076,FAIL,Frida Crash (Connection lost)
2026-07-24 10:27:35,R3CR90SJ6SW,0,3490234,FAIL,Frida Crash (Connection lost)
2026-07-24 10:27:36,R3CR80NVXJE,0,3490151,FAIL,App Closed
2026-07-24 10:27:39,R3CR90CE67P,0,3490162,FAIL,Frida Crash (Connection lost)
2026-07-24 10:27:43,R3CR90MAW4B,0,3490227,FAIL,Frida Crash (Connection lost)
2026-07-24 10:27:47,R3CRA09DW9E,0,3490241,FAIL,App Closed
2026-07-24 10:27:47,R3CR70WD7NA,0,3490119,FAIL,Frida Crash (Connection lost)
2026-07-24 10:27:48,R3CR90GC5AP,0,3490174,FAIL,Frida Crash (Connection lost)
2026-07-24 10:27:56,R3CR90GCB5L,0,3490194,FAIL,Frida Crash (Connection lost)
2026-07-24 10:27:56,R3CRB0ATRRK,0,3490282,FAIL,App Launch Timeout
2026-07-24 10:28:05,R3CR90H1NCP,0,3490209,FAIL,Frida Crash (Connection lost)
2026-07-24 10:28:16,R3CRC0XSEHY,0,3490317,FAIL,Frida Crash (Connection lost)
2026-07-24 10:28:25,R3CRB0WCGET,0,3490303,FAIL,Frida Crash (Connection lost)
2026-07-24 10:28:32,R5CR713T5WT,0,3490334,FAIL,Frida Crash (Connection lost)
2026-07-24 10:28:33,R3CRB0PZGDR,0,3490291,FAIL,Frida Crash (Connection lost)
2026-07-24 10:28:34,R3CRC0RBEPP,0,3490312,FAIL,Frida Crash (Connection lost)
2026-07-24 10:28:36,R3CRC0ZCD2Z,0,3490325,FAIL,Frida Crash (Connection lost)
2026-07-24 10:31:09,R5CR81SQ8JJ,0,3490558,FAIL,Frida Crash (Connection lost)
2026-07-24 10:31:09,R5CR80DSS2W,0,3490418,FAIL,Frida Crash (Connection lost)
2026-07-24 10:31:09,R5CR802VA4D,0,3490383,FAIL,Frida Crash (Connection lost)
2026-07-24 10:31:10,R5CR80BKKQH,0,3490404,FAIL,Frida Crash (Connection lost)
2026-07-24 10:31:10,R5CR802BBLB,0,3490364,FAIL,Frida Crash (Connection lost)
2026-07-24 10:31:10,R5CR715VSTX,0,3490347,FAIL,Frida Crash (Connection lost)
2026-07-24 10:31:11,R5CR802CTAL,0,3490374,FAIL,Frida Crash (Connection lost)
2026-07-24 10:31:13,R5CR82CEZBN,0,3490567,FAIL,Frida Crash (Connection lost)
2026-07-24 10:31:16,R5CR80E53QP,0,3490432,FAIL,Frida Crash (Connection lost)
2026-07-24 10:31:16,R5CR81S2C2J,0,3490546,FAIL,Frida Crash (Connection lost)
2026-07-24 10:31:18,R5CR81QCVCK,0,3490537,FAIL,Frida Crash (Connection lost)
2026-07-24 10:31:19,R5CR804V9CT,0,3490392,FAIL,Frida Crash (Connection lost)
2026-07-24 10:31:25,R5CR80ZNFTH,0,3490457,FAIL,Frida Crash (Connection lost)
2026-07-24 10:31:34,R5CR80ZYL9K,0,3490475,FAIL,Frida Crash (Connection lost)
2026-07-24 10:31:43,R5CR80ZPJ0Z,0,3490463,FAIL,Frida Crash (Connection lost)
2026-07-24 10:31:52,R5CR813E9AB,0,3490486,FAIL,Frida Crash (Connection lost)
2026-07-24 10:32:01,R5CR8153KWN,0,3490493,FAIL,Frida Crash (Connection lost)
2026-07-24 10:32:10,R5CR81PA2GT,0,3490517,FAIL,Frida Crash (Connection lost)
2026-07-24 10:32:56,R5CR82FNMVX,0,3490578,FAIL,Frida Crash (Connection lost)
2026-07-24 10:32:57,R5CR82H78WT,0,3490593,FAIL,Frida Crash (Connection lost)
2026-07-24 10:33:06,R5CR82NR07J,0,3490610,FAIL,Frida Crash (Connection lost)
2026-07-24 10:33:10,R3CR70JFWXJ,0,3490764,FAIL,Frida Crash (Connection lost)
2026-07-24 10:33:15,R5CR919ZL9A,0,3490629,FAIL,Frida Crash (Connection lost)
2026-07-24 10:33:23,R5CR91SH8LM,0,3490645,FAIL,Frida Crash (Connection lost)
2026-07-24 10:33:32,R5CR9336DSB,0,3490665,FAIL,Frida Crash (Connection lost)
2026-07-24 10:33:42,R5CRA0PW01W,0,3490674,FAIL,Frida Crash (Connection lost)
2026-07-24 10:33:50,R5CRA0TJHLK,0,3490679,FAIL,Frida Crash (Connection lost)
2026-07-24 10:33:59,R5CRC2RDAFB,0,3490689,FAIL,Frida Crash (Connection lost)
2026-07-24 10:34:08,R5CRC3DZRQH,0,3490701,FAIL,Frida Crash (Connection lost)
2026-07-24 10:34:46,R3CR90CCP1D,0,3490868,FAIL,Frida Crash (Connection lost)
2026-07-24 10:34:46,R3CR70AV5ZZ,0,3490732,FAIL,Frida Crash (Connection lost)
2026-07-24 10:34:47,R3CR804583K,0,3490813,FAIL,Frida Crash (Connection lost)
2026-07-24 10:34:47,R3CR90GC5AP,0,3490890,FAIL,Frida Crash (Connection lost)
2026-07-24 10:34:47,R3CR70D3ECZ,0,3490749,FAIL,Frida Crash (Connection lost)
2026-07-24 10:34:49,R3CR90H1NCP,0,3490907,FAIL,Frida Crash (Connection lost)
2026-07-24 10:34:53,R3CR8045YWN,0,3490819,FAIL,Frida Crash (Connection lost)
2026-07-24 10:34:53,R3CR70WD1KX,0,3490789,FAIL,Frida Crash (Connection lost)
2026-07-24 10:34:55,R3CR90CE67P,0,3490881,FAIL,Frida Crash (Connection lost)
2026-07-24 10:34:59,R3CR90GCB5L,0,3490896,FAIL,Frida Crash (Connection lost)
2026-07-24 10:35:02,R3CR80LSWGD,0,3490835,FAIL,Frida Crash (Connection lost)
2026-07-24 10:35:11,R3CR80NVXJE,0,3490851,FAIL,Frida Crash (Connection lost)
2026-07-24 10:35:27,R3CR90SJ6SW,0,3490937,FAIL,Frida Crash (Connection lost)
2026-07-24 10:35:27,R3CR90HEZDB,0,3490918,FAIL,Frida Crash (Connection lost)
2026-07-24 10:35:37,R3CR90MAW4B,0,3490926,FAIL,Frida Crash (Connection lost)
2026-07-24 10:35:39,R3CRA0EJ6SD,0,3490962,FAIL,App Launch Timeout
2026-07-24 10:38:20,R5CR80BKKQH,0,3491126,FAIL,Frida Crash (Connection lost)
2026-07-24 10:38:20,R3CRB0WCGET,0,3491017,FAIL,Frida Crash (Connection lost)
2026-07-24 10:38:20,R3CRA09DW9E,0,3490949,FAIL,Frida Crash (Connection lost)
2026-07-24 10:38:20,R3CRC0RBEPP,0,3491028,FAIL,Frida Crash (Connection lost)
2026-07-24 10:38:20,R3CRB0ATRRK,0,3490997,FAIL,App Closed
2026-07-24 10:38:20,R3CRA0GP5YP,0,3490978,FAIL,Frida Crash (Connection lost)
2026-07-24 10:38:22,R5CR802CTAL,0,3491101,FAIL,Frida Crash (Connection lost)
2026-07-24 10:38:25,R5CR813E9AB,0,3491216,FAIL,Frida Crash (Connection lost)
2026-07-24 10:38:25,R5CR80ZPJ0Z,0,3491189,FAIL,Frida Crash (Connection lost)
2026-07-24 10:38:26,R5CR80DSS2W,0,3491141,FAIL,Frida Crash (Connection lost)
2026-07-24 10:38:26,R3CRB0PZGDR,0,3491008,FAIL,Frida Crash (Connection lost)
2026-07-24 10:38:30,R5CR80ZYL9K,0,3491204,FAIL,Frida Crash (Connection lost)
2026-07-24 10:38:33,R3CRC0XSEHY,0,3491041,FAIL,App Closed
2026-07-24 10:38:36,R5CR80ZNFTH,0,3491181,FAIL,Frida Crash (Connection lost)
2026-07-24 10:38:42,R3CRC0ZCD2Z,0,3491061,FAIL,Frida Crash (Connection lost)
2026-07-24 10:38:45,R5CR80E53QP,0,3491156,FAIL,Frida Crash (Connection lost)
2026-07-24 10:38:51,R5CR713T5WT,0,3491074,FAIL,Frida Crash (Connection lost)
2026-07-24 10:39:00,R5CR715VSTX,0,3491085,FAIL,Frida Crash (Connection lost)
2026-07-24 10:39:09,R5CR802VA4D,0,3491107,FAIL,Frida Crash (Connection lost)
2026-07-24 10:39:18,R5CR804V9CT,0,3491113,FAIL,Frida Crash (Connection lost)
2026-07-24 10:39:27,R5CR802BBLB,0,3491094,FAIL,Frida Crash (Connection lost)
2026-07-24 10:39:33,R5CR8153KWN,0,3491228,FAIL,GUIDANCE_NOT_FOUND
2026-07-24 10:39:42,R5CR818AW0R,0,3491245,FAIL,Frida Crash (Connection lost)
2026-07-24 10:39:50,R5CR81QCVCK,0,3491263,FAIL,Frida Crash (Connection lost)
2026-07-24 10:39:50,R5CR81PA2GT,0,3491256,FAIL,Frida Crash (Connection lost)
2026-07-24 10:39:59,R5CR82NR07J,0,3491325,FAIL,Frida Crash (Connection lost)
2026-07-24 10:39:59,R5CR81S2C2J,0,3491269,FAIL,Frida Crash (Connection lost)
2026-07-24 10:40:04,R5CR919ZL9A,0,3491329,FAIL,Frida Crash (Connection lost)
2026-07-24 10:40:05,R5CR9336DSB,0,3491351,FAIL,Frida Crash (Connection lost)
2026-07-24 10:40:08,R5CR81SQ8JJ,0,3491278,FAIL,Frida Crash (Connection lost)
2026-07-24 10:40:13,R5CR91SH8LM,0,3491337,FAIL,Frida Crash (Connection lost)
2026-07-24 10:40:17,R5CR82CEZBN,0,3491293,FAIL,Frida Crash (Connection lost)
2026-07-24 10:40:26,R5CR82FNMVX,0,3491309,FAIL,Frida Crash (Connection lost)
2026-07-24 10:40:35,R5CR82H78WT,0,3491318,FAIL,Frida Crash (Connection lost)
2026-07-24 10:40:52,R5CRC3DZRQH,0,3491381,FAIL,Frida Crash (Connection lost)
2026-07-24 10:41:48,R3CR70AV5ZZ,0,3491404,FAIL,Frida Crash (Connection lost)
2026-07-24 10:41:49,R5CRA0PW01W,0,3491366,FAIL,Frida Crash (Connection lost)
2026-07-24 10:41:49,R3CR8045YWN,0,3491466,FAIL,Frida Crash (Connection lost)
2026-07-24 10:41:53,R5CRA0TJHLK,0,3491374,FAIL,Frida Crash (Connection lost)
2026-07-24 10:41:53,R3CR804583K,0,3491457,FAIL,Frida Crash (Connection lost)
2026-07-24 10:41:56,R3CR80LSWGD,0,3491472,FAIL,Frida Crash (Connection lost)
2026-07-24 10:41:58,R3CR70WD7NA,0,3491454,FAIL,Frida Crash (Connection lost)
2026-07-24 10:42:02,R5CRC2RDAFB,0,3491378,FAIL,Frida Crash (Connection lost)
2026-07-24 10:42:14,R3CR90CCP1D,0,3491495,FAIL,Frida Crash (Connection lost)
2026-07-24 10:42:15,R3CR70D3ECZ,0,3491421,FAIL,ADDRESS_NOT_FOUND
2026-07-24 10:42:18,R3CR80NVXJE,0,3491485,FAIL,Frida Crash (Connection lost)
2026-07-24 10:42:24,R3CR70SZ0JJ,0,3491446,FAIL,Frida Crash (Connection lost)
2026-07-24 10:43:27,R3CRA0EJ6SD,0,3491582,FAIL,Frida Crash (Connection lost)
2026-07-24 10:43:59,R3CRB0WCGET,0,3491634,FAIL,Frida Crash (Connection lost)
2026-07-24 10:44:51,R3CR90CE67P,0,3491508,SUCCESS,Task Completed
2026-07-24 10:45:24,R3CRC0RBEPP,0,3491648,FAIL,Frida Crash (Connection lost)
2026-07-24 10:45:24,R3CR90HEZDB,0,3491546,FAIL,Frida Crash (Connection lost)
2026-07-24 10:45:24,R3CR90GCB5L,0,3491528,FAIL,Frida Crash (Connection lost)
2026-07-24 10:45:24,R3CR90GC5AP,0,3491517,FAIL,Frida Crash (Connection lost)
2026-07-24 10:45:24,R3CR90SJ6SW,0,3491571,FAIL,Frida Crash (Connection lost)
2026-07-24 10:45:24,R3CR90MAW4B,0,3491561,FAIL,Frida Crash (Connection lost)
2026-07-24 10:45:24,R3CRC0XSEHY,0,3491659,FAIL,Frida Crash (Connection lost)
2026-07-24 10:45:24,R3CR90H1NCP,0,3491537,FAIL,Frida Crash (Connection lost)
2026-07-24 10:45:28,R5CR80DSS2W,0,3491763,FAIL,Frida Crash (Connection lost)
2026-07-24 10:45:29,R5CR804V9CT,0,3491735,FAIL,Frida Crash (Connection lost)
2026-07-24 10:45:33,R3CRA09DW9E,0,3491578,FAIL,Frida Crash (Connection lost)
2026-07-24 10:45:33,R3CRC0ZCD2Z,0,3491669,FAIL,Frida Crash (Connection lost)
2026-07-24 10:45:34,R5CR80BKKQH,0,3491749,FAIL,Frida Crash (Connection lost)
2026-07-24 10:45:42,R5CR713T5WT,0,3491686,FAIL,Frida Crash (Connection lost)
2026-07-24 10:45:51,R5CR715VSTX,0,3491694,FAIL,Frida Crash (Connection lost)
2026-07-24 10:46:00,R3CRA0GP5YP,0,3491592,FAIL,ADDRESS_NOT_FOUND
2026-07-24 10:46:00,R5CR802CTAL,0,3491711,FAIL,Frida Crash (Connection lost)
2026-07-24 10:46:26,R5CR802BBLB,0,3491698,FAIL,ADDRESS_NOT_FOUND
2026-07-24 10:46:27,R3CRB0ATRRK,0,3491607,FAIL,ADDRESS_NOT_FOUND
2026-07-24 10:46:36,R3CRB0PZGDR,0,3491620,FAIL,Frida Crash (Connection lost)
2026-07-24 10:46:38,R5CR80ZNCXT,0,3491790,FAIL,Frida Crash (Connection lost)
2026-07-24 10:46:40,R5CR80ZPJ0Z,0,3491814,FAIL,Frida Crash (Connection lost)
2026-07-24 10:46:45,R5CR818AW0R,0,3491853,FAIL,Frida Crash (Connection lost)
2026-07-24 10:46:46,R5CR81PA2GT,0,3491866,FAIL,Frida Crash (Connection lost)
2026-07-24 10:46:46,R5CR8153KWN,0,3491839,FAIL,Frida Crash (Connection lost)
2026-07-24 10:46:46,R5CR80E53QP,0,3491777,FAIL,Frida Crash (Connection lost)
2026-07-24 10:46:48,R5CR81QCVCK,0,3491882,FAIL,Frida Crash (Connection lost)
2026-07-24 10:46:50,R5CR813E9AB,0,3491831,FAIL,Frida Crash (Connection lost)
2026-07-24 10:47:13,R5CR80ZNFTH,0,3491804,FAIL,ADDRESS_NOT_FOUND
2026-07-24 10:47:22,R5CR80ZYL9K,0,3491819,FAIL,Frida Crash (Connection lost)
2026-07-24 10:48:50,R5CR81S2C2J,0,3491896,FAIL,Frida Crash (Connection lost)
2026-07-24 10:48:52,R5CRC2RDAFB,0,3492045,FAIL,Frida Crash (Connection lost)
2026-07-24 10:48:53,R3CR70AV5ZZ,0,3492068,FAIL,Frida Crash (Connection lost)
2026-07-24 10:48:54,R5CR81SQ8JJ,0,3491905,FAIL,Frida Crash (Connection lost)
2026-07-24 10:49:03,R5CR82CEZBN,0,3491926,FAIL,Frida Crash (Connection lost)
2026-07-24 10:49:12,R5CR82FNMVX,0,3491946,FAIL,Frida Crash (Connection lost)
2026-07-24 10:49:21,R5CR82H78WT,0,3491953,FAIL,Frida Crash (Connection lost)
2026-07-24 10:49:30,R5CR919ZL9A,0,3491971,FAIL,Frida Crash (Connection lost)
2026-07-24 10:49:39,R5CR91SH8LM,0,3491987,FAIL,Frida Crash (Connection lost)
2026-07-24 10:49:48,R5CRA0PW01W,0,3492029,FAIL,Frida Crash (Connection lost)
2026-07-24 10:49:57,R5CR9336DSB,0,3492006,FAIL,Frida Crash (Connection lost)
2026-07-24 10:50:06,R5CRA0TJHLK,0,3492041,FAIL,Frida Crash (Connection lost)
2026-07-24 10:52:18,R3CR70JFWXJ,0,3492103,FAIL,Frida Crash (Connection lost)
2026-07-24 10:52:18,R3CRA09DW9E,0,3492237,FAIL,Frida Crash (Connection lost)
2026-07-24 10:52:19,R3CRB0WCGET,0,3492291,FAIL,Frida Crash (Connection lost)
2026-07-24 10:52:19,R3CR70SZ0JJ,0,3492111,FAIL,Frida Crash (Connection lost)
2026-07-24 10:52:19,R3CR70D3ECZ,0,3492088,FAIL,Frida Crash (Connection lost)
2026-07-24 10:52:19,R3CR804583K,0,3492123,FAIL,Frida Crash (Connection lost)
2026-07-24 10:52:19,R3CR90CE67P,0,3492170,FAIL,Frida Crash (Connection lost)
2026-07-24 10:52:19,R3CR90GC5AP,0,3492176,FAIL,Frida Crash (Connection lost)
2026-07-24 10:52:19,R3CR90CCP1D,0,3492163,FAIL,Frida Crash (Connection lost)
2026-07-24 10:52:20,R3CRC0RBEPP,0,3492305,FAIL,Frida Crash (Connection lost)
2026-07-24 10:52:20,R5CR713T5WT,0,3492338,FAIL,Frida Crash (Connection lost)
2026-07-24 10:52:23,R3CRC0XSEHY,0,3492321,FAIL,Frida Crash (Connection lost)
2026-07-24 10:52:25,R3CRA0EJ6SD,0,3492249,FAIL,Frida Crash (Connection lost)
2026-07-24 10:52:25,R3CR80LSWGD,0,3492142,FAIL,Frida Crash (Connection lost)
2026-07-24 10:52:26,R3CRC0ZCD2Z,0,3492330,FAIL,Frida Crash (Connection lost)
2026-07-24 10:52:28,R3CR90GCB5L,0,3492187,FAIL,Frida Crash (Connection lost)
2026-07-24 10:52:28,R3CRA0GP5YP,0,3492261,FAIL,Frida Crash (Connection lost)
2026-07-24 10:52:29,R3CR70WD7NA,0,3492118,FAIL,Frida Crash (Connection lost)
2026-07-24 10:52:33,R3CR90HEZDB,0,3492202,FAIL,Frida Crash (Connection lost)
2026-07-24 10:52:37,R3CR90H1NCP,0,3492193,FAIL,Frida Crash (Connection lost)
2026-07-24 10:52:40,R3CR90MAW4B,0,3492214,FAIL,Frida Crash (Connection lost)
2026-07-24 10:52:44,R3CRB0ATRRK,0,3492267,FAIL,Frida Crash (Connection lost)
2026-07-24 10:52:44,R3CRB0PZGDR,0,3492278,FAIL,Frida Crash (Connection lost)
2026-07-24 10:52:48,R3CR90SJ6SW,0,3492228,FAIL,Frida Crash (Connection lost)
2026-07-24 10:52:52,R3CR80NVXJE,0,3492152,FAIL,ADDRESS_NOT_FOUND
2026-07-24 10:53:21,R5CR715VSTX,0,3492349,FAIL,Frida Crash (Connection lost)
2026-07-24 10:53:30,R5CR802CTAL,0,3492377,FAIL,Frida Crash (Connection lost)
2026-07-24 10:53:34,R5CR80BKKQH,0,3492403,FAIL,Frida Crash (Connection lost)
2026-07-24 10:53:36,R5CR80DSS2W,0,3492412,FAIL,Frida Crash (Connection lost)
2026-07-24 10:53:40,R5CR802BBLB,0,3492366,FAIL,Frida Crash (Connection lost)
2026-07-24 10:53:49,R5CR802VA4D,0,3492388,FAIL,Frida Crash (Connection lost)
2026-07-24 10:53:58,R5CR804V9CT,0,3492399,FAIL,Frida Crash (Connection lost)
2026-07-24 10:55:50,R5CR919ZL9A,0,3492585,FAIL,Frida Crash (Connection lost)
2026-07-24 10:55:51,R5CR80ZNFTH,0,3492448,FAIL,Frida Crash (Connection lost)
2026-07-24 10:55:51,R5CR81QCVCK,0,3492518,FAIL,Frida Crash (Connection lost)
2026-07-24 10:55:51,R5CR80E53QP,0,3492426,FAIL,Frida Crash (Connection lost)
2026-07-24 10:55:52,R5CR81S2C2J,0,3492528,FAIL,Frida Crash (Connection lost)
2026-07-24 10:55:53,R5CR9336DSB,0,3492610,FAIL,Frida Crash (Connection lost)
2026-07-24 10:55:59,R5CR80ZYL9K,0,3492469,FAIL,Frida Crash (Connection lost)
2026-07-24 10:56:01,R5CR81SQ8JJ,0,3492536,FAIL,Frida Crash (Connection lost)
2026-07-24 10:56:01,R5CR91SH8LM,0,3492600,FAIL,Frida Crash (Connection lost)
2026-07-24 10:56:05,R5CRA0PW01W,0,3492623,FAIL,Frida Crash (Connection lost)
2026-07-24 10:56:09,R5CR80ZPJ0Z,0,3492460,FAIL,Frida Crash (Connection lost)
2026-07-24 10:56:10,R5CR82CEZBN,0,3492543,FAIL,Frida Crash (Connection lost)
2026-07-24 10:56:18,R5CR813E9AB,0,3492475,FAIL,Frida Crash (Connection lost)
2026-07-24 10:56:19,R5CR82FNMVX,0,3492554,FAIL,Frida Crash (Connection lost)
2026-07-24 10:56:27,R5CR8153KWN,0,3492485,FAIL,Frida Crash (Connection lost)
2026-07-24 10:56:28,R5CR82H78WT,0,3492562,FAIL,Frida Crash (Connection lost)
2026-07-24 10:56:36,R5CR81PA2GT,0,3492508,FAIL,Frida Crash (Connection lost)
2026-07-24 10:57:03,R3CR70SZ0JJ,0,3492695,FAIL,Frida Crash (Connection lost)
2026-07-24 10:57:46,R5CRC2RDAFB,0,3492641,FAIL,Frida Crash (Connection lost)
2026-07-24 10:57:48,R5CRA0TJHLK,0,3492633,FAIL,Frida Crash (Connection lost)
2026-07-24 10:59:06,R3CRA09DW9E,0,3492864,FAIL,Frida Crash (Connection lost)
2026-07-24 10:59:20,R3CRA0EJ6SD,0,3492873,FAIL,Frida Crash (Connection lost)
2026-07-24 10:59:20,R3CR804583K,0,3492721,FAIL,App Closed
2026-07-24 10:59:20,R3CR90CCP1D,0,3492768,FAIL,Frida Crash (Connection lost)
2026-07-24 10:59:20,R3CR70AV5ZZ,0,3492664,FAIL,Frida Crash (Connection lost)
2026-07-24 10:59:20,R3CR90SJ6SW,0,3492850,FAIL,Frida Crash (Connection lost)
2026-07-24 10:59:20,R3CRA0GP5YP,0,3492886,FAIL,Frida Crash (Connection lost)
2026-07-24 10:59:21,R3CR8045YWN,0,3492725,FAIL,Frida Crash (Connection lost)
2026-07-24 10:59:21,R3CR70JFWXJ,0,3492687,FAIL,Frida Crash (Connection lost)
2026-07-24 10:59:21,R3CR70D3ECZ,0,3492675,FAIL,Frida Crash (Connection lost)
2026-07-24 10:59:21,R3CR90HEZDB,0,3492812,FAIL,Frida Crash (Connection lost)
2026-07-24 10:59:22,R3CR90CE67P,0,3492778,FAIL,Frida Crash (Connection lost)
2026-07-24 10:59:26,R3CRB0ATRRK,0,3492897,FAIL,Frida Crash (Connection lost)
2026-07-24 10:59:27,R3CR70WD1KX,0,3492706,FAIL,Frida Crash (Connection lost)
2026-07-24 10:59:30,R3CR70WD7NA,0,3492716,FAIL,Frida Crash (Connection lost)
2026-07-24 10:59:30,R3CR90MAW4B,0,3492830,FAIL,Frida Crash (Connection lost)
2026-07-24 10:59:31,R3CR90GC5AP,0,3492787,FAIL,Frida Crash (Connection lost)
2026-07-24 10:59:32,R3CR80LSWGD,0,3492739,FAIL,Frida Crash (Connection lost)
2026-07-24 10:59:40,R3CR90GCB5L,0,3492793,FAIL,Frida Crash (Connection lost)
2026-07-24 10:59:40,R3CR80NVXJE,0,3492758,FAIL,Frida Crash (Connection lost)
2026-07-24 10:59:49,R3CR90H1NCP,0,3492802,FAIL,Frida Crash (Connection lost)
2026-07-24 11:00:01,R3CRC0XSEHY,0,3492936,FAIL,Frida Crash (Connection lost)
2026-07-24 11:00:04,R3CRB0PZGDR,0,3492900,FAIL,Frida Crash (Connection lost)
2026-07-24 11:00:06,R3CRC0RBEPP,0,3492922,FAIL,Frida Crash (Connection lost)
2026-07-24 11:00:10,R3CRB0WCGET,0,3492909,FAIL,Frida Crash (Connection lost)
2026-07-24 11:00:10,R3CRC0ZCD2Z,0,3492957,FAIL,Frida Crash (Connection lost)
2026-07-24 11:02:47,R5CR80DSS2W,0,3493045,FAIL,Frida Crash (Connection lost)
2026-07-24 11:02:47,R5CR81S2C2J,0,3493158,FAIL,App Closed
2026-07-24 11:02:47,R5CR715VSTX,0,3492983,FAIL,Frida Crash (Connection lost)
2026-07-24 11:02:48,R5CR81PA2GT,0,3493138,FAIL,Frida Crash (Connection lost)
2026-07-24 11:02:48,R5CR802CTAL,0,3492998,FAIL,App Closed
2026-07-24 11:02:48,R5CR713T5WT,0,3492973,FAIL,Frida Crash (Connection lost)
2026-07-24 11:02:48,R5CR80BKKQH,0,3493035,FAIL,App Closed
2026-07-24 11:02:50,R5CR81SQ8JJ,0,3493173,FAIL,Frida Crash (Connection lost)
2026-07-24 11:02:54,R5CR80E53QP,0,3493055,FAIL,Frida Crash (Connection lost)
2026-07-24 11:02:56,R5CR802BBLB,0,3492994,FAIL,Frida Crash (Connection lost)
2026-07-24 11:02:59,R5CR81QCVCK,0,3493149,FAIL,Frida Crash (Connection lost)
2026-07-24 11:03:04,R5CR802VA4D,0,3493005,FAIL,Frida Crash (Connection lost)
2026-07-24 11:03:14,R5CR804V9CT,0,3493022,FAIL,Frida Crash (Connection lost)
2026-07-24 11:03:21,R5CR80ZYL9K,0,3493091,FAIL,ADDRESS_NOT_FOUND
2026-07-24 11:03:30,R5CR80ZPJ0Z,0,3493080,FAIL,Frida Crash (Connection lost)
2026-07-24 11:03:39,R5CR813E9AB,0,3493102,FAIL,Frida Crash (Connection lost)
2026-07-24 11:03:47,R5CR8153KWN,0,3493113,FAIL,Frida Crash (Connection lost)
2026-07-24 11:03:48,R5CR82CEZBN,0,3493190,FAIL,GUIDANCE_NOT_FOUND
2026-07-24 11:04:36,R5CR82FNMVX,0,3493209,FAIL,Frida Crash (Connection lost)
2026-07-24 11:04:42,R5CRA0TJHLK,0,3493285,FAIL,Frida Crash (Connection lost)
2026-07-24 11:04:45,R5CR82H78WT,0,3493222,FAIL,Frida Crash (Connection lost)
2026-07-24 11:04:54,R5CR82NR07J,0,3493232,FAIL,Frida Crash (Connection lost)
2026-07-24 11:05:03,R5CR919ZL9A,0,3493243,FAIL,Frida Crash (Connection lost)
2026-07-24 11:05:12,R5CR91SH8LM,0,3493255,FAIL,Frida Crash (Connection lost)
2026-07-24 11:05:19,R5CRC2RDAFB,0,3493293,FAIL,Frida Crash (Connection lost)
2026-07-24 11:05:21,R5CR9336DSB,0,3493264,FAIL,Frida Crash (Connection lost)
2026-07-24 11:05:48,R5CRA0PW01W,0,3493273,FAIL,ADDRESS_NOT_FOUND
2026-07-24 11:06:19,R3CR70AV5ZZ,0,3493323,FAIL,App Closed
2026-07-24 11:06:19,R3CR90H1NCP,0,3493477,FAIL,Frida Crash (Connection lost)
2026-07-24 11:06:20,R3CR90GCB5L,0,3493470,FAIL,Frida Crash (Connection lost)
2026-07-24 11:06:20,R3CR804583K,0,3493378,FAIL,Frida Crash (Connection lost)
2026-07-24 11:06:20,R3CR70D3ECZ,0,3493340,FAIL,Frida Crash (Connection lost)
2026-07-24 11:06:20,R3CR90GC5AP,0,3493459,FAIL,Frida Crash (Connection lost)
2026-07-24 11:06:29,R3CR8045YWN,0,3493392,FAIL,Frida Crash (Connection lost)
2026-07-24 11:06:29,R3CR90CCP1D,0,3493437,FAIL,Frida Crash (Connection lost)
2026-07-24 11:06:32,R3CR70WD7NA,0,3493369,FAIL,Frida Crash (Connection lost)
2026-07-24 11:06:34,R3CR70JFWXJ,0,3493352,FAIL,App Closed
2026-07-24 11:06:36,R3CR90HEZDB,0,3493481,FAIL,App Launch Timeout
2026-07-24 11:06:38,R3CR80LSWGD,0,3493406,FAIL,Frida Crash (Connection lost)
2026-07-24 11:06:38,R3CR90CE67P,0,3493449,FAIL,Frida Crash (Connection lost)
2026-07-24 11:06:43,R3CR70SZ0JJ,0,3493359,FAIL,Frida Crash (Connection lost)
2026-07-24 11:06:46,R3CR80NVXJE,0,3493421,FAIL,Frida Crash (Connection lost)
2026-07-24 11:06:51,R3CRA09DW9E,0,3493514,FAIL,Frida Crash (Connection lost)
2026-07-24 11:06:58,R3CR90SJ6SW,0,3493505,FAIL,Frida Crash (Connection lost)
2026-07-24 11:07:03,R3CR90MAW4B,0,3493494,FAIL,Frida Crash (Connection lost)
2026-07-24 11:08:42,R3CRB0WCGET,0,3493575,FAIL,App Closed
2026-07-24 11:09:00,R5CR80DSS2W,0,3493706,FAIL,Frida Crash (Connection lost)
2026-07-24 11:09:54,R3CRA0GP5YP,0,3493536,FAIL,Frida Crash (Connection lost)
2026-07-24 11:09:54,R3CRC0RBEPP,0,3493591,FAIL,Frida Crash (Connection lost)
2026-07-24 11:09:54,R5CR80ZPJ0Z,0,3493759,FAIL,Frida Crash (Connection lost)
2026-07-24 11:09:54,R5CR80BKKQH,0,3493695,FAIL,Frida Crash (Connection lost)
2026-07-24 11:09:54,R3CRB0PZGDR,0,3493564,FAIL,Frida Crash (Connection lost)
2026-07-24 11:09:54,R5CR813E9AB,0,3493786,FAIL,Frida Crash (Connection lost)
2026-07-24 11:09:54,R3CRA0EJ6SD,0,3493526,FAIL,Frida Crash (Connection lost)
2026-07-24 11:09:56,R5CR8153KWN,0,3493802,FAIL,Frida Crash (Connection lost)
2026-07-24 11:09:58,R5CR80ZYL9K,0,3493772,FAIL,Frida Crash (Connection lost)
2026-07-24 11:09:59,R3CRC0XSEHY,0,3493604,FAIL,Frida Crash (Connection lost)
2026-07-24 11:10:04,R5CR80E53QP,0,3493721,FAIL,Frida Crash (Connection lost)
2026-07-24 11:10:08,R3CRC0ZCD2Z,0,3493618,FAIL,Frida Crash (Connection lost)
2026-07-24 11:10:13,R5CR80ZNFTH,0,3493745,FAIL,Frida Crash (Connection lost)
2026-07-24 11:10:17,R5CR713T5WT,0,3493629,FAIL,Frida Crash (Connection lost)
2026-07-24 11:10:26,R5CR715VSTX,0,3493637,FAIL,Frida Crash (Connection lost)
2026-07-24 11:10:35,R5CR802CTAL,0,3493654,FAIL,Frida Crash (Connection lost)
2026-07-24 11:10:44,R5CR802BBLB,0,3493644,FAIL,Frida Crash (Connection lost)
2026-07-24 11:10:53,R5CR802VA4D,0,3493668,FAIL,Frida Crash (Connection lost)
2026-07-24 11:11:02,R5CR804V9CT,0,3493682,FAIL,Frida Crash (Connection lost)
2026-07-24 11:11:23,R5CR81PA2GT,0,3493831,FAIL,Frida Crash (Connection lost)
2026-07-24 11:11:27,R5CR81QCVCK,0,3493842,FAIL,Frida Crash (Connection lost)
2026-07-24 11:11:35,R5CR81S2C2J,0,3493849,FAIL,Frida Crash (Connection lost)
2026-07-24 11:11:43,R5CR9336DSB,0,3493939,FAIL,Frida Crash (Connection lost)
2026-07-24 11:11:44,R5CR82CEZBN,0,3493861,FAIL,Frida Crash (Connection lost)
2026-07-24 11:11:46,R5CRA0PW01W,0,3493945,FAIL,Frida Crash (Connection lost)
2026-07-24 11:11:47,R5CRA0TJHLK,0,3493957,FAIL,Frida Crash (Connection lost)
2026-07-24 11:11:53,R5CR82FNMVX,0,3493875,FAIL,Frida Crash (Connection lost)
2026-07-24 11:12:03,R5CR82H78WT,0,3493888,FAIL,Frida Crash (Connection lost)
2026-07-24 11:12:12,R5CR82NR07J,0,3493907,FAIL,Frida Crash (Connection lost)
2026-07-24 11:12:21,R5CR919ZL9A,0,3493920,FAIL,Frida Crash (Connection lost)
2026-07-24 11:12:30,R5CR91SH8LM,0,3493930,FAIL,Frida Crash (Connection lost)
2026-07-24 11:13:23,R3CR90CE67P,0,3494102,FAIL,Frida Crash (Connection lost)
2026-07-24 11:13:24,R3CR70AV5ZZ,0,3493991,FAIL,Frida Crash (Connection lost)
2026-07-24 11:13:24,R5CRC2RDAFB,0,3493973,FAIL,Frida Crash (Connection lost)
2026-07-24 11:13:27,R3CR70D3ECZ,0,3494001,FAIL,Frida Crash (Connection lost)
2026-07-24 11:13:27,R3CR90CCP1D,0,3494085,FAIL,Frida Crash (Connection lost)
2026-07-24 11:13:30,R3CR80LSWGD,0,3494061,FAIL,Frida Crash (Connection lost)
2026-07-24 11:13:36,R3CR70JFWXJ,0,3494009,FAIL,Frida Crash (Connection lost)
2026-07-24 11:13:39,R3CR80NVXJE,0,3494075,FAIL,Frida Crash (Connection lost)
2026-07-24 11:13:45,R3CR70SZ0JJ,0,3494025,FAIL,Frida Crash (Connection lost)
2026-07-24 11:13:51,R3CR90GC5AP,0,3494118,FAIL,Frida Crash (Connection lost)
2026-07-24 11:13:52,R3CR90GCB5L,0,3494129,FAIL,Frida Crash (Connection lost)
2026-07-24 11:13:56,R3CR90HEZDB,0,3494150,FAIL,Frida Crash (Connection lost)
2026-07-24 11:14:04,R3CR90H1NCP,0,3494141,FAIL,Frida Crash (Connection lost)
2026-07-24 11:14:09,R3CR90SJ6SW,0,3494171,FAIL,Frida Crash (Connection lost)
2026-07-24 11:16:57,R3CRA09DW9E,0,3494183,FAIL,Frida Crash (Connection lost)
2026-07-24 11:16:57,R3CRB0WCGET,0,3494240,FAIL,App Closed
2026-07-24 11:16:57,R3CRA0EJ6SD,0,3494193,FAIL,Frida Crash (Connection lost)
2026-07-24 11:16:57,R3CR90MAW4B,0,3494159,FAIL,Frida Crash (Connection lost)
2026-07-24 11:17:00,R5CR80BKKQH,0,3494340,FAIL,Frida Crash (Connection lost)
2026-07-24 11:17:01,R3CRC0XSEHY,0,3494258,FAIL,Frida Crash (Connection lost)
2026-07-24 11:17:04,R3CRA0GP5YP,0,3494203,FAIL,Frida Crash (Connection lost)
2026-07-24 11:17:09,R5CR80ZNFTH,0,3494385,FAIL,Frida Crash (Connection lost)
2026-07-24 11:17:09,R5CR80DSS2W,0,3494353,FAIL,Frida Crash (Connection lost)
2026-07-24 11:17:10,R3CRC0ZCD2Z,0,3494264,FAIL,Frida Crash (Connection lost)
2026-07-24 11:17:13,R3CRB0ATRRK,0,3494215,FAIL,Frida Crash (Connection lost)
2026-07-24 11:17:19,R5CR713T5WT,0,3494278,FAIL,Frida Crash (Connection lost)
2026-07-24 11:17:22,R3CRB0PZGDR,0,3494227,FAIL,Frida Crash (Connection lost)
2026-07-24 11:17:29,R5CR715VSTX,0,3494289,FAIL,Frida Crash (Connection lost)
2026-07-24 11:17:38,R5CR802CTAL,0,3494308,FAIL,Frida Crash (Connection lost)
2026-07-24 11:17:47,R5CR802VA4D,0,3494321,FAIL,Frida Crash (Connection lost)
2026-07-24 11:17:56,R5CR802BBLB,0,3494299,FAIL,Frida Crash (Connection lost)
2026-07-24 11:18:05,R5CR804V9CT,0,3494328,FAIL,Frida Crash (Connection lost)
2026-07-24 11:18:14,R5CR80ZPJ0Z,0,3494393,FAIL,Frida Crash (Connection lost)
2026-07-24 11:18:23,R5CR813E9AB,0,3494404,FAIL,Frida Crash (Connection lost)
2026-07-24 11:18:31,R5CR8153KWN,0,3494418,FAIL,Frida Crash (Connection lost)
2026-07-24 11:18:37,R5CR82H78WT,0,3494500,FAIL,Frida Crash (Connection lost)
2026-07-24 11:18:39,R5CR81S2C2J,0,3494461,FAIL,Frida Crash (Connection lost)
2026-07-24 11:18:40,R5CR82CEZBN,0,3494474,FAIL,Frida Crash (Connection lost)
2026-07-24 11:18:40,R5CR818AW0R,0,3494435,FAIL,Frida Crash (Connection lost)
2026-07-24 11:18:42,R5CR919ZL9A,0,3494525,FAIL,Frida Crash (Connection lost)
2026-07-24 11:18:43,R5CR82NR07J,0,3494513,FAIL,Frida Crash (Connection lost)
2026-07-24 11:18:44,R5CR91SH8LM,0,3494539,FAIL,Frida Crash (Connection lost)
2026-07-24 11:18:48,R5CR81SQ8JJ,0,3494467,FAIL,Frida Crash (Connection lost)
2026-07-24 11:18:49,R5CR82FNMVX,0,3494486,FAIL,Frida Crash (Connection lost)
2026-07-24 11:18:49,R5CR81PA2GT,0,3494450,FAIL,Frida Crash (Connection lost)
2026-07-24 11:20:32,R5CRA0PW01W,0,3494559,FAIL,Frida Crash (Connection lost)
2026-07-24 11:20:36,R3CR70JFWXJ,0,3494614,FAIL,Frida Crash (Connection lost)
2026-07-24 11:20:36,R3CR804583K,0,3494640,FAIL,Frida Crash (Connection lost)
2026-07-24 11:20:36,R3CR90CCP1D,0,3494681,FAIL,Frida Crash (Connection lost)
2026-07-24 11:20:37,R3CR80NVXJE,0,3494667,FAIL,Frida Crash (Connection lost)
2026-07-24 11:20:38,R5CRA0TJHLK,0,3494569,FAIL,Frida Crash (Connection lost)
2026-07-24 11:20:45,R3CR70SZ0JJ,0,3494624,FAIL,Frida Crash (Connection lost)
2026-07-24 11:20:45,R3CR8045YWN,0,3494652,FAIL,Frida Crash (Connection lost)
2026-07-24 11:20:48,R5CRC2RDAFB,0,3494582,FAIL,Frida Crash (Connection lost)
2026-07-24 11:20:54,R3CR70WD1KX,0,3494631,FAIL,Frida Crash (Connection lost)
2026-07-24 11:20:56,R5CRC3DZRQH,0,3494595,FAIL,Frida Crash (Connection lost)
2026-07-24 11:20:59,R3CR90CE67P,0,3494694,FAIL,Frida Crash (Connection lost)
2026-07-24 11:21:02,R3CR90GCB5L,0,3494699,FAIL,Frida Crash (Connection lost)
2026-07-24 11:21:13,R3CR90H1NCP,0,3494710,FAIL,Frida Crash (Connection lost)
2026-07-24 11:21:17,R3CR90MAW4B,0,3494729,FAIL,Frida Crash (Connection lost)
2026-07-24 11:23:15,R5CR80DSS2W,0,3494894,FAIL,Frida Crash (Connection lost)
2026-07-24 11:23:23,R5CR80ZNCXT,0,3494904,FAIL,Frida Crash (Connection lost)
2026-07-24 11:24:08,R3CRA0EJ6SD,0,3494756,FAIL,Frida Crash (Connection lost)
2026-07-24 11:24:08,R5CR8153KWN,0,3494939,FAIL,Frida Crash (Connection lost)
2026-07-24 11:24:08,R3CR90SJ6SW,0,3494746,FAIL,Frida Crash (Connection lost)
2026-07-24 11:24:08,R5CR80ZNFTH,0,3494919,FAIL,Frida Crash (Connection lost)
2026-07-24 11:24:08,R5CR80BKKQH,0,3494887,FAIL,Frida Crash (Connection lost)
2026-07-24 11:24:08,R3CRB0WCGET,0,3494793,FAIL,Frida Crash (Connection lost)
2026-07-24 11:24:08,R3CRC0RBEPP,0,3494806,FAIL,Frida Crash (Connection lost)
2026-07-24 11:24:08,R3CRA0GP5YP,0,3494769,FAIL,Frida Crash (Connection lost)
2026-07-24 11:24:10,R5CR81PA2GT,0,3494962,FAIL,Frida Crash (Connection lost)
2026-07-24 11:24:13,R3CRB0ATRRK,0,3494778,FAIL,Frida Crash (Connection lost)
2026-07-24 11:24:15,R3CRC0XSEHY,0,3494820,FAIL,GUIDANCE_NOT_FOUND
2026-07-24 11:24:17,R5CR80ZYL9K,0,3494931,FAIL,Frida Crash (Connection lost)
2026-07-24 11:24:22,R3CRB0PZGDR,0,3494787,FAIL,Frida Crash (Connection lost)
2026-07-24 11:24:24,R3CRC0ZCD2Z,0,3494829,FAIL,Frida Crash (Connection lost)
2026-07-24 11:24:26,R5CR813E9AB,0,3494934,FAIL,Frida Crash (Connection lost)
2026-07-24 11:24:33,R5CR713T5WT,0,3494839,FAIL,Frida Crash (Connection lost)
2026-07-24 11:24:43,R5CR715VSTX,0,3494849,FAIL,Frida Crash (Connection lost)
2026-07-24 11:24:52,R5CR804V9CT,0,3494879,FAIL,Frida Crash (Connection lost)
2026-07-24 11:24:58,R5CR82NR07J,0,3495037,FAIL,Frida Crash (Connection lost)
2026-07-24 11:25:01,R5CR802BBLB,0,3494860,FAIL,Frida Crash (Connection lost)
2026-07-24 11:25:10,R5CR802VA4D,0,3494874,FAIL,Frida Crash (Connection lost)
2026-07-24 11:25:22,R5CR81S2C2J,0,3494977,FAIL,GUIDANCE_NOT_FOUND
2026-07-24 11:25:45,R5CR81SQ8JJ,0,3494992,FAIL,Frida Crash (Connection lost)
2026-07-24 11:25:53,R5CR82CEZBN,0,3495001,FAIL,Frida Crash (Connection lost)
2026-07-24 11:25:59,R5CRA0PW01W,0,3495083,FAIL,Frida Crash (Connection lost)
2026-07-24 11:26:00,R5CRA0TJHLK,0,3495095,FAIL,Frida Crash (Connection lost)
2026-07-24 11:26:02,R5CR82FNMVX,0,3495012,FAIL,Frida Crash (Connection lost)
2026-07-24 11:26:03,R5CRC2RDAFB,0,3495105,FAIL,Frida Crash (Connection lost)
2026-07-24 11:26:12,R5CR82H78WT,0,3495025,FAIL,Frida Crash (Connection lost)
2026-07-24 11:26:21,R5CR919ZL9A,0,3495041,FAIL,Frida Crash (Connection lost)
2026-07-24 11:26:30,R5CR91SH8LM,0,3495049,FAIL,Frida Crash (Connection lost)
2026-07-24 11:26:39,R5CR9336DSB,0,3495067,FAIL,Frida Crash (Connection lost)
2026-07-24 11:27:37,R3CR70JFWXJ,0,3495140,FAIL,Frida Crash (Connection lost)
2026-07-24 11:27:37,R3CR804583K,0,3495166,FAIL,Frida Crash (Connection lost)
2026-07-24 11:27:38,R5CRC3DZRQH,0,3495115,FAIL,Frida Crash (Connection lost)
2026-07-24 11:27:40,R3CRA0GP5YP,0,3495235,FAIL,Frida Crash (Connection lost)
2026-07-24 11:27:42,R3CR70SZ0JJ,0,3495152,FAIL,Frida Crash (Connection lost)
2026-07-24 11:27:43,R3CRA09DW9E,0,3495227,FAIL,Frida Crash (Connection lost)
2026-07-24 11:27:44,R3CR70WD7NA,0,3495160,FAIL,Frida Crash (Connection lost)
2026-07-24 11:27:44,R3CR8045YWN,0,3495175,FAIL,Frida Crash (Connection lost)
2026-07-24 11:27:46,R3CR90MAW4B,0,3495216,FAIL,Frida Crash (Connection lost)
2026-07-24 11:27:49,R3CR90CE67P,0,3495191,FAIL,Frida Crash (Connection lost)
2026-07-24 11:27:53,R3CR80NVXJE,0,3495181,FAIL,Frida Crash (Connection lost)
2026-07-24 11:27:58,R3CR90GCB5L,0,3495202,FAIL,Frida Crash (Connection lost)
2026-07-24 11:28:27,R3CRB0ATRRK,0,3495239,FAIL,Frida Crash (Connection lost)
2026-07-24 11:28:28,R3CRB0WCGET,0,3495256,FAIL,Frida Crash (Connection lost)
2026-07-24 11:28:33,R3CRC0XSEHY,0,3495281,FAIL,Frida Crash (Connection lost)
2026-07-24 11:28:36,R3CRB0PZGDR,0,3495247,FAIL,Frida Crash (Connection lost)
2026-07-24 11:28:36,R3CRC0RBEPP,0,3495268,FAIL,Frida Crash (Connection lost)
2026-07-24 11:28:37,R5CR713T5WT,0,3495296,FAIL,Frida Crash (Connection lost)
2026-07-24 11:28:42,R3CRC0ZCD2Z,0,3495290,FAIL,Frida Crash (Connection lost)
2026-07-24 11:31:11,R5CR80E53QP,0,3495326,FAIL,Frida Crash (Connection lost)
2026-07-24 11:31:11,R5CR80ZNFTH,0,3495355,FAIL,Frida Crash (Connection lost)
2026-07-24 11:31:12,R5CR81QCVCK,0,3495389,FAIL,Frida Crash (Connection lost)
2026-07-24 11:31:12,R5CR715VSTX,0,3495305,FAIL,Frida Crash (Connection lost)
2026-07-24 11:31:16,R3CR70D3ECZ,0,3495489,FAIL,Frida Crash (Connection lost)
2026-07-24 11:31:16,R5CRC3DZRQH,0,3495455,FAIL,Frida Crash (Connection lost)
2026-07-24 11:31:17,R5CR919ZL9A,0,3495410,FAIL,Frida Crash (Connection lost)
2026-07-24 11:31:18,R5CRA0TJHLK,0,3495441,FAIL,Frida Crash (Connection lost)
2026-07-24 11:31:19,R3CR70AV5ZZ,0,3495482,FAIL,Frida Crash (Connection lost)
2026-07-24 11:31:20,R5CR80ZYL9K,0,3495359,FAIL,Frida Crash (Connection lost)
2026-07-24 11:31:26,R5CR91SH8LM,0,3495417,FAIL,Frida Crash (Connection lost)
2026-07-24 11:31:29,R5CR813E9AB,0,3495367,FAIL,Frida Crash (Connection lost)
2026-07-24 11:31:35,R5CRA0PW01W,0,3495432,FAIL,Frida Crash (Connection lost)
2026-07-24 11:31:44,R5CR9336DSB,0,3495423,FAIL,Frida Crash (Connection lost)
2026-07-24 11:32:26,R3CR8045YWN,0,3495517,FAIL,ADDRESS_NOT_FOUND
2026-07-24 11:34:46,R5CRC3DZRQH,0,3495770,FAIL,Frida Crash (Connection lost)
2026-07-24 11:34:46,R3CR80LSWGD,0,3495526,FAIL,Frida Crash (Connection lost)
2026-07-24 11:34:46,R5CRA0PW01W,0,3495758,FAIL,Frida Crash (Connection lost)
2026-07-24 11:34:46,R3CRC0ZCD2Z,0,3495608,FAIL,Frida Crash (Connection lost)
2026-07-24 11:34:46,R5CR715VSTX,0,3495621,FAIL,Frida Crash (Connection lost)
2026-07-24 11:34:46,R3CR70SZ0JJ,0,3495502,FAIL,Frida Crash (Connection lost)
2026-07-24 11:34:46,R3CR90HEZDB,0,3495567,FAIL,Frida Crash (Connection lost)
2026-07-24 11:34:46,R5CR802CTAL,0,3495632,FAIL,Frida Crash (Connection lost)
2026-07-24 11:34:46,R3CR90MAW4B,0,3495581,FAIL,Frida Crash (Connection lost)
2026-07-24 11:34:46,R3CR90CE67P,0,3495538,FAIL,Frida Crash (Connection lost)
2026-07-24 11:34:46,R3CR90GC5AP,0,3495553,FAIL,Frida Crash (Connection lost)
2026-07-24 11:34:50,R5CR80ZNFTH,0,3495661,FAIL,Frida Crash (Connection lost)
2026-07-24 11:34:51,R3CR8045YWN,0,3495788,FAIL,Frida Crash (Connection lost)
2026-07-24 11:34:53,R5CR919ZL9A,0,3495718,FAIL,Frida Crash (Connection lost)
2026-07-24 11:34:54,R3CRB0PZGDR,0,3495599,FAIL,Frida Crash (Connection lost)
2026-07-24 11:34:59,R5CR813E9AB,0,3495692,FAIL,Frida Crash (Connection lost)
2026-07-24 11:35:08,R5CR80ZPJ0Z,0,3495677,FAIL,Frida Crash (Connection lost)
2026-07-24 11:35:19,R5CR91SH8LM,0,3495727,FAIL,ADDRESS_NOT_FOUND
2026-07-24 11:35:29,R3CRB0ATRRK,0,3495846,FAIL,Frida Crash (Connection lost)
2026-07-24 11:35:45,R5CR9336DSB,0,3495741,FAIL,ADDRESS_NOT_FOUND
2026-07-24 11:35:56,R5CR80ZNFTH,0,3495881,FAIL,App Closed
2026-07-24 11:36:05,R5CR818AW0R,0,3495896,FAIL,Frida Crash (Connection lost)
2026-07-24 11:36:24,R5CR91SH8LM,0,3495912,FAIL,Frida Crash (Connection lost)
2026-07-24 11:36:31,R5CR82NR07J,0,3495904,FAIL,Frida Crash (Connection lost)
2026-07-24 11:38:06,R3CR90SJ6SW,0,3495985,FAIL,Frida Crash (Connection lost)
2026-07-24 11:38:07,R3CR90CCP1D,0,3495967,FAIL,Frida Crash (Connection lost)
2026-07-24 11:38:07,R3CRB0PZGDR,0,3495854,FAIL,App Closed
2026-07-24 11:38:07,R5CRC3DZRQH,0,3495922,FAIL,Frida Crash (Connection lost)
2026-07-24 11:38:07,R3CR90CE67P,0,3495828,FAIL,Frida Crash (Connection lost)
2026-07-24 11:38:07,R5CR804V9CT,0,3496044,FAIL,Frida Crash (Connection lost)
2026-07-24 11:38:07,R3CR70SZ0JJ,0,3495818,FAIL,Frida Crash (Connection lost)
2026-07-24 11:38:07,R3CR70WD1KX,0,3495953,FAIL,Frida Crash (Connection lost)
2026-07-24 11:38:09,R3CR90H1NCP,0,3495977,FAIL,App Closed
2026-07-24 11:38:11,R5CR80DSS2W,0,3496067,FAIL,Frida Crash (Connection lost)
2026-07-24 11:38:12,R5CR80BKKQH,0,3496057,FAIL,Frida Crash (Connection lost)
2026-07-24 11:38:13,R5CR802VA4D,0,3496031,FAIL,Frida Crash (Connection lost)
2026-07-24 11:38:16,R3CRA0EJ6SD,0,3496000,FAIL,Frida Crash (Connection lost)
2026-07-24 11:38:23,R5CR802BBLB,0,3496018,FAIL,Frida Crash (Connection lost)
2026-07-24 11:38:25,R3CRB0ATRRK,0,3496010,FAIL,Frida Crash (Connection lost)
2026-07-24 11:38:34,R5CR81PA2GT,0,3496113,FAIL,Frida Crash (Connection lost)
2026-07-24 11:39:31,R5CR8153KWN,0,3496087,FAIL,Frida Crash (Connection lost)
2026-07-24 11:39:35,R5CR818AW0R,0,3496101,FAIL,Frida Crash (Connection lost)
2026-07-24 11:39:40,R5CR81S2C2J,0,3496125,FAIL,Frida Crash (Connection lost)
2026-07-24 11:39:50,R5CR81SQ8JJ,0,3496140,FAIL,Frida Crash (Connection lost)
2026-07-24 11:39:59,R5CR82CEZBN,0,3496149,FAIL,Frida Crash (Connection lost)
2026-07-24 11:40:05,R5CRC3DZRQH,0,3496206,FAIL,Frida Crash (Connection lost)
2026-07-24 11:40:08,R5CR82FNMVX,0,3496162,FAIL,Frida Crash (Connection lost)
2026-07-24 11:40:17,R5CR82H78WT,0,3496173,FAIL,Frida Crash (Connection lost)
2026-07-24 11:40:25,R5CR82NR07J,0,3496182,FAIL,Frida Crash (Connection lost)
2026-07-24 11:40:34,R5CR91SH8LM,0,3496188,FAIL,Frida Crash (Connection lost)
2026-07-24 11:40:43,R5CRC2RDAFB,0,3496194,FAIL,Frida Crash (Connection lost)
2026-07-24 11:41:38,R3CR80NVXJE,0,3496328,FAIL,Frida Crash (Connection lost)
2026-07-24 11:41:38,R3CR90CE67P,0,3496228,FAIL,Frida Crash (Connection lost)
2026-07-24 11:41:40,R3CR804583K,0,3496321,FAIL,Frida Crash (Connection lost)
2026-07-24 11:41:41,R3CR90GCB5L,0,3496336,FAIL,Frida Crash (Connection lost)
2026-07-24 11:41:43,R3CR70WD7NA,0,3496311,FAIL,Frida Crash (Connection lost)
2026-07-24 11:41:49,R3CR70JFWXJ,0,3496298,FAIL,Frida Crash (Connection lost)
2026-07-24 11:41:50,R3CRA09DW9E,0,3496346,FAIL,Frida Crash (Connection lost)
2026-07-24 11:42:24,R3CRA0GP5YP,0,3496359,FAIL,Frida Crash (Connection lost)
2026-07-24 11:42:30,R3CRC0RBEPP,0,3496392,FAIL,Frida Crash (Connection lost)
2026-07-24 11:42:32,R3CRB0WCGET,0,3496376,FAIL,Frida Crash (Connection lost)
2026-07-24 11:42:34,R5CR713T5WT,0,3496405,FAIL,Frida Crash (Connection lost)
2026-07-24 11:42:38,R3CRC0XSEHY,0,3496402,FAIL,Frida Crash (Connection lost)
2026-07-24 11:43:00,R5CR80ZYL9K,0,3496439,FAIL,Frida Crash (Connection lost)
2026-07-24 11:43:02,R5CR80ZNCXT,0,3496427,FAIL,Frida Crash (Connection lost)
2026-07-24 11:43:08,R5CR818AW0R,0,3496456,FAIL,Frida Crash (Connection lost)
2026-07-24 11:43:23,R5CR82NR07J,0,3496482,FAIL,Frida Crash (Connection lost)
2026-07-24 11:43:33,R5CRA0TJHLK,0,3496489,FAIL,Frida Crash (Connection lost)
2026-07-24 11:44:50,R3CR90CE67P,0,3496514,FAIL,ADDRESS_NOT_FOUND
2026-07-24 11:45:10,R5CRC3DZRQH,0,3496495,FAIL,Frida Crash (Connection lost)
2026-07-24 11:45:10,R5CR81QCVCK,0,3496473,FAIL,Frida Crash (Connection lost)
2026-07-24 11:45:10,R5CR80E53QP,0,3496415,FAIL,Frida Crash (Connection lost)
2026-07-24 11:45:12,R3CR8045YWN,0,3496609,FAIL,Frida Crash (Connection lost)
2026-07-24 11:45:15,R3CR70AV5ZZ,0,3496574,FAIL,Frida Crash (Connection lost)
2026-07-24 11:45:18,R3CR70D3ECZ,0,3496583,FAIL,Frida Crash (Connection lost)
2026-07-24 11:45:37,R3CR80LSWGD,0,3496620,FAIL,Frida Crash (Connection lost)
2026-07-24 11:45:39,R3CR90GC5AP,0,3496642,FAIL,Frida Crash (Connection lost)
2026-07-24 11:45:43,R3CR90CE67P,0,3496629,FAIL,Frida Crash (Connection lost)
2026-07-24 11:45:47,R3CR90HEZDB,0,3496652,FAIL,Frida Crash (Connection lost)
2026-07-24 11:46:05,R3CRC0ZCD2Z,0,3496673,FAIL,Frida Crash (Connection lost)
2026-07-24 11:46:11,R5CR715VSTX,0,3496682,FAIL,Frida Crash (Connection lost)
2026-07-24 11:46:30,R5CR80ZNCXT,0,3496718,FAIL,Frida Crash (Connection lost)
2026-07-24 11:46:54,R5CR818AW0R,0,3496744,FAIL,Frida Crash (Connection lost)
2026-07-24 11:47:49,R5CRC3DZRQH,0,3496789,FAIL,Frida Crash (Connection lost)
2026-07-24 11:48:46,R3CR90MAW4B,0,3496661,FAIL,Frida Crash (Connection lost)
2026-07-24 11:48:46,R3CR90CE67P,0,3496819,FAIL,Frida Crash (Connection lost)
2026-07-24 11:48:46,R5CR919ZL9A,0,3496756,FAIL,Frida Crash (Connection lost)
2026-07-24 11:48:46,R5CR802CTAL,0,3496697,FAIL,Frida Crash (Connection lost)
2026-07-24 11:48:46,R5CR80ZPJ0Z,0,3496732,FAIL,Frida Crash (Connection lost)
2026-07-24 11:48:46,R5CR813E9AB,0,3496736,FAIL,Frida Crash (Connection lost)
2026-07-24 11:48:52,R5CR80ZNFTH,0,3496848,FAIL,Frida Crash (Connection lost)
2026-07-24 11:48:54,R5CR9336DSB,0,3496766,FAIL,Frida Crash (Connection lost)
2026-07-24 11:49:03,R5CRA0PW01W,0,3496779,FAIL,Frida Crash (Connection lost)
2026-07-24 11:50:33,R5CR82NR07J,0,3496915,FAIL,Frida Crash (Connection lost)
2026-07-24 11:50:33,R3CR90CCP1D,0,3497012,FAIL,App Closed
2026-07-24 11:52:21,R5CR802VA4D,0,3497086,FAIL,App Closed
2026-07-24 11:52:21,R3CR90SJ6SW,0,3497041,FAIL,Frida Crash (Connection lost)
2026-07-24 11:52:21,R3CRA0EJ6SD,0,3497049,FAIL,Frida Crash (Connection lost)
2026-07-24 11:52:21,R3CR90CE67P,0,3496931,FAIL,App Closed
2026-07-24 11:52:21,R3CR70WD1KX,0,3496998,FAIL,Frida Crash (Connection lost)
2026-07-24 11:52:21,R5CR81PA2GT,0,3497176,FAIL,App Closed
2026-07-24 11:52:21,R3CR90H1NCP,0,3497026,FAIL,Frida Crash (Connection lost)
2026-07-24 11:52:21,R3CR70SZ0JJ,0,3496988,FAIL,Frida Crash (Connection lost)
2026-07-24 11:52:21,R5CR802BBLB,0,3497074,FAIL,Frida Crash (Connection lost)
2026-07-24 11:52:23,R5CR81S2C2J,0,3497186,FAIL,Frida Crash (Connection lost)
2026-07-24 11:52:30,R5CR804V9CT,0,3497105,FAIL,Frida Crash (Connection lost)
2026-07-24 11:52:30,R5CR80BKKQH,0,3497118,FAIL,GUIDANCE_NOT_FOUND
2026-07-24 11:52:33,R3CRB0ATRRK,0,3497060,FAIL,Frida Crash (Connection lost)
2026-07-24 11:52:40,R5CR80DSS2W,0,3497138,FAIL,Frida Crash (Connection lost)
2026-07-24 11:52:42,R3CRB0PZGDR,0,3497067,FAIL,Frida Crash (Connection lost)
2026-07-24 11:52:49,R5CR8153KWN,0,3497156,FAIL,Frida Crash (Connection lost)
2026-07-24 11:52:50,R5CR82FNMVX,0,3497211,FAIL,Frida Crash (Connection lost)
2026-07-24 11:53:41,R5CR80ZNCXT,0,3497289,FAIL,Frida Crash (Connection lost)
2026-07-24 11:53:52,R5CR818AW0R,0,3497296,FAIL,Frida Crash (Connection lost)
2026-07-24 11:54:01,R5CR91SH8LM,0,3497318,FAIL,Frida Crash (Connection lost)
2026-07-24 11:54:03,R5CR81SQ8JJ,0,3497195,FAIL,Frida Crash (Connection lost)
2026-07-24 11:54:08,R5CR82CEZBN,0,3497205,FAIL,Frida Crash (Connection lost)
2026-07-24 11:54:17,R5CR82H78WT,0,3497217,FAIL,Frida Crash (Connection lost)
2026-07-24 11:54:22,R5CRC2RDAFB,0,3497332,FAIL,Frida Crash (Connection lost)
2026-07-24 11:54:26,R5CR82NR07J,0,3497230,FAIL,Frida Crash (Connection lost)
2026-07-24 11:55:56,R3CR70JFWXJ,0,3497351,FAIL,Frida Crash (Connection lost)
2026-07-24 11:55:56,R3CR804583K,0,3497376,FAIL,Frida Crash (Connection lost)
2026-07-24 11:55:57,R3CRC0XSEHY,0,3497451,FAIL,Frida Crash (Connection lost)
2026-07-24 11:55:57,R3CR90CE67P,0,3497266,FAIL,Frida Crash (Connection lost)
2026-07-24 11:55:57,R3CR90GCB5L,0,3497396,FAIL,App Closed
2026-07-24 11:55:57,R3CRA09DW9E,0,3497400,FAIL,App Closed
2026-07-24 11:56:02,R3CR80NVXJE,0,3497385,FAIL,Frida Crash (Connection lost)
2026-07-24 11:56:02,R3CRB0WCGET,0,3497421,FAIL,App Closed
2026-07-24 11:56:02,R3CR70WD7NA,0,3497365,FAIL,Frida Crash (Connection lost)
2026-07-24 11:56:03,R3CRA0GP5YP,0,3497405,FAIL,Frida Crash (Connection lost)
2026-07-24 11:56:05,R5CR713T5WT,0,3497454,FAIL,Frida Crash (Connection lost)
2026-07-24 11:56:12,R3CRC0RBEPP,0,3497441,FAIL,Frida Crash (Connection lost)
2026-07-24 11:57:15,R5CR80ZNCXT,0,3497547,FAIL,Frida Crash (Connection lost)
2026-07-24 11:57:24,R5CR80ZYL9K,0,3497463,FAIL,Frida Crash (Connection lost)
2026-07-24 11:57:31,R5CR818AW0R,0,3497476,FAIL,Frida Crash (Connection lost)
2026-07-24 11:57:37,R5CR81QCVCK,0,3497561,FAIL,Frida Crash (Connection lost)
2026-07-24 11:57:45,R5CR82NR07J,0,3497493,FAIL,Frida Crash (Connection lost)
2026-07-24 11:57:58,R5CRA0TJHLK,0,3497505,FAIL,Frida Crash (Connection lost)
2026-07-24 11:59:35,R3CR90CE67P,0,3497519,FAIL,Frida Crash (Connection lost)
2026-07-24 11:59:35,R3CR8045YWN,0,3497625,FAIL,Frida Crash (Connection lost)
2026-07-24 11:59:35,R3CR80LSWGD,0,3497634,FAIL,Frida Crash (Connection lost)
2026-07-24 11:59:35,R5CRC3DZRQH,0,3497722,FAIL,Frida Crash (Connection lost)
2026-07-24 11:59:35,R3CR90MAW4B,0,3497741,FAIL,Frida Crash (Connection lost)
2026-07-24 11:59:35,R3CR70AV5ZZ,0,3497601,FAIL,Frida Crash (Connection lost)
2026-07-24 11:59:35,R3CR90HEZDB,0,3497654,FAIL,Frida Crash (Connection lost)
2026-07-24 11:59:35,R5CR80E53QP,0,3497535,FAIL,Frida Crash (Connection lost)
2026-07-24 11:59:35,R3CR70D3ECZ,0,3497612,FAIL,Frida Crash (Connection lost)
2026-07-24 11:59:39,R3CRC0ZCD2Z,0,3497659,FAIL,Frida Crash (Connection lost)
2026-07-24 11:59:40,R3CR90GC5AP,0,3497645,FAIL,Frida Crash (Connection lost)
2026-07-24 11:59:48,R5CR715VSTX,0,3497673,FAIL,Frida Crash (Connection lost)
2026-07-24 12:00:55,R5CR80ZNFTH,0,3497772,FAIL,Frida Crash (Connection lost)
2026-07-24 12:01:03,R5CR80ZNCXT,0,3497763,FAIL,Frida Crash (Connection lost)
2026-07-24 12:01:04,R5CR80ZPJ0Z,0,3497775,FAIL,Frida Crash (Connection lost)
2026-07-24 12:01:12,R5CR813E9AB,0,3497786,FAIL,Frida Crash (Connection lost)
2026-07-24 12:01:21,R5CR818AW0R,0,3497793,FAIL,Frida Crash (Connection lost)
2026-07-24 12:01:23,R5CR82NR07J,0,3497806,FAIL,Frida Crash (Connection lost)
2026-07-24 12:01:33,R5CR919ZL9A,0,3497817,FAIL,Frida Crash (Connection lost)
2026-07-24 12:01:42,R5CR9336DSB,0,3497836,FAIL,Frida Crash (Connection lost)
2026-07-24 12:01:51,R5CRA0PW01W,0,3497846,FAIL,Frida Crash (Connection lost)
2026-07-24 12:03:14,R3CR90CE67P,0,3497863,FAIL,Frida Crash (Connection lost)
2026-07-24 12:03:14,R5CR802CTAL,0,3497871,FAIL,Frida Crash (Connection lost)
2026-07-24 12:05:16,R5CR804V9CT,0,3498173,FAIL,App Closed
2026-07-24 12:06:00,R3CR70SZ0JJ,0,3498034,SUCCESS,Task Completed
2026-07-24 12:06:49,R5CR82H78WT,0,3498353,FAIL,Frida Crash (Connection lost)
2026-07-24 12:06:49,R3CRB0ATRRK,0,3498130,FAIL,Frida Crash (Connection lost)
2026-07-24 12:06:49,R3CR90H1NCP,0,3498085,FAIL,Frida Crash (Connection lost)
2026-07-24 12:06:49,R3CR70WD1KX,0,3498050,FAIL,Frida Crash (Connection lost)
2026-07-24 12:06:49,R3CR90CE67P,0,3498074,FAIL,Frida Crash (Connection lost)
2026-07-24 12:06:50,R3CR90SJ6SW,0,3498095,FAIL,Frida Crash (Connection lost)
2026-07-24 12:06:50,R5CR80BKKQH,0,3498190,FAIL,Frida Crash (Connection lost)
2026-07-24 12:06:50,R5CR802BBLB,0,3498154,FAIL,App Closed
2026-07-24 12:06:50,R3CR90CCP1D,0,3498061,FAIL,Frida Crash (Connection lost)
2026-07-24 12:06:50,R5CR80DSS2W,0,3498207,FAIL,Frida Crash (Connection lost)
2026-07-24 12:06:50,R3CRA0EJ6SD,0,3498117,FAIL,Frida Crash (Connection lost)
2026-07-24 12:06:50,R5CR802VA4D,0,3498159,FAIL,Frida Crash (Connection lost)
2026-07-24 12:06:53,R3CRB0PZGDR,0,3498143,FAIL,Frida Crash (Connection lost)
2026-07-24 12:06:54,R5CR82FNMVX,0,3498281,FAIL,Frida Crash (Connection lost)
2026-07-24 12:06:56,R3CR70SZ0JJ,0,3498326,FAIL,Frida Crash (Connection lost)
2026-07-24 12:06:57,R5CR82CEZBN,0,3498348,FAIL,Frida Crash (Connection lost)
2026-07-24 12:06:59,R5CR8153KWN,0,3498241,FAIL,Frida Crash (Connection lost)
2026-07-24 12:07:03,R5CR81SQ8JJ,0,3498338,FAIL,Frida Crash (Connection lost)
2026-07-24 12:07:08,R5CR81PA2GT,0,3498264,FAIL,Frida Crash (Connection lost)
2026-07-24 12:08:45,R5CR91SH8LM,0,3498364,FAIL,Frida Crash (Connection lost)
2026-07-24 12:08:49,R5CRC2RDAFB,0,3498380,FAIL,Frida Crash (Connection lost)
2026-07-24 12:10:19,R5CR81S2C2J,0,3498594,FAIL,Frida Crash (Connection lost)
2026-07-24 12:10:19,R3CR90GCB5L,0,3498486,FAIL,Frida Crash (Connection lost)
2026-07-24 12:10:19,R3CR70SZ0JJ,0,3498420,FAIL,Frida Crash (Connection lost)
2026-07-24 12:10:20,R3CRC0RBEPP,0,3498525,FAIL,Frida Crash (Connection lost)
2026-07-24 12:10:20,R3CR804583K,0,3498443,FAIL,Frida Crash (Connection lost)
2026-07-24 12:10:20,R3CR70JFWXJ,0,3498411,FAIL,Frida Crash (Connection lost)
2026-07-24 12:10:20,R3CRA0GP5YP,0,3498512,FAIL,Frida Crash (Connection lost)
2026-07-24 12:10:20,R3CR80NVXJE,0,3498453,FAIL,Frida Crash (Connection lost)
2026-07-24 12:10:20,R3CRA09DW9E,0,3498501,FAIL,Frida Crash (Connection lost)
2026-07-24 12:10:21,R5CR80ZYL9K,0,3498635,FAIL,Frida Crash (Connection lost)
2026-07-24 12:10:22,R3CR90CE67P,0,3498471,SUCCESS,Task Completed
2026-07-24 12:10:23,R5CRA0TJHLK,0,3498665,FAIL,Frida Crash (Connection lost)
2026-07-24 12:10:29,R3CR70WD7NA,0,3498430,FAIL,Frida Crash (Connection lost)
2026-07-24 12:10:29,R3CRC0XSEHY,0,3498537,FAIL,Frida Crash (Connection lost)
2026-07-24 12:10:30,R5CR81QCVCK,0,3498649,FAIL,Frida Crash (Connection lost)
2026-07-24 12:10:38,R5CR713T5WT,0,3498553,FAIL,Frida Crash (Connection lost)
2026-07-24 12:11:12,R3CRB0WCGET,0,3498708,FAIL,Frida Crash (Connection lost)
2026-07-24 12:11:51,R5CR818AW0R,0,3498747,FAIL,Frida Crash (Connection lost)
2026-07-24 12:11:51,R5CR80ZNCXT,0,3498731,FAIL,Frida Crash (Connection lost)
2026-07-24 12:12:09,R5CR82NR07J,0,3498767,FAIL,Frida Crash (Connection lost)
2026-07-24 12:13:53,R3CR90GC5AP,0,3498855,FAIL,Frida Crash (Connection lost)
2026-07-24 12:13:53,R3CR90CE67P,0,3498847,FAIL,Frida Crash (Connection lost)
2026-07-24 12:13:53,R3CRC0ZCD2Z,0,3498890,FAIL,Frida Crash (Connection lost)
2026-07-24 12:13:53,R3CR70SZ0JJ,0,3498830,FAIL,Frida Crash (Connection lost)
2026-07-24 12:13:57,R3CR90HEZDB,0,3498865,FAIL,Frida Crash (Connection lost)
2026-07-24 12:13:57,R5CR802CTAL,0,3498913,FAIL,Frida Crash (Connection lost)
2026-07-24 12:13:59,R5CR715VSTX,0,3498902,FAIL,Frida Crash (Connection lost)
2026-07-24 12:14:06,R3CR90MAW4B,0,3498877,FAIL,Frida Crash (Connection lost)
2026-07-24 12:15:11,R5CR80ZNFTH,0,3498950,FAIL,Frida Crash (Connection lost)
2026-07-24 12:15:18,R5CR80E53QP,0,3498922,FAIL,Frida Crash (Connection lost)
2026-07-24 12:15:27,R5CR813E9AB,0,3498963,FAIL,Frida Crash (Connection lost)
2026-07-24 12:15:36,R5CR818AW0R,0,3498971,FAIL,Frida Crash (Connection lost)
2026-07-24 12:15:38,R5CR82NR07J,0,3498987,FAIL,Frida Crash (Connection lost)
2026-07-24 12:15:45,R5CR80ZPJ0Z,0,3498955,FAIL,Frida Crash (Connection lost)
2026-07-24 12:15:47,R5CR919ZL9A,0,3499003,FAIL,Frida Crash (Connection lost)
2026-07-24 12:15:56,R5CR9336DSB,0,3499017,FAIL,Frida Crash (Connection lost)
2026-07-24 12:16:05,R5CRA0PW01W,0,3499030,FAIL,Frida Crash (Connection lost)
2026-07-24 12:16:14,R5CRC3DZRQH,0,3499049,FAIL,Frida Crash (Connection lost)
2026-07-24 12:17:28,R3CR8045YWN,0,3499109,FAIL,Frida Crash (Connection lost)
2026-07-24 12:17:28,R3CR70AV5ZZ,0,3499068,FAIL,App Closed
2026-07-24 12:17:28,R3CR90CE67P,0,3499131,FAIL,App Closed
2026-07-24 12:17:32,R3CR80LSWGD,0,3499121,FAIL,Frida Crash (Connection lost)
2026-07-24 12:17:35,R3CR70SZ0JJ,0,3499094,FAIL,Frida Crash (Connection lost)
2026-07-24 12:17:44,R3CR70D3ECZ,0,3499079,FAIL,Frida Crash (Connection lost)
2026-07-24 12:18:48,R5CR80ZNCXT,0,3499258,FAIL,Frida Crash (Connection lost)
2026-07-24 12:19:12,R5CR818AW0R,0,3499271,FAIL,Frida Crash (Connection lost)
2026-07-24 12:19:21,R5CR82NR07J,0,3499293,FAIL,Frida Crash (Connection lost)
2026-07-24 12:21:07,R3CR90CE67P,0,3499332,FAIL,Frida Crash (Connection lost)
2026-07-24 12:21:07,R3CR70SZ0JJ,0,3499322,FAIL,Frida Crash (Connection lost)
2026-07-24 12:21:34,R3CR90CE67P,0,3499535,FAIL,Frida Crash (Connection lost)
2026-07-24 12:22:35,R5CR80ZNCXT,0,3499551,FAIL,Frida Crash (Connection lost)
2026-07-24 12:22:44,R5CR818AW0R,0,3499558,FAIL,Frida Crash (Connection lost)
2026-07-24 12:24:42,R3CR70SZ0JJ,0,3499653,FAIL,Frida Crash (Connection lost)
2026-07-24 12:24:43,R3CRB0ATRRK,0,3499766,FAIL,Frida Crash (Connection lost)
2026-07-24 12:24:43,R3CR80NVXJE,0,3499673,FAIL,Frida Crash (Connection lost)
2026-07-24 12:24:43,R3CR90CCP1D,0,3499686,FAIL,Frida Crash (Connection lost)
2026-07-24 12:24:43,R3CR90CE67P,0,3499696,FAIL,Frida Crash (Connection lost)
2026-07-24 12:24:45,R3CRB0PZGDR,0,3499784,FAIL,Frida Crash (Connection lost)
2026-07-24 12:24:46,R3CR90SJ6SW,0,3499723,FAIL,App Closed
2026-07-24 12:24:48,R3CRA0GP5YP,0,3499756,FAIL,Frida Crash (Connection lost)
2026-07-24 12:24:51,R3CR90GCB5L,0,3499707,FAIL,Frida Crash (Connection lost)
2026-07-24 12:24:55,R3CRA09DW9E,0,3499735,FAIL,Frida Crash (Connection lost)
2026-07-24 12:25:00,R3CR90H1NCP,0,3499716,FAIL,Frida Crash (Connection lost)
2026-07-24 12:25:04,R3CRA0EJ6SD,0,3499746,FAIL,Frida Crash (Connection lost)
2026-07-24 12:25:35,R3CRB0WCGET,0,3499796,FAIL,Frida Crash (Connection lost)
2026-07-24 12:25:44,R3CRC0RBEPP,0,3499809,FAIL,Frida Crash (Connection lost)
2026-07-24 12:25:44,R5CR713T5WT,0,3499837,FAIL,App Closed
2026-07-24 12:25:46,R3CRC0ZCD2Z,0,3499828,FAIL,Frida Crash (Connection lost)
2026-07-24 12:25:49,R5CR715VSTX,0,3499846,FAIL,Frida Crash (Connection lost)
2026-07-24 12:25:52,R5CR802CTAL,0,3499874,FAIL,Frida Crash (Connection lost)
2026-07-24 12:25:52,R3CRC0XSEHY,0,3499819,FAIL,Frida Crash (Connection lost)
2026-07-24 12:28:20,R5CR80DSS2W,0,3499914,FAIL,Frida Crash (Connection lost)
2026-07-24 12:28:20,R5CR80BKKQH,0,3499903,FAIL,Frida Crash (Connection lost)
2026-07-24 12:28:20,R5CR802BBLB,0,3499856,FAIL,Frida Crash (Connection lost)
2026-07-24 12:28:20,R5CR82FNMVX,0,3500081,FAIL,Frida Crash (Connection lost)
2026-07-24 12:28:21,R5CR802VA4D,0,3499882,FAIL,Frida Crash (Connection lost)
2026-07-24 12:28:21,R5CR804V9CT,0,3499891,FAIL,Frida Crash (Connection lost)
2026-07-24 12:28:26,R5CR82CEZBN,0,3500071,FAIL,Frida Crash (Connection lost)
2026-07-24 12:28:26,R5CR82H78WT,0,3500089,FAIL,Frida Crash (Connection lost)
2026-07-24 12:28:30,R5CR80E53QP,0,3499925,FAIL,Frida Crash (Connection lost)
2026-07-24 12:28:30,R5CR81QCVCK,0,3500036,FAIL,Frida Crash (Connection lost)
2026-07-24 12:28:39,R5CR80ZNFTH,0,3499954,FAIL,Frida Crash (Connection lost)
2026-07-24 12:28:39,R5CR81S2C2J,0,3500055,FAIL,Frida Crash (Connection lost)
2026-07-24 12:28:42,R5CR81PA2GT,0,3500019,FAIL,Frida Crash (Connection lost)
2026-07-24 12:28:48,R5CR81SQ8JJ,0,3500064,FAIL,Frida Crash (Connection lost)
2026-07-24 12:28:48,R5CR80ZYL9K,0,3499973,FAIL,Frida Crash (Connection lost)
2026-07-24 12:28:57,R5CR80ZPJ0Z,0,3499965,FAIL,Frida Crash (Connection lost)
2026-07-24 12:29:24,R5CR813E9AB,0,3499980,FAIL,ADDRESS_NOT_FOUND
2026-07-24 12:29:51,R5CR8153KWN,0,3499995,FAIL,ADDRESS_NOT_FOUND
2026-07-24 12:30:09,R5CR919ZL9A,0,3500113,FAIL,Frida Crash (Connection lost)
2026-07-24 12:30:14,R5CR91SH8LM,0,3500123,FAIL,Frida Crash (Connection lost)
2026-07-24 12:30:58,R5CR9336DSB,0,3500134,FAIL,ADDRESS_NOT_FOUND
2026-07-24 12:31:07,R5CRA0PW01W,0,3500146,FAIL,Frida Crash (Connection lost)
2026-07-24 12:31:17,R5CRA0TJHLK,0,3500152,FAIL,Frida Crash (Connection lost)
2026-07-24 12:31:26,R5CRC2RDAFB,0,3500167,FAIL,Frida Crash (Connection lost)
2026-07-24 12:31:34,R5CRC3DZRQH,0,3500188,FAIL,Frida Crash (Connection lost)
2026-07-24 12:31:42,R5CR82NR07J,0,3500408,FAIL,Frida Crash (Connection lost)
2026-07-24 12:31:58,R3CR70WD1KX,0,3500243,FAIL,Frida Crash (Connection lost)
2026-07-24 12:31:58,R3CR70WD7NA,0,3500256,FAIL,Frida Crash (Connection lost)
2026-07-24 12:31:59,R3CR70JFWXJ,0,3500222,FAIL,Frida Crash (Connection lost)
2026-07-24 12:31:59,R3CR70SZ0JJ,0,3500230,FAIL,Frida Crash (Connection lost)
2026-07-24 12:31:59,R3CR804583K,0,3500272,FAIL,Frida Crash (Connection lost)
2026-07-24 12:31:59,R3CR90CE67P,0,3500291,FAIL,Frida Crash (Connection lost)
2026-07-24 12:33:16,R5CR80ZNCXT,0,3500442,FAIL,Frida Crash (Connection lost)
2026-07-24 12:33:36,R5CR818AW0R,0,3500450,FAIL,Frida Crash (Connection lost)
2026-07-24 12:35:37,R3CR80LSWGD,0,3500574,FAIL,Frida Crash (Connection lost)
2026-07-24 12:35:37,R3CR90MAW4B,0,3500620,FAIL,Frida Crash (Connection lost)
2026-07-24 12:35:37,R3CR8045YWN,0,3500558,FAIL,Frida Crash (Connection lost)
2026-07-24 12:35:37,R3CR90CE67P,0,3500509,FAIL,Frida Crash (Connection lost)
2026-07-24 12:35:37,R3CR90HEZDB,0,3500603,FAIL,Frida Crash (Connection lost)
2026-07-24 12:35:37,R3CR70SZ0JJ,0,3500493,FAIL,Frida Crash (Connection lost)
2026-07-24 12:35:37,R3CR70AV5ZZ,0,3500533,FAIL,Frida Crash (Connection lost)
2026-07-24 12:37:01,R5CR80ZNCXT,0,3500844,FAIL,Frida Crash (Connection lost)
2026-07-24 12:37:09,R5CR818AW0R,0,3500852,FAIL,Frida Crash (Connection lost)
2026-07-24 12:37:24,R5CR82NR07J,0,3500862,FAIL,Frida Crash (Connection lost)
2026-07-24 12:39:14,R3CR70SZ0JJ,0,3500789,FAIL,Frida Crash (Connection lost)
2026-07-24 12:39:14,R3CR90CE67P,0,3500817,FAIL,Frida Crash (Connection lost)
2026-07-24 12:39:14,R3CR90GC5AP,0,3500835,FAIL,Frida Crash (Connection lost)
2026-07-24 12:39:14,R3CR70D3ECZ,0,3500774,FAIL,Frida Crash (Connection lost)
2026-07-24 12:39:42,R3CR90CE67P,0,3501097,FAIL,Frida Crash (Connection lost)
2026-07-24 12:41:02,R5CR82NR07J,0,3501136,FAIL,Frida Crash (Connection lost)
2026-07-24 12:41:15,R5CR818AW0R,0,3501125,FAIL,Frida Crash (Connection lost)
2026-07-24 12:42:50,R3CRC0ZCD2Z,0,3501369,FAIL,App Closed
2026-07-24 12:42:50,R3CRB0WCGET,0,3501327,FAIL,Frida Crash (Connection lost)
2026-07-24 12:42:50,R3CR90SJ6SW,0,3501235,FAIL,Frida Crash (Connection lost)
2026-07-24 12:42:50,R3CRA09DW9E,0,3501252,FAIL,Frida Crash (Connection lost)
2026-07-24 12:42:50,R3CR90CCP1D,0,3501171,FAIL,Frida Crash (Connection lost)
2026-07-24 12:42:50,R5CR715VSTX,0,3501404,FAIL,Frida Crash (Connection lost)
2026-07-24 12:42:50,R3CR70SZ0JJ,0,3501083,FAIL,Frida Crash (Connection lost)
2026-07-24 12:42:50,R3CR80NVXJE,0,3501159,FAIL,Frida Crash (Connection lost)
2026-07-24 12:42:50,R5CR713T5WT,0,3501384,FAIL,Frida Crash (Connection lost)
2026-07-24 12:42:50,R3CR90CE67P,0,3501186,FAIL,Frida Crash (Connection lost)
2026-07-24 12:42:59,R3CRC0RBEPP,0,3501337,FAIL,Frida Crash (Connection lost)
2026-07-24 12:42:59,R3CRA0GP5YP,0,3501281,FAIL,Frida Crash (Connection lost)
2026-07-24 12:43:04,R3CR90GCB5L,0,3501200,FAIL,ADDRESS_NOT_FOUND
2026-07-24 12:43:08,R3CRB0ATRRK,0,3501293,FAIL,Frida Crash (Connection lost)
2026-07-24 12:43:08,R3CRC0XSEHY,0,3501351,FAIL,Frida Crash (Connection lost)
2026-07-24 12:43:17,R3CRB0PZGDR,0,3501312,FAIL,Frida Crash (Connection lost)
2026-07-24 12:44:05,R5CR802VA4D,0,3501446,FAIL,App Closed
2026-07-24 12:44:06,R5CR80E53QP,0,3501503,FAIL,Frida Crash (Connection lost)
2026-07-24 12:44:09,R5CR80BKKQH,0,3501475,FAIL,Frida Crash (Connection lost)
2026-07-24 12:44:14,R5CR802CTAL,0,3501436,FAIL,Frida Crash (Connection lost)
2026-07-24 12:44:14,R5CR80ZYL9K,0,3501550,FAIL,Frida Crash (Connection lost)
2026-07-24 12:44:15,R5CR813E9AB,0,3501557,FAIL,Frida Crash (Connection lost)
2026-07-24 12:44:18,R5CR80DSS2W,0,3501486,FAIL,Frida Crash (Connection lost)
2026-07-24 12:44:24,R5CR804V9CT,0,3501460,FAIL,Frida Crash (Connection lost)
2026-07-24 12:44:28,R5CR80ZNCXT,0,3501519,FAIL,Frida Crash (Connection lost)
2026-07-24 12:44:32,R5CR802BBLB,0,3501423,FAIL,Frida Crash (Connection lost)
2026-07-24 12:44:37,R5CR80ZNFTH,0,3501535,FAIL,Frida Crash (Connection lost)
2026-07-24 12:46:30,R5CR8153KWN,0,3501568,FAIL,Frida Crash (Connection lost)
2026-07-24 12:46:30,R5CR81QCVCK,0,3501628,FAIL,App Closed
2026-07-24 12:46:30,R5CR80ZPJ0Z,0,3501545,FAIL,App Closed
2026-07-24 12:46:30,R3CR70SZ0JJ,0,3501772,FAIL,Frida Crash (Connection lost)
2026-07-24 12:46:31,R5CR91SH8LM,0,3501734,FAIL,Frida Crash (Connection lost)
2026-07-24 12:46:31,R5CR919ZL9A,0,3501719,FAIL,Frida Crash (Connection lost)
2026-07-24 12:46:33,R5CR9336DSB,0,3501748,FAIL,Frida Crash (Connection lost)
2026-07-24 12:46:36,R5CR81S2C2J,0,3501652,FAIL,Frida Crash (Connection lost)
2026-07-24 12:46:38,R5CR81PA2GT,0,3501601,FAIL,Frida Crash (Connection lost)
2026-07-24 12:46:41,R3CR70JFWXJ,0,3501766,FAIL,Frida Crash (Connection lost)
2026-07-24 12:46:45,R5CR81SQ8JJ,0,3501665,FAIL,Frida Crash (Connection lost)
2026-07-24 12:46:54,R5CR82CEZBN,0,3501672,FAIL,Frida Crash (Connection lost)
2026-07-24 12:47:03,R5CR82FNMVX,0,3501680,FAIL,Frida Crash (Connection lost)
2026-07-24 12:47:12,R5CR82H78WT,0,3501690,FAIL,Frida Crash (Connection lost)
2026-07-24 12:48:01,R3CR70WD7NA,0,3501795,FAIL,Frida Crash (Connection lost)
2026-07-24 12:48:01,R3CRA0EJ6SD,0,3501908,FAIL,Frida Crash (Connection lost)
2026-07-24 12:48:02,R3CR70WD1KX,0,3501782,FAIL,Frida Crash (Connection lost)
2026-07-24 12:48:02,R3CR804583K,0,3501806,FAIL,Frida Crash (Connection lost)
2026-07-24 12:48:04,R3CR90CE67P,0,3501864,FAIL,Frida Crash (Connection lost)
2026-07-24 12:48:05,R3CR90MAW4B,0,3501896,FAIL,Frida Crash (Connection lost)
2026-07-24 12:48:08,R3CR90HEZDB,0,3501888,FAIL,Frida Crash (Connection lost)
2026-07-24 12:48:10,R3CR8045YWN,0,3501827,FAIL,Frida Crash (Connection lost)
2026-07-24 12:48:14,R3CR90H1NCP,0,3501878,FAIL,Frida Crash (Connection lost)
2026-07-24 12:48:19,R3CR80LSWGD,0,3501845,FAIL,Frida Crash (Connection lost)
2026-07-24 12:49:15,R5CR802VA4D,0,3501924,FAIL,Frida Crash (Connection lost)
2026-07-24 12:49:20,R5CR80ZNCXT,0,3501935,FAIL,Frida Crash (Connection lost)
2026-07-24 12:49:43,R5CR818AW0R,0,3501957,FAIL,Frida Crash (Connection lost)
2026-07-24 12:49:50,R5CR82NR07J,0,3501987,FAIL,Frida Crash (Connection lost)
2026-07-24 12:49:59,R5CRA0PW01W,0,3502000,FAIL,Frida Crash (Connection lost)
2026-07-24 12:50:08,R5CRA0TJHLK,0,3502011,FAIL,Frida Crash (Connection lost)
2026-07-24 12:50:15,R5CRC3DZRQH,0,3502034,FAIL,Frida Crash (Connection lost)
2026-07-24 12:50:17,R5CRC2RDAFB,0,3502020,FAIL,Frida Crash (Connection lost)
2026-07-24 12:51:35,R3CR90CE67P,0,3502120,FAIL,Frida Crash (Connection lost)
2026-07-24 12:51:35,R3CR70AV5ZZ,0,3502075,FAIL,Frida Crash (Connection lost)
2026-07-24 12:51:40,R3CR70D3ECZ,0,3502093,FAIL,Frida Crash (Connection lost)
2026-07-24 12:51:42,R3CR90GC5AP,0,3502136,FAIL,Frida Crash (Connection lost)
2026-07-24 12:52:01,R3CR90CE67P,0,3502269,FAIL,Frida Crash (Connection lost)
2026-07-24 12:52:07,R3CR70SZ0JJ,0,3502106,FAIL,ADDRESS_NOT_FOUND
2026-07-24 12:52:52,R5CR80ZNCXT,0,3502275,FAIL,Frida Crash (Connection lost)
2026-07-24 12:53:01,R5CR818AW0R,0,3502293,FAIL,Frida Crash (Connection lost)
2026-07-24 12:53:17,R5CR82NR07J,0,3502308,FAIL,Frida Crash (Connection lost)
2026-07-24 12:55:06,R3CR90CE67P,0,3502450,FAIL,Frida Crash (Connection lost)
2026-07-24 12:56:09,R5CR80ZNCXT,0,3502586,FAIL,Frida Crash (Connection lost)
2026-07-24 12:56:13,R5CR818AW0R,0,3502599,FAIL,Frida Crash (Connection lost)
2026-07-24 12:56:26,R5CR82NR07J,0,3502613,FAIL,Frida Crash (Connection lost)
2026-07-24 12:58:09,R3CR90CCP1D,0,3502679,FAIL,Frida Crash (Connection lost)
2026-07-24 12:58:09,R3CR90CE67P,0,3502581,FAIL,Frida Crash (Connection lost)
2026-07-24 12:58:10,R5CR713T5WT,0,3502815,FAIL,Frida Crash (Connection lost)
2026-07-24 12:58:10,R3CR80NVXJE,0,3502662,FAIL,Frida Crash (Connection lost)
2026-07-24 12:58:10,R3CR90GCB5L,0,3502688,FAIL,Frida Crash (Connection lost)
2026-07-24 12:58:10,R3CR90SJ6SW,0,3502706,FAIL,Frida Crash (Connection lost)
2026-07-24 12:58:10,R3CR70SZ0JJ,0,3502576,FAIL,Frida Crash (Connection lost)
2026-07-24 12:58:10,R3CRB0ATRRK,0,3502738,FAIL,Frida Crash (Connection lost)
2026-07-24 12:58:10,R3CRC0ZCD2Z,0,3502800,FAIL,App Closed
2026-07-24 12:58:14,R3CRB0WCGET,0,3502767,FAIL,Frida Crash (Connection lost)
2026-07-24 12:58:15,R3CRC0XSEHY,0,3502788,FAIL,Frida Crash (Connection lost)
2026-07-24 12:58:17,R5CR715VSTX,0,3502831,FAIL,Frida Crash (Connection lost)
2026-07-24 12:58:19,R3CRA09DW9E,0,3502714,FAIL,Frida Crash (Connection lost)
2026-07-24 12:58:24,R3CRC0RBEPP,0,3502780,FAIL,Frida Crash (Connection lost)
2026-07-24 12:58:28,R3CRA0GP5YP,0,3502723,FAIL,Frida Crash (Connection lost)
2026-07-24 12:58:35,R3CRB0PZGDR,0,3502754,FAIL,Frida Crash (Connection lost)
2026-07-24 12:59:14,R5CR80BKKQH,0,3502893,FAIL,Frida Crash (Connection lost)
2026-07-24 12:59:19,R5CR80E53QP,0,3502924,FAIL,Frida Crash (Connection lost)
2026-07-24 12:59:20,R5CR802CTAL,0,3502864,FAIL,Frida Crash (Connection lost)
2026-07-24 12:59:23,R5CR80DSS2W,0,3502907,FAIL,Frida Crash (Connection lost)
2026-07-24 12:59:25,R5CR80ZNFTH,0,3502955,FAIL,Frida Crash (Connection lost)
2026-07-24 12:59:25,R5CR80ZNCXT,0,3502940,FAIL,Frida Crash (Connection lost)
2026-07-24 12:59:29,R5CR802BBLB,0,3502847,FAIL,Frida Crash (Connection lost)
2026-07-24 12:59:38,R5CR804V9CT,0,3502883,FAIL,Frida Crash (Connection lost)
2026-07-24 13:01:46,R5CR9336DSB,0,3503155,FAIL,App Closed
2026-07-24 13:01:47,R5CR81S2C2J,0,3503054,FAIL,App Closed
2026-07-24 13:01:47,R5CR80ZYL9K,0,3502981,FAIL,App Closed
2026-07-24 13:01:51,R5CR813E9AB,0,3502994,FAIL,Frida Crash (Connection lost)
2026-07-24 13:01:56,R5CR81SQ8JJ,0,3503069,FAIL,Frida Crash (Connection lost)
2026-07-24 13:02:00,R5CR80ZPJ0Z,0,3502969,FAIL,Frida Crash (Connection lost)
2026-07-24 13:02:05,R5CR82CEZBN,0,3503087,FAIL,Frida Crash (Connection lost)
2026-07-24 13:02:09,R5CR8153KWN,0,3503009,FAIL,Frida Crash (Connection lost)
2026-07-24 13:02:14,R5CR82H78WT,0,3503112,FAIL,Frida Crash (Connection lost)
2026-07-24 13:02:18,R5CR81PA2GT,0,3503033,FAIL,Frida Crash (Connection lost)
2026-07-24 13:02:23,R5CR919ZL9A,0,3503131,FAIL,Frida Crash (Connection lost)
2026-07-24 13:02:32,R5CR91SH8LM,0,3503144,FAIL,Frida Crash (Connection lost)
2026-07-24 13:03:17,R3CR90HEZDB,0,3503314,FAIL,Frida Crash (Connection lost)
2026-07-24 13:03:18,R3CR70JFWXJ,0,3503187,FAIL,Frida Crash (Connection lost)
2026-07-24 13:03:18,R3CR70WD7NA,0,3503225,FAIL,App Closed
2026-07-24 13:03:20,R3CR90H1NCP,0,3503305,FAIL,Frida Crash (Connection lost)
2026-07-24 13:03:22,R3CR90MAW4B,0,3503325,FAIL,Frida Crash (Connection lost)
2026-07-24 13:03:24,R3CR70SZ0JJ,0,3503204,FAIL,Frida Crash (Connection lost)
2026-07-24 13:03:27,R3CR804583K,0,3503240,FAIL,Frida Crash (Connection lost)
2026-07-24 13:03:33,R3CR70WD1KX,0,3503213,FAIL,Frida Crash (Connection lost)
2026-07-24 13:03:36,R3CR8045YWN,0,3503249,FAIL,Frida Crash (Connection lost)
2026-07-24 13:03:45,R3CR80LSWGD,0,3503261,FAIL,Frida Crash (Connection lost)
2026-07-24 13:03:45,R3CR90CE67P,0,3503286,FAIL,ADDRESS_NOT_FOUND
2026-07-24 13:03:58,R3CRA0EJ6SD,0,3503337,FAIL,Frida Crash (Connection lost)
2026-07-24 13:04:26,R5CR802VA4D,0,3503361,FAIL,App Closed
2026-07-24 13:04:40,R5CR80ZNCXT,0,3503383,FAIL,Frida Crash (Connection lost)
2026-07-24 13:04:49,R5CR818AW0R,0,3503410,FAIL,Frida Crash (Connection lost)
2026-07-24 13:05:00,R5CR81QCVCK,0,3503427,FAIL,Frida Crash (Connection lost)
2026-07-24 13:05:08,R5CR82FNMVX,0,3503450,FAIL,Frida Crash (Connection lost)
2026-07-24 13:05:15,R5CRA0TJHLK,0,3503486,FAIL,Frida Crash (Connection lost)
2026-07-24 13:05:17,R5CR82NR07J,0,3503464,FAIL,Frida Crash (Connection lost)
2026-07-24 13:05:26,R5CRC2RDAFB,0,3503496,FAIL,Frida Crash (Connection lost)
2026-07-24 13:05:26,R5CRA0PW01W,0,3503476,FAIL,Frida Crash (Connection lost)
2026-07-24 13:06:52,R5CRC3DZRQH,0,3503511,FAIL,App Closed
2026-07-24 13:06:52,R3CR90CE67P,0,3503565,FAIL,Frida Crash (Connection lost)
2026-07-24 13:06:52,R3CR70AV5ZZ,0,3503540,FAIL,Frida Crash (Connection lost)
2026-07-24 13:06:58,R3CR90GC5AP,0,3503575,FAIL,Frida Crash (Connection lost)
2026-07-24 13:07:01,R3CR70SZ0JJ,0,3503556,FAIL,Frida Crash (Connection lost)
2026-07-24 13:07:10,R3CR70D3ECZ,0,3503549,FAIL,Frida Crash (Connection lost)
2026-07-24 13:07:15,R3CR90CE67P,0,3503670,FAIL,Frida Crash (Connection lost)
2026-07-24 13:08:06,R5CR80ZNCXT,0,3503679,FAIL,Frida Crash (Connection lost)
2026-07-24 13:08:16,R5CR818AW0R,0,3503696,FAIL,Frida Crash (Connection lost)
2026-07-24 13:08:29,R5CR82NR07J,0,3503710,FAIL,Frida Crash (Connection lost)
2026-07-24 13:10:15,R3CR90CE67P,0,3503836,FAIL,Frida Crash (Connection lost)
2026-07-24 13:10:15,R3CR70SZ0JJ,0,3503734,FAIL,Frida Crash (Connection lost)
2026-07-24 13:10:43,R3CR90CE67P,0,3503944,FAIL,Frida Crash (Connection lost)
2026-07-24 13:11:38,R5CR80ZNCXT,0,3503951,FAIL,Frida Crash (Connection lost)
2026-07-24 13:11:46,R5CR818AW0R,0,3503961,FAIL,Frida Crash (Connection lost)
2026-07-24 13:11:55,R5CR82NR07J,0,3503969,FAIL,Frida Crash (Connection lost)
2026-07-24 13:13:40,R3CRC0ZCD2Z,0,3504194,FAIL,Frida Crash (Connection lost)
2026-07-24 13:13:41,R3CR80NVXJE,0,3504043,FAIL,Frida Crash (Connection lost)
2026-07-24 13:13:41,R3CR90CCP1D,0,3504056,FAIL,Frida Crash (Connection lost)
2026-07-24 13:13:41,R3CRA09DW9E,0,3504090,FAIL,Frida Crash (Connection lost)
2026-07-24 13:13:41,R3CR90SJ6SW,0,3504080,FAIL,Frida Crash (Connection lost)
2026-07-24 13:13:41,R3CR70SZ0JJ,0,3503934,FAIL,Frida Crash (Connection lost)
2026-07-24 13:13:41,R3CR90GCB5L,0,3504066,FAIL,Frida Crash (Connection lost)
2026-07-24 13:13:42,R3CRC0RBEPP,0,3504172,FAIL,Frida Crash (Connection lost)
2026-07-24 13:13:43,R3CRB0WCGET,0,3504157,FAIL,Frida Crash (Connection lost)
2026-07-24 13:13:43,R5CR715VSTX,0,3504227,FAIL,Frida Crash (Connection lost)
2026-07-24 13:13:44,R3CRC0XSEHY,0,3504180,FAIL,Frida Crash (Connection lost)
2026-07-24 13:13:48,R5CR713T5WT,0,3504206,FAIL,Frida Crash (Connection lost)
2026-07-24 13:13:50,R3CRA0GP5YP,0,3504108,FAIL,Frida Crash (Connection lost)
2026-07-24 13:13:59,R3CRB0ATRRK,0,3504126,FAIL,Frida Crash (Connection lost)
2026-07-24 13:14:25,R3CRB0PZGDR,0,3504142,FAIL,ADDRESS_NOT_FOUND
2026-07-24 13:14:33,R5CR802CTAL,0,3504266,FAIL,Frida Crash (Connection lost)
2026-07-24 13:14:42,R5CR80BKKQH,0,3504287,FAIL,Frida Crash (Connection lost)
2026-07-24 13:14:42,R5CR804V9CT,0,3504278,FAIL,Frida Crash (Connection lost)
2026-07-24 13:14:45,R5CR80E53QP,0,3504308,FAIL,Frida Crash (Connection lost)
2026-07-24 13:14:47,R5CR80ZNCXT,0,3504319,FAIL,Frida Crash (Connection lost)
2026-07-24 13:14:49,R5CR80ZNFTH,0,3504332,FAIL,Frida Crash (Connection lost)
2026-07-24 13:14:51,R5CR80DSS2W,0,3504296,FAIL,Frida Crash (Connection lost)
2026-07-24 13:14:51,R5CR802BBLB,0,3504251,FAIL,Frida Crash (Connection lost)
2026-07-24 13:17:04,R5CR9336DSB,0,3504470,FAIL,Frida Crash (Connection lost)
2026-07-24 13:17:04,R5CR80ZPJ0Z,0,3504343,FAIL,Frida Crash (Connection lost)
2026-07-24 13:17:05,R5CR91SH8LM,0,3504460,FAIL,Frida Crash (Connection lost)
2026-07-24 13:17:05,R5CR81S2C2J,0,3504414,FAIL,App Closed
2026-07-24 13:17:05,R5CR80ZYL9K,0,3504350,FAIL,Frida Crash (Connection lost)
2026-07-24 13:17:05,R3CR70JFWXJ,0,3504506,FAIL,Frida Crash (Connection lost)
2026-07-24 13:17:07,R3CR70WD1KX,0,3504534,FAIL,Frida Crash (Connection lost)
2026-07-24 13:17:14,R5CR81SQ8JJ,0,3504426,FAIL,Frida Crash (Connection lost)
2026-07-24 13:17:14,R5CR8153KWN,0,3504368,FAIL,Frida Crash (Connection lost)
2026-07-24 13:17:15,R3CR70SZ0JJ,0,3504522,FAIL,Frida Crash (Connection lost)
2026-07-24 13:17:19,R3CR70WD7NA,0,3504545,FAIL,Frida Crash (Connection lost)
2026-07-24 13:17:24,R5CR813E9AB,0,3504357,FAIL,Frida Crash (Connection lost)
2026-07-24 13:17:33,R5CR81PA2GT,0,3504398,FAIL,Frida Crash (Connection lost)
2026-07-24 13:17:43,R5CR82CEZBN,0,3504437,FAIL,ADDRESS_NOT_FOUND
2026-07-24 13:17:52,R5CR82H78WT,0,3504444,FAIL,Frida Crash (Connection lost)
2026-07-24 13:18:01,R5CR919ZL9A,0,3504451,FAIL,Frida Crash (Connection lost)
2026-07-24 13:20:38,R3CR90MAW4B,0,3504651,FAIL,Frida Crash (Connection lost)
2026-07-24 13:20:38,R3CR70SZ0JJ,0,3504823,FAIL,Frida Crash (Connection lost)
2026-07-24 13:20:38,R5CR802VA4D,0,3504683,FAIL,Frida Crash (Connection lost)
2026-07-24 13:20:38,R5CR81QCVCK,0,3504716,FAIL,Frida Crash (Connection lost)
2026-07-24 13:20:38,R3CR90HEZDB,0,3504627,FAIL,Frida Crash (Connection lost)
2026-07-24 13:20:38,R3CR90CE67P,0,3504592,FAIL,Frida Crash (Connection lost)
2026-07-24 13:20:38,R5CRA0PW01W,0,3504756,FAIL,Frida Crash (Connection lost)
2026-07-24 13:20:38,R3CR8045YWN,0,3504569,FAIL,Frida Crash (Connection lost)
2026-07-24 13:20:38,R3CR80LSWGD,0,3504576,FAIL,Frida Crash (Connection lost)
2026-07-24 13:20:38,R3CR90H1NCP,0,3504609,FAIL,Frida Crash (Connection lost)
2026-07-24 13:20:38,R3CR804583K,0,3504561,FAIL,Frida Crash (Connection lost)
2026-07-24 13:20:41,R3CR70D3ECZ,0,3504807,FAIL,Frida Crash (Connection lost)
2026-07-24 13:20:45,R3CR90GC5AP,0,3504835,FAIL,Frida Crash (Connection lost)
2026-07-24 13:20:47,R3CRA0EJ6SD,0,3504670,FAIL,Frida Crash (Connection lost)
2026-07-24 13:20:47,R5CR82FNMVX,0,3504724,FAIL,Frida Crash (Connection lost)
2026-07-24 13:21:03,R3CR70AV5ZZ,0,3504800,FAIL,ADDRESS_NOT_FOUND
2026-07-24 13:21:04,R5CRC2RDAFB,0,3504775,FAIL,Frida Crash (Connection lost)
2026-07-24 13:21:04,R5CRA0TJHLK,0,3504767,FAIL,Frida Crash (Connection lost)
2026-07-24 13:21:14,R5CR919ZL9A,0,3504742,FAIL,ADDRESS_NOT_FOUND
2026-07-24 13:22:02,R5CR80ZNCXT,0,3504844,FAIL,Frida Crash (Connection lost)
2026-07-24 13:22:11,R5CR818AW0R,0,3504855,FAIL,Frida Crash (Connection lost)
2026-07-24 13:22:43,R5CRC3DZRQH,0,3504872,FAIL,Frida Crash (Connection lost)
2026-07-24 13:24:14,R3CR90CE67P,0,3504906,FAIL,Frida Crash (Connection lost)
2026-07-24 13:24:15,R3CR70SZ0JJ,0,3504995,FAIL,Frida Crash (Connection lost)
2026-07-24 13:24:40,R3CR90CE67P,0,3505155,FAIL,Frida Crash (Connection lost)
2026-07-24 13:25:40,R5CR80ZNCXT,0,3505166,FAIL,Frida Crash (Connection lost)
2026-07-24 13:27:07,R3CR90CCP1D,0,3505374,FAIL,Frida Crash (Connection lost)
2026-07-24 13:27:44,R3CR70SZ0JJ,0,3505150,FAIL,Frida Crash (Connection lost)
2026-07-24 13:27:45,R3CR90CE67P,0,3505294,FAIL,Frida Crash (Connection lost)
2026-07-24 13:27:48,R3CRB0ATRRK,0,3505434,FAIL,Frida Crash (Connection lost)
2026-07-24 13:27:50,R3CRA09DW9E,0,3505411,FAIL,Frida Crash (Connection lost)
2026-07-24 13:27:50,R3CR90SJ6SW,0,3505399,FAIL,Frida Crash (Connection lost)
2026-07-24 13:27:53,R3CR90GCB5L,0,3505391,FAIL,Frida Crash (Connection lost)
2026-07-24 13:27:55,R3CRA0GP5YP,0,3505424,FAIL,Frida Crash (Connection lost)
2026-07-24 13:28:34,R3CRB0PZGDR,0,3505443,FAIL,Frida Crash (Connection lost)
2026-07-24 13:28:41,R3CRB0WCGET,0,3505455,FAIL,Frida Crash (Connection lost)
2026-07-24 13:28:43,R5CR713T5WT,0,3505497,FAIL,Frida Crash (Connection lost)
2026-07-24 13:28:44,R3CRC0XSEHY,0,3505473,FAIL,Frida Crash (Connection lost)
2026-07-24 13:28:46,R5CR715VSTX,0,3505506,FAIL,Frida Crash (Connection lost)
2026-07-24 13:28:47,R3CRC0ZCD2Z,0,3505482,FAIL,Frida Crash (Connection lost)
2026-07-24 13:28:50,R3CRC0RBEPP,0,3505466,FAIL,Frida Crash (Connection lost)
2026-07-24 13:31:20,R5CR81S2C2J,0,3505666,FAIL,Frida Crash (Connection lost)
2026-07-24 13:31:20,R5CR802CTAL,0,3505527,FAIL,Frida Crash (Connection lost)
2026-07-24 13:31:20,R5CR804V9CT,0,3505541,FAIL,Frida Crash (Connection lost)
2026-07-24 13:31:21,R5CR802BBLB,0,3505513,FAIL,Frida Crash (Connection lost)
2026-07-24 13:31:21,R5CR80BKKQH,0,3505555,FAIL,Frida Crash (Connection lost)
2026-07-24 13:31:21,R5CR80DSS2W,0,3505573,FAIL,Frida Crash (Connection lost)
2026-07-24 13:31:24,R5CR80ZNFTH,0,3505596,FAIL,Frida Crash (Connection lost)
2026-07-24 13:31:27,R5CR9336DSB,0,3505716,FAIL,Frida Crash (Connection lost)
2026-07-24 13:31:28,R3CR70JFWXJ,0,3505736,FAIL,Frida Crash (Connection lost)
2026-07-24 13:31:29,R5CR81SQ8JJ,0,3505680,FAIL,Frida Crash (Connection lost)
2026-07-24 13:31:34,R5CR80E53QP,0,3505584,FAIL,Frida Crash (Connection lost)
2026-07-24 13:31:38,R5CR82CEZBN,0,3505689,FAIL,Frida Crash (Connection lost)
2026-07-24 13:31:43,R5CR80ZYL9K,0,3505615,FAIL,Frida Crash (Connection lost)
2026-07-24 13:31:48,R5CR82H78WT,0,3505695,FAIL,Frida Crash (Connection lost)
2026-07-24 13:31:57,R5CR91SH8LM,0,3505704,FAIL,Frida Crash (Connection lost)
2026-07-24 13:32:09,R5CR80ZPJ0Z,0,3505606,FAIL,ADDRESS_NOT_FOUND
2026-07-24 13:32:18,R5CR813E9AB,0,3505629,FAIL,Frida Crash (Connection lost)
2026-07-24 13:32:27,R5CR8153KWN,0,3505643,FAIL,Frida Crash (Connection lost)
2026-07-24 13:32:36,R5CR81PA2GT,0,3505653,FAIL,Frida Crash (Connection lost)
2026-07-24 13:32:55,R5CR81QCVCK,0,3505826,FAIL,Frida Crash (Connection lost)
2026-07-24 13:33:02,R5CR82FNMVX,0,3505849,FAIL,Frida Crash (Connection lost)
2026-07-24 13:33:15,R5CRA0PW01W,0,3505868,FAIL,Frida Crash (Connection lost)
2026-07-24 13:34:56,R3CR70AV5ZZ,0,3505892,FAIL,Frida Crash (Connection lost)
2026-07-24 13:34:56,R3CR70SZ0JJ,0,3505749,FAIL,Frida Crash (Connection lost)
2026-07-24 13:34:56,R3CR70D3ECZ,0,3505896,FAIL,Frida Crash (Connection lost)
2026-07-24 13:34:56,R3CR90GC5AP,0,3505953,FAIL,Frida Crash (Connection lost)
2026-07-24 13:34:56,R3CR90CE67P,0,3505800,FAIL,Frida Crash (Connection lost)
2026-07-24 13:34:56,R3CR804583K,0,3505901,FAIL,Frida Crash (Connection lost)
2026-07-24 13:34:56,R5CR919ZL9A,0,3506028,FAIL,Frida Crash (Connection lost)
2026-07-24 13:34:56,R3CR80NVXJE,0,3505792,FAIL,Frida Crash (Connection lost)
2026-07-24 13:35:01,R3CR8045YWN,0,3505919,FAIL,Frida Crash (Connection lost)
2026-07-24 13:35:01,R3CR90H1NCP,0,3505967,FAIL,Frida Crash (Connection lost)
2026-07-24 13:35:01,R3CR90HEZDB,0,3505974,FAIL,Frida Crash (Connection lost)
2026-07-24 13:35:03,R5CRA0TJHLK,0,3506041,FAIL,Frida Crash (Connection lost)
2026-07-24 13:35:03,R5CR802VA4D,0,3505984,FAIL,Frida Crash (Connection lost)
2026-07-24 13:35:09,R3CR80LSWGD,0,3505936,FAIL,Frida Crash (Connection lost)
2026-07-24 13:35:10,R3CRA0EJ6SD,0,3505976,FAIL,Frida Crash (Connection lost)
2026-07-24 13:35:10,R3CR70WD1KX,0,3505764,FAIL,Frida Crash (Connection lost)
2026-07-24 13:36:36,R5CR818AW0R,0,3506151,FAIL,Frida Crash (Connection lost)
2026-07-24 13:37:00,R5CRC2RDAFB,0,3506049,FAIL,Frida Crash (Connection lost)
2026-07-24 13:37:03,R5CRC3DZRQH,0,3506059,FAIL,Frida Crash (Connection lost)
2026-07-24 13:37:12,R5CR82NR07J,0,3506162,FAIL,Frida Crash (Connection lost)
2026-07-24 13:38:34,R3CR70SZ0JJ,0,3506087,FAIL,Frida Crash (Connection lost)
2026-07-24 13:38:34,R3CR90MAW4B,0,3506135,FAIL,Frida Crash (Connection lost)
2026-07-24 13:38:34,R3CR90CE67P,0,3506113,FAIL,Frida Crash (Connection lost)
2026-07-24 13:39:00,R3CR90CE67P,0,3506376,FAIL,Frida Crash (Connection lost)
2026-07-24 13:39:59,R5CR80ZNCXT,0,3506386,FAIL,Frida Crash (Connection lost)
2026-07-24 13:42:10,R3CRA0GP5YP,0,3506657,FAIL,Frida Crash (Connection lost)
2026-07-24 13:42:10,R3CR70SZ0JJ,0,3506413,FAIL,Frida Crash (Connection lost)
2026-07-24 13:42:11,R3CRA09DW9E,0,3506648,FAIL,Frida Crash (Connection lost)
2026-07-24 13:42:11,R3CR70WD7NA,0,3506362,FAIL,Frida Crash (Connection lost)
2026-07-24 13:42:11,R3CR90CE67P,0,3506521,FAIL,Frida Crash (Connection lost)
2026-07-24 13:42:17,R3CR90SJ6SW,0,3506635,FAIL,Frida Crash (Connection lost)
2026-07-24 13:42:21,R3CR90CCP1D,0,3506611,FAIL,Frida Crash (Connection lost)
2026-07-24 13:42:30,R3CR90GCB5L,0,3506622,FAIL,Frida Crash (Connection lost)
2026-07-24 13:42:48,R3CRC0XSEHY,0,3506710,FAIL,Frida Crash (Connection lost)
2026-07-24 13:42:57,R3CRB0ATRRK,0,3506667,FAIL,Frida Crash (Connection lost)
2026-07-24 13:43:03,R3CRC0RBEPP,0,3506699,FAIL,Frida Crash (Connection lost)
2026-07-24 13:43:06,R3CRB0PZGDR,0,3506678,FAIL,Frida Crash (Connection lost)
2026-07-24 13:43:09,R5CR713T5WT,0,3506733,FAIL,Frida Crash (Connection lost)
2026-07-24 13:43:12,R3CRB0WCGET,0,3506688,FAIL,Frida Crash (Connection lost)
2026-07-24 13:43:20,R3CRC0ZCD2Z,0,3506725,FAIL,Frida Crash (Connection lost)
2026-07-24 13:44:53,R5CR81SQ8JJ,0,3506881,FAIL,App Closed
2026-07-24 13:45:48,R5CR715VSTX,0,3506744,FAIL,App Closed
2026-07-24 13:45:48,R5CR80DSS2W,0,3506814,FAIL,Frida Crash (Connection lost)
2026-07-24 13:45:48,R5CR80BKKQH,0,3506802,FAIL,Frida Crash (Connection lost)
2026-07-24 13:45:48,R5CR802BBLB,0,3506753,FAIL,Frida Crash (Connection lost)
2026-07-24 13:45:48,R5CR81S2C2J,0,3506867,FAIL,Frida Crash (Connection lost)
2026-07-24 13:45:50,R3CR90CE67P,0,3506983,FAIL,Frida Crash (Connection lost)
2026-07-24 13:45:53,R3CR70SZ0JJ,0,3506969,FAIL,Frida Crash (Connection lost)
2026-07-24 13:45:55,R3CR70JFWXJ,0,3506953,FAIL,Frida Crash (Connection lost)
2026-07-24 13:45:56,R5CR82CEZBN,0,3506892,FAIL,Frida Crash (Connection lost)
2026-07-24 13:45:57,R5CR80E53QP,0,3506823,FAIL,Frida Crash (Connection lost)
2026-07-24 13:45:57,R5CR804V9CT,0,3506783,FAIL,Frida Crash (Connection lost)
2026-07-24 13:46:05,R5CR82H78WT,0,3506902,FAIL,Frida Crash (Connection lost)
2026-07-24 13:46:06,R5CR80ZNFTH,0,3506832,FAIL,Frida Crash (Connection lost)
2026-07-24 13:46:14,R5CR91SH8LM,0,3506908,FAIL,Frida Crash (Connection lost)
2026-07-24 13:46:15,R5CR80ZYL9K,0,3506851,FAIL,Frida Crash (Connection lost)
2026-07-24 13:46:22,R5CR9336DSB,0,3506921,FAIL,Frida Crash (Connection lost)
2026-07-24 13:46:25,R5CR80ZPJ0Z,0,3506840,FAIL,Frida Crash (Connection lost)
2026-07-24 13:46:59,R5CR802CTAL,0,3507016,FAIL,Frida Crash (Connection lost)
2026-07-24 13:47:14,R5CR813E9AB,0,3507030,FAIL,Frida Crash (Connection lost)
2026-07-24 13:47:23,R5CR8153KWN,0,3507040,FAIL,Frida Crash (Connection lost)
2026-07-24 13:47:32,R5CR81PA2GT,0,3507053,FAIL,Frida Crash (Connection lost)
2026-07-24 13:47:34,R5CR81QCVCK,0,3507066,FAIL,Frida Crash (Connection lost)
2026-07-24 13:47:43,R5CR82FNMVX,0,3507080,FAIL,Frida Crash (Connection lost)
2026-07-24 13:47:53,R5CRA0PW01W,0,3507096,FAIL,Frida Crash (Connection lost)
2026-07-24 13:49:24,R5CR802VA4D,0,3507289,FAIL,Frida Crash (Connection lost)
2026-07-24 13:49:25,R3CR90HEZDB,0,3507259,FAIL,Frida Crash (Connection lost)
2026-07-24 13:49:25,R3CR90CE67P,0,3507214,FAIL,App Closed
2026-07-24 13:49:25,R3CR70AV5ZZ,0,3507119,FAIL,Frida Crash (Connection lost)
2026-07-24 13:49:25,R3CR70D3ECZ,0,3507123,FAIL,Frida Crash (Connection lost)
2026-07-24 13:49:26,R3CR70SZ0JJ,0,3507137,FAIL,Frida Crash (Connection lost)
2026-07-24 13:49:31,R3CRA0EJ6SD,0,3507277,FAIL,Frida Crash (Connection lost)
2026-07-24 13:49:34,R3CR90GC5AP,0,3507223,FAIL,Frida Crash (Connection lost)
2026-07-24 13:49:35,R3CR70WD1KX,0,3507153,FAIL,Frida Crash (Connection lost)
2026-07-24 13:49:36,R3CR8045YWN,0,3507189,FAIL,Frida Crash (Connection lost)
2026-07-24 13:49:43,R3CR90H1NCP,0,3507236,FAIL,Frida Crash (Connection lost)
2026-07-24 13:49:45,R3CR80LSWGD,0,3507202,FAIL,Frida Crash (Connection lost)
2026-07-24 13:49:53,R3CR80NVXJE,0,3507210,FAIL,Frida Crash (Connection lost)
2026-07-24 13:50:57,R5CR818AW0R,0,3507448,FAIL,Frida Crash (Connection lost)
2026-07-24 13:51:14,R5CR919ZL9A,0,3507323,FAIL,Frida Crash (Connection lost)
2026-07-24 13:51:21,R5CR82NR07J,0,3507456,FAIL,Frida Crash (Connection lost)
2026-07-24 13:51:23,R5CRA0TJHLK,0,3507334,FAIL,Frida Crash (Connection lost)
2026-07-24 13:51:34,R5CRC2RDAFB,0,3507347,FAIL,Frida Crash (Connection lost)
2026-07-24 13:51:43,R5CRC3DZRQH,0,3507363,FAIL,Frida Crash (Connection lost)
2026-07-24 13:53:02,R3CR90CE67P,0,3507417,FAIL,App Closed
2026-07-24 13:53:02,R3CR804583K,0,3507408,FAIL,Frida Crash (Connection lost)
2026-07-24 13:53:02,R3CR90MAW4B,0,3507431,FAIL,Frida Crash (Connection lost)
2026-07-24 13:53:02,R3CR70SZ0JJ,0,3507398,FAIL,Frida Crash (Connection lost)
2026-07-24 13:54:21,R5CR80ZNCXT,0,3507640,FAIL,Frida Crash (Connection lost)
2026-07-24 13:56:40,R3CR90CE67P,0,3507684,FAIL,Frida Crash (Connection lost)
2026-07-24 13:56:40,R3CR70WD7NA,0,3507839,FAIL,Frida Crash (Connection lost)
2026-07-24 13:56:40,R3CRB0PZGDR,0,3507925,FAIL,Frida Crash (Connection lost)
2026-07-24 13:56:40,R3CR70SZ0JJ,0,3507667,FAIL,Frida Crash (Connection lost)
2026-07-24 13:56:41,R3CR90SJ6SW,0,3507875,FAIL,Frida Crash (Connection lost)
2026-07-24 13:56:42,R3CRB0WCGET,0,3507933,FAIL,Frida Crash (Connection lost)
2026-07-24 13:56:45,R3CRB0ATRRK,0,3507913,FAIL,Frida Crash (Connection lost)
2026-07-24 13:56:45,R3CR90CCP1D,0,3507854,FAIL,Frida Crash (Connection lost)
2026-07-24 13:56:50,R3CRA09DW9E,0,3507888,FAIL,Frida Crash (Connection lost)
2026-07-24 13:56:50,R3CRA0GP5YP,0,3507901,FAIL,Frida Crash (Connection lost)
2026-07-24 13:56:54,R3CR90GCB5L,0,3507862,FAIL,Frida Crash (Connection lost)
2026-07-24 13:57:41,R3CRC0RBEPP,0,3507939,FAIL,Frida Crash (Connection lost)
2026-07-24 13:57:42,R5CR715VSTX,0,3508002,FAIL,Frida Crash (Connection lost)
2026-07-24 13:57:43,R5CR713T5WT,0,3507983,FAIL,Frida Crash (Connection lost)
2026-07-24 13:57:50,R3CRC0XSEHY,0,3507950,FAIL,Frida Crash (Connection lost)
2026-07-24 13:57:57,R5CR80DSS2W,0,3508043,FAIL,Frida Crash (Connection lost)
2026-07-24 13:57:59,R3CRC0ZCD2Z,0,3507965,FAIL,Frida Crash (Connection lost)
2026-07-24 13:57:59,R5CR804V9CT,0,3508027,FAIL,Frida Crash (Connection lost)
2026-07-24 13:58:01,R5CR80BKKQH,0,3508035,FAIL,Frida Crash (Connection lost)
2026-07-24 13:58:18,R5CR81S2C2J,0,3508067,FAIL,Frida Crash (Connection lost)
2026-07-24 13:58:19,R5CR81SQ8JJ,0,3508086,FAIL,Frida Crash (Connection lost)
2026-07-24 13:58:21,R5CR80E53QP,0,3508052,FAIL,Frida Crash (Connection lost)
2026-07-24 14:00:18,R5CR80ZYL9K,0,3508262,FAIL,Frida Crash (Connection lost)
2026-07-24 14:00:18,R3CR70JFWXJ,0,3508161,FAIL,Frida Crash (Connection lost)
2026-07-24 14:00:18,R5CR802BBLB,0,3508017,FAIL,Frida Crash (Connection lost)
2026-07-24 14:00:18,R5CR82CEZBN,0,3508097,FAIL,Frida Crash (Connection lost)
2026-07-24 14:00:18,R5CR802CTAL,0,3508211,FAIL,Frida Crash (Connection lost)
2026-07-24 14:00:18,R5CR82H78WT,0,3508108,FAIL,Frida Crash (Connection lost)
2026-07-24 14:00:20,R5CR80ZPJ0Z,0,3508247,FAIL,Frida Crash (Connection lost)
2026-07-24 14:00:24,R5CR813E9AB,0,3508280,FAIL,Frida Crash (Connection lost)
2026-07-24 14:00:24,R5CR91SH8LM,0,3508121,FAIL,Frida Crash (Connection lost)
2026-07-24 14:00:24,R5CR80ZNFTH,0,3508232,FAIL,Frida Crash (Connection lost)
2026-07-24 14:00:25,R3CR90CE67P,0,3508195,FAIL,Frida Crash (Connection lost)
2026-07-24 14:00:29,R3CR70SZ0JJ,0,3508180,FAIL,Frida Crash (Connection lost)
2026-07-24 14:00:33,R5CR9336DSB,0,3508127,FAIL,Frida Crash (Connection lost)
2026-07-24 14:01:51,R5CR81PA2GT,0,3508319,FAIL,Frida Crash (Connection lost)
2026-07-24 14:01:53,R5CR81QCVCK,0,3508336,FAIL,Frida Crash (Connection lost)
2026-07-24 14:01:56,R5CR8153KWN,0,3508305,FAIL,Frida Crash (Connection lost)
2026-07-24 14:02:10,R5CR82FNMVX,0,3508350,FAIL,Frida Crash (Connection lost)
2026-07-24 14:02:40,R5CRA0PW01W,0,3508364,FAIL,ADDRESS_NOT_FOUND
2026-07-24 14:03:55,R3CR804583K,0,3508591,FAIL,Frida Crash (Connection lost)
2026-07-24 14:03:55,R3CR90HEZDB,0,3508493,FAIL,App Closed
2026-07-24 14:03:55,R3CR90GC5AP,0,3508473,FAIL,App Closed
2026-07-24 14:03:55,R5CR919ZL9A,0,3508569,FAIL,Frida Crash (Connection lost)
2026-07-24 14:03:55,R3CR90H1NCP,0,3508482,FAIL,Frida Crash (Connection lost)
2026-07-24 14:03:55,R3CR70SZ0JJ,0,3508417,FAIL,Frida Crash (Connection lost)
2026-07-24 14:03:55,R3CR70D3ECZ,0,3508397,FAIL,Frida Crash (Connection lost)
2026-07-24 14:03:55,R3CR70AV5ZZ,0,3508389,FAIL,Frida Crash (Connection lost)
2026-07-24 14:03:55,R3CR8045YWN,0,3508442,FAIL,Frida Crash (Connection lost)
2026-07-24 14:03:59,R5CR802VA4D,0,3508533,FAIL,Frida Crash (Connection lost)
2026-07-24 14:03:59,R3CR80NVXJE,0,3508459,FAIL,Frida Crash (Connection lost)
2026-07-24 14:04:00,R3CR90MAW4B,0,3508607,FAIL,Frida Crash (Connection lost)
2026-07-24 14:04:02,R3CR70WD1KX,0,3508431,FAIL,Frida Crash (Connection lost)
2026-07-24 14:04:04,R3CRA0EJ6SD,0,3508512,FAIL,Frida Crash (Connection lost)
2026-07-24 14:05:32,R5CR818AW0R,0,3508709,FAIL,Frida Crash (Connection lost)
2026-07-24 14:05:42,R5CR82NR07J,0,3508716,FAIL,Frida Crash (Connection lost)
2026-07-24 14:05:51,R5CRA0TJHLK,0,3508638,FAIL,Frida Crash (Connection lost)
2026-07-24 14:05:56,R5CRC2RDAFB,0,3508647,FAIL,App Closed
2026-07-24 14:06:06,R5CRC3DZRQH,0,3508656,FAIL,Frida Crash (Connection lost)
2026-07-24 14:07:34,R3CR70SZ0JJ,0,3508678,FAIL,App Closed
2026-07-24 14:07:35,R3CR80LSWGD,0,3508693,FAIL,Frida Crash (Connection lost)
2026-07-24 14:08:54,R5CR80ZNCXT,0,3508945,FAIL,Frida Crash (Connection lost)
2026-07-24 14:11:10,R3CR90GCB5L,0,3509091,FAIL,Frida Crash (Connection lost)
2026-07-24 14:11:10,R3CR70WD7NA,0,3509057,FAIL,Frida Crash (Connection lost)
2026-07-24 14:11:10,R5CR804V9CT,0,3509257,FAIL,Frida Crash (Connection lost)
2026-07-24 14:11:10,R3CR90CCP1D,0,3509074,FAIL,Frida Crash (Connection lost)
2026-07-24 14:11:11,R3CRB0WCGET,0,3509179,FAIL,Frida Crash (Connection lost)
2026-07-24 14:11:11,R3CR90SJ6SW,0,3509109,FAIL,Frida Crash (Connection lost)
2026-07-24 14:11:16,R5CR80BKKQH,0,3509272,FAIL,Frida Crash (Connection lost)
2026-07-24 14:11:17,R3CRA0GP5YP,0,3509141,FAIL,Frida Crash (Connection lost)
2026-07-24 14:11:18,R5CR713T5WT,0,3509230,FAIL,Frida Crash (Connection lost)
2026-07-24 14:11:20,R3CRC0RBEPP,0,3509193,FAIL,Frida Crash (Connection lost)
2026-07-24 14:11:22,R5CR715VSTX,0,3509245,FAIL,Frida Crash (Connection lost)
2026-07-24 14:11:26,R3CRB0ATRRK,0,3509150,FAIL,Frida Crash (Connection lost)
2026-07-24 14:11:29,R3CRC0XSEHY,0,3509208,FAIL,Frida Crash (Connection lost)
2026-07-24 14:11:34,R3CRB0PZGDR,0,3509163,FAIL,Frida Crash (Connection lost)
2026-07-24 14:11:39,R3CRC0ZCD2Z,0,3509219,FAIL,Frida Crash (Connection lost)
2026-07-24 14:12:27,R5CR80DSS2W,0,3509282,FAIL,App Closed
2026-07-24 14:12:35,R5CR80E53QP,0,3509299,FAIL,Frida Crash (Connection lost)
2026-07-24 14:12:51,R5CR81S2C2J,0,3509314,FAIL,Frida Crash (Connection lost)
2026-07-24 14:13:00,R5CR81SQ8JJ,0,3509326,FAIL,Frida Crash (Connection lost)
2026-07-24 14:13:09,R5CR82CEZBN,0,3509337,FAIL,Frida Crash (Connection lost)
2026-07-24 14:13:18,R5CR82H78WT,0,3509348,FAIL,Frida Crash (Connection lost)
2026-07-24 14:13:27,R5CR91SH8LM,0,3509360,FAIL,Frida Crash (Connection lost)
2026-07-24 14:13:36,R5CR9336DSB,0,3509369,FAIL,Frida Crash (Connection lost)
2026-07-24 14:14:42,R3CR90CE67P,0,3509405,FAIL,Frida Crash (Connection lost)
2026-07-24 14:14:43,R5CR81PA2GT,0,3509522,FAIL,Frida Crash (Connection lost)
2026-07-24 14:14:43,R5CR82FNMVX,0,3509560,FAIL,Frida Crash (Connection lost)
2026-07-24 14:14:43,R3CR70JFWXJ,0,3509388,FAIL,Frida Crash (Connection lost)
2026-07-24 14:14:43,R5CR802CTAL,0,3509450,FAIL,Frida Crash (Connection lost)
2026-07-24 14:14:43,R5CR80ZNFTH,0,3509461,FAIL,Frida Crash (Connection lost)
2026-07-24 14:14:43,R3CRA09DW9E,0,3509422,FAIL,Frida Crash (Connection lost)
2026-07-24 14:14:49,R5CR81QCVCK,0,3509539,FAIL,Frida Crash (Connection lost)
2026-07-24 14:14:51,R5CR8153KWN,0,3509508,FAIL,Frida Crash (Connection lost)
2026-07-24 14:14:52,R5CR80ZYL9K,0,3509486,FAIL,Frida Crash (Connection lost)
2026-07-24 14:14:54,R5CR802BBLB,0,3509440,FAIL,Frida Crash (Connection lost)
2026-07-24 14:15:01,R5CR80ZPJ0Z,0,3509472,FAIL,Frida Crash (Connection lost)
2026-07-24 14:15:10,R5CR813E9AB,0,3509499,FAIL,Frida Crash (Connection lost)
2026-07-24 14:15:45,R3CR70AV5ZZ,0,3509593,FAIL,GUIDANCE_NOT_FOUND
2026-07-24 14:16:11,R3CR70D3ECZ,0,3509610,FAIL,ADDRESS_NOT_FOUND
2026-07-24 14:18:19,R5CR919ZL9A,0,3509755,FAIL,App Closed
2026-07-24 14:18:19,R3CR70SZ0JJ,0,3509891,FAIL,App Closed
2026-07-24 14:18:19,R3CRA0EJ6SD,0,3509719,FAIL,Frida Crash (Connection lost)
2026-07-24 14:18:20,R5CR802VA4D,0,3509733,FAIL,Frida Crash (Connection lost)
2026-07-24 14:18:20,R3CR90H1NCP,0,3509674,FAIL,Frida Crash (Connection lost)
2026-07-24 14:18:20,R3CR90HEZDB,0,3509686,FAIL,Frida Crash (Connection lost)
2026-07-24 14:18:20,R3CR90GC5AP,0,3509664,FAIL,Frida Crash (Connection lost)
2026-07-24 14:18:20,R3CR90MAW4B,0,3509698,FAIL,Frida Crash (Connection lost)
2026-07-24 14:18:20,R3CR80NVXJE,0,3509654,FAIL,Frida Crash (Connection lost)
2026-07-24 14:18:20,R3CR8045YWN,0,3509643,FAIL,Frida Crash (Connection lost)
2026-07-24 14:18:21,R3CR804583K,0,3509867,FAIL,Frida Crash (Connection lost)
2026-07-24 14:18:24,R5CRA0PW01W,0,3509766,FAIL,Frida Crash (Connection lost)
2026-07-24 14:18:25,R3CR70WD1KX,0,3509630,FAIL,Frida Crash (Connection lost)
2026-07-24 14:18:26,R3CR80LSWGD,0,3509906,FAIL,Frida Crash (Connection lost)
2026-07-24 14:18:33,R5CRA0TJHLK,0,3509810,FAIL,Frida Crash (Connection lost)
2026-07-24 14:18:43,R5CRC2RDAFB,0,3509824,FAIL,Frida Crash (Connection lost)
2026-07-24 14:18:51,R5CRC3DZRQH,0,3509838,FAIL,Frida Crash (Connection lost)
2026-07-24 14:19:43,R5CR80ZNCXT,0,3509989,FAIL,Frida Crash (Connection lost)
2026-07-24 14:19:48,R5CR818AW0R,0,3509922,FAIL,Frida Crash (Connection lost)
2026-07-24 14:20:09,R5CR82NR07J,0,3509938,FAIL,Frida Crash (Connection lost)
2026-07-24 14:25:10,R5CR80E53QP,0,3510510,FAIL,Frida Crash (Connection lost)
2026-07-24 14:25:31,R5CR715VSTX,0,3510457,FAIL,Frida Crash (Connection lost)
2026-07-24 14:25:31,R3CRC0RBEPP,0,3510413,FAIL,Frida Crash (Connection lost)
2026-07-24 14:25:31,R5CR81S2C2J,0,3510517,FAIL,Frida Crash (Connection lost)
2026-07-24 14:25:31,R5CR713T5WT,0,3510442,FAIL,Frida Crash (Connection lost)
2026-07-24 14:25:31,R3CRB0ATRRK,0,3510378,FAIL,Frida Crash (Connection lost)
2026-07-24 14:25:31,R3CRB0WCGET,0,3510406,FAIL,Frida Crash (Connection lost)
2026-07-24 14:25:31,R5CR82H78WT,0,3510560,FAIL,Frida Crash (Connection lost)
2026-07-24 14:25:31,R5CR804V9CT,0,3510473,FAIL,Frida Crash (Connection lost)
2026-07-24 14:25:31,R3CR70WD7NA,0,3510296,FAIL,Frida Crash (Connection lost)
2026-07-24 14:25:31,R3CR90CCP1D,0,3510308,FAIL,Frida Crash (Connection lost)
2026-07-24 14:25:31,R5CR80BKKQH,0,3510485,FAIL,Frida Crash (Connection lost)
2026-07-24 14:25:32,R3CR90GCB5L,0,3510327,FAIL,Frida Crash (Connection lost)
2026-07-24 14:25:32,R3CR90SJ6SW,0,3510343,FAIL,App Closed
2026-07-24 14:25:32,R3CRA0GP5YP,0,3510359,FAIL,Frida Crash (Connection lost)
2026-07-24 14:25:34,R5CR81SQ8JJ,0,3510525,FAIL,App Closed
2026-07-24 14:25:35,R5CR91SH8LM,0,3510574,FAIL,Frida Crash (Connection lost)
2026-07-24 14:25:38,R5CR82CEZBN,0,3510544,FAIL,Frida Crash (Connection lost)
2026-07-24 14:25:40,R5CR80DSS2W,0,3510502,FAIL,Frida Crash (Connection lost)
2026-07-24 14:25:40,R3CRC0XSEHY,0,3510420,FAIL,Frida Crash (Connection lost)
2026-07-24 14:25:40,R3CRB0PZGDR,0,3510394,FAIL,Frida Crash (Connection lost)
2026-07-24 14:25:49,R3CRC0ZCD2Z,0,3510429,FAIL,Frida Crash (Connection lost)
2026-07-24 14:26:36,R5CR802CTAL,0,3510644,FAIL,Frida Crash (Connection lost)
2026-07-24 14:26:59,R5CR80ZNFTH,0,3510660,FAIL,Frida Crash (Connection lost)
2026-07-24 14:27:27,R5CR9336DSB,0,3510588,FAIL,Frida Crash (Connection lost)
2026-07-24 14:29:05,R5CR802BBLB,0,3510778,FAIL,Frida Crash (Connection lost)
2026-07-24 14:29:05,R5CR80ZPJ0Z,0,3510678,FAIL,Frida Crash (Connection lost)
2026-07-24 14:29:05,R5CRA0PW01W,0,3510815,FAIL,Frida Crash (Connection lost)
2026-07-24 14:29:05,R5CR82FNMVX,0,3510735,FAIL,Frida Crash (Connection lost)
2026-07-24 14:29:06,R5CR81QCVCK,0,3510725,FAIL,Frida Crash (Connection lost)
2026-07-24 14:29:06,R3CRA09DW9E,0,3510625,FAIL,Frida Crash (Connection lost)
2026-07-24 14:29:06,R3CR90CE67P,0,3510615,FAIL,Frida Crash (Connection lost)
2026-07-24 14:29:06,R3CR70JFWXJ,0,3510603,FAIL,Frida Crash (Connection lost)
2026-07-24 14:29:06,R5CR80ZYL9K,0,3510694,FAIL,Frida Crash (Connection lost)
2026-07-24 14:29:06,R3CR70AV5ZZ,0,3510767,FAIL,Frida Crash (Connection lost)
2026-07-24 14:29:10,R5CR813E9AB,0,3510704,FAIL,Frida Crash (Connection lost)
2026-07-24 14:29:12,R5CR919ZL9A,0,3510803,FAIL,Frida Crash (Connection lost)
2026-07-24 14:29:15,R3CR70D3ECZ,0,3510775,FAIL,Frida Crash (Connection lost)
2026-07-24 14:29:16,R5CRA0TJHLK,0,3510832,FAIL,Frida Crash (Connection lost)
2026-07-24 14:29:19,R5CR8153KWN,0,3510711,FAIL,Frida Crash (Connection lost)
2026-07-24 14:29:28,R5CR81PA2GT,0,3510717,FAIL,Frida Crash (Connection lost)
2026-07-24 14:31:04,R5CRC2RDAFB,0,3511017,FAIL,Frida Crash (Connection lost)
2026-07-24 14:31:37,R5CR80ZNCXT,0,3511072,FAIL,Frida Crash (Connection lost)
2026-07-24 14:31:37,R3CR8045YWN,0,3510889,FAIL,App Closed
2026-07-24 14:31:38,R5CR818AW0R,0,3511076,FAIL,Frida Crash (Connection lost)
2026-07-24 14:31:38,R3CR90GC5AP,0,3510930,FAIL,Frida Crash (Connection lost)
2026-07-24 14:31:38,R3CR70WD1KX,0,3510876,FAIL,Frida Crash (Connection lost)
2026-07-24 14:31:39,R3CR90MAW4B,0,3510979,FAIL,Frida Crash (Connection lost)
2026-07-24 14:31:39,R5CR802VA4D,0,3510992,FAIL,Frida Crash (Connection lost)
2026-07-24 14:31:39,R3CR90HEZDB,0,3510964,FAIL,Frida Crash (Connection lost)
2026-07-24 14:31:39,R3CR804583K,0,3510883,FAIL,Frida Crash (Connection lost)
2026-07-24 14:31:39,R3CR70SZ0JJ,0,3510866,FAIL,Frida Crash (Connection lost)
2026-07-24 14:31:42,R5CRC3DZRQH,0,3511035,FAIL,Frida Crash (Connection lost)
2026-07-24 14:31:44,R3CR90H1NCP,0,3510944,FAIL,Frida Crash (Connection lost)
2026-07-24 14:31:44,R3CR80LSWGD,0,3510898,FAIL,Frida Crash (Connection lost)
2026-07-24 14:31:48,R3CRA0EJ6SD,0,3510984,FAIL,Frida Crash (Connection lost)
2026-07-24 14:31:53,R3CR80NVXJE,0,3510914,FAIL,Frida Crash (Connection lost)
2026-07-24 14:34:26,R5CR82NR07J,0,3511176,FAIL,Frida Crash (Connection lost)
2026-07-24 14:36:16,R3CR70WD7NA,0,3511425,FAIL,Frida Crash (Connection lost)
2026-07-24 14:36:19,R3CR90CCP1D,0,3511441,FAIL,Frida Crash (Connection lost)
2026-07-24 14:36:45,R3CR90GCB5L,0,3511456,FAIL,Frida Crash (Connection lost)
2026-07-24 14:36:58,R3CR90SJ6SW,0,3511465,FAIL,Frida Crash (Connection lost)
2026-07-24 14:37:06,R3CRB0ATRRK,0,3511484,FAIL,Frida Crash (Connection lost)
2026-07-24 14:37:07,R3CRA0GP5YP,0,3511474,FAIL,Frida Crash (Connection lost)
2026-07-24 14:37:08,R3CRB0WCGET,0,3511516,FAIL,Frida Crash (Connection lost)
2026-07-24 14:37:14,R3CRB0PZGDR,0,3511499,FAIL,Frida Crash (Connection lost)
2026-07-24 14:38:46,R5CR82CEZBN,0,3511666,FAIL,Frida Crash (Connection lost)
2026-07-24 14:39:19,R5CR9336DSB,0,3511701,FAIL,Frida Crash (Connection lost)
2026-07-24 14:39:54,R5CR804V9CT,0,3511587,FAIL,Frida Crash (Connection lost)
2026-07-24 14:39:54,R3CRC0RBEPP,0,3511531,FAIL,Frida Crash (Connection lost)
2026-07-24 14:39:54,R5CR81S2C2J,0,3511639,FAIL,Frida Crash (Connection lost)
2026-07-24 14:39:54,R5CR80BKKQH,0,3511604,FAIL,Frida Crash (Connection lost)
2026-07-24 14:39:54,R5CR715VSTX,0,3511567,FAIL,Frida Crash (Connection lost)
2026-07-24 14:39:54,R3CRC0XSEHY,0,3511539,FAIL,Frida Crash (Connection lost)
2026-07-24 14:39:54,R5CR80DSS2W,0,3511621,FAIL,Frida Crash (Connection lost)
2026-07-24 14:39:54,R5CR80E53QP,0,3511632,FAIL,Frida Crash (Connection lost)
2026-07-24 14:39:54,R3CRA09DW9E,0,3511732,FAIL,Frida Crash (Connection lost)
2026-07-24 14:39:54,R5CR91SH8LM,0,3511689,FAIL,Frida Crash (Connection lost)
2026-07-24 14:40:00,R5CR802CTAL,0,3511753,FAIL,Frida Crash (Connection lost)
2026-07-24 14:40:01,R3CR90CE67P,0,3511720,FAIL,Frida Crash (Connection lost)
2026-07-24 14:40:01,R3CRC0ZCD2Z,0,3511544,FAIL,Frida Crash (Connection lost)
2026-07-24 14:40:03,R5CR81SQ8JJ,0,3511653,FAIL,Frida Crash (Connection lost)
2026-07-24 14:40:12,R5CR82H78WT,0,3511675,FAIL,Frida Crash (Connection lost)
2026-07-24 14:40:27,R5CR713T5WT,0,3511552,FAIL,ADDRESS_NOT_FOUND
2026-07-24 14:41:01,R5CR802BBLB,0,3511745,FAIL,Frida Crash (Connection lost)
2026-07-24 14:41:19,R5CR80ZNFTH,0,3511762,FAIL,Frida Crash (Connection lost)
2026-07-24 14:41:23,R5CR80ZYL9K,0,3511786,FAIL,Frida Crash (Connection lost)
2026-07-24 14:41:32,R5CR80ZPJ0Z,0,3511775,FAIL,Frida Crash (Connection lost)
2026-07-24 14:41:35,R5CR81QCVCK,0,3511833,FAIL,Frida Crash (Connection lost)
2026-07-24 14:41:41,R5CR813E9AB,0,3511800,FAIL,Frida Crash (Connection lost)
2026-07-24 14:41:44,R5CR82FNMVX,0,3511854,FAIL,Frida Crash (Connection lost)
2026-07-24 14:41:50,R5CR8153KWN,0,3511810,FAIL,Frida Crash (Connection lost)
2026-07-24 14:41:53,R5CR919ZL9A,0,3511871,FAIL,Frida Crash (Connection lost)
2026-07-24 14:41:59,R5CR81PA2GT,0,3511819,FAIL,Frida Crash (Connection lost)
2026-07-24 14:42:02,R5CRA0PW01W,0,3511892,FAIL,Frida Crash (Connection lost)
2026-07-24 14:42:11,R5CRA0TJHLK,0,3511905,FAIL,Frida Crash (Connection lost)
2026-07-24 14:43:32,R3CR70AV5ZZ,0,3511936,FAIL,App Closed
2026-07-24 14:43:32,R3CR70D3ECZ,0,3511946,FAIL,Frida Crash (Connection lost)
2026-07-24 14:43:34,R3CR80LSWGD,0,3512103,FAIL,Frida Crash (Connection lost)
2026-07-24 14:43:36,R5CRC2RDAFB,0,3512024,FAIL,Frida Crash (Connection lost)
2026-07-24 14:43:37,R3CR8045YWN,0,3512088,FAIL,Frida Crash (Connection lost)
2026-07-24 14:43:39,R3CR804583K,0,3512073,FAIL,Frida Crash (Connection lost)
2026-07-24 14:43:39,R3CR80NVXJE,0,3512117,FAIL,Frida Crash (Connection lost)
2026-07-24 14:43:41,R3CR70JFWXJ,0,3511966,FAIL,Frida Crash (Connection lost)
2026-07-24 14:43:50,R3CR70SZ0JJ,0,3512045,FAIL,Frida Crash (Connection lost)
2026-07-24 14:43:58,R3CR70WD1KX,0,3512058,FAIL,Frida Crash (Connection lost)
2026-07-24 14:44:00,R3CR90GC5AP,0,3512135,FAIL,Frida Crash (Connection lost)
2026-07-24 14:44:06,R3CR90HEZDB,0,3512160,FAIL,Frida Crash (Connection lost)
2026-07-24 14:44:08,R3CR90H1NCP,0,3512148,FAIL,Frida Crash (Connection lost)
2026-07-24 14:44:14,R3CR90MAW4B,0,3512173,FAIL,Frida Crash (Connection lost)
2026-07-24 14:44:42,R5CR802VA4D,0,3512189,FAIL,Frida Crash (Connection lost)
2026-07-24 14:44:55,R5CR80ZNCXT,0,3512203,FAIL,Frida Crash (Connection lost)
2026-07-24 14:45:07,R5CR818AW0R,0,3512215,FAIL,App Closed
2026-07-24 14:45:23,R5CR82NR07J,0,3512268,FAIL,Frida Crash (Connection lost)
2026-07-24 14:45:36,R5CRC3DZRQH,0,3512229,FAIL,Frida Crash (Connection lost)
2026-07-27 10:29:09,R3CR70AV5ZZ,0,3813304,FAIL,Frida Crash (Connection lost)
2026-07-27 10:29:14,R3CR80LSWGD,0,3813384,FAIL,Frida Crash (Connection lost)
2026-07-27 10:29:14,R3CR80NVXJE,0,3813396,FAIL,Frida Crash (Connection lost)
2026-07-27 10:29:15,R3CR90CCP1D,0,3813408,FAIL,Frida Crash (Connection lost)
2026-07-27 10:29:16,R3CR70D3ECZ,0,3813318,FAIL,Frida Crash (Connection lost)
2026-07-27 10:29:19,R3CR70WD7NA,0,3813358,FAIL,Frida Crash (Connection lost)
2026-07-27 10:29:25,R3CR70JFWXJ,0,3813330,FAIL,Frida Crash (Connection lost)
2026-07-27 10:29:27,R3CR8045YWN,0,3813371,FAIL,Frida Crash (Connection lost)
2026-07-27 10:29:34,R3CR70SZ0JJ,0,3813341,FAIL,Frida Crash (Connection lost)
2026-07-27 10:29:36,R3CR90GC5AP,0,3813429,FAIL,Frida Crash (Connection lost)
2026-07-27 10:29:36,R3CR804583K,0,3813364,FAIL,Frida Crash (Connection lost)
2026-07-27 10:29:42,R3CR90GCB5L,0,3813441,FAIL,Frida Crash (Connection lost)
2026-07-27 10:29:43,R3CR70WD1KX,0,3813349,FAIL,Frida Crash (Connection lost)
2026-07-27 10:29:45,R3CR90CE67P,0,3813418,FAIL,Frida Crash (Connection lost)
2026-07-27 10:32:47,R3CRC0RBEPP,0,3813557,FAIL,Frida Crash (Connection lost)
2026-07-27 10:32:47,R3CR90HEZDB,0,3813461,FAIL,Frida Crash (Connection lost)
2026-07-27 10:32:47,R5CR802VA4D,0,3813653,FAIL,Frida Crash (Connection lost)
2026-07-27 10:32:47,R3CRB0WCGET,0,3813547,FAIL,Frida Crash (Connection lost)
2026-07-27 10:32:47,R3CR90H1NCP,0,3813451,FAIL,Frida Crash (Connection lost)
2026-07-27 10:32:47,R5CR802BBLB,0,3813627,FAIL,Frida Crash (Connection lost)
2026-07-27 10:32:47,R3CR90MAW4B,0,3813469,FAIL,Frida Crash (Connection lost)
2026-07-27 10:32:47,R5CR804V9CT,0,3813666,FAIL,Frida Crash (Connection lost)
2026-07-27 10:32:50,R5CR80DSS2W,0,3813695,FAIL,Frida Crash (Connection lost)
2026-07-27 10:32:54,R5CR80BKKQH,0,3813676,FAIL,Frida Crash (Connection lost)
2026-07-27 10:32:56,R3CR90SJ6SW,0,3813483,FAIL,Frida Crash (Connection lost)
2026-07-27 10:32:56,R3CRC0XSEHY,0,3813569,FAIL,Frida Crash (Connection lost)
2026-07-27 10:33:05,R3CRA09DW9E,0,3813492,FAIL,Frida Crash (Connection lost)
2026-07-27 10:33:05,R3CRC0ZCD2Z,0,3813579,FAIL,Frida Crash (Connection lost)
2026-07-27 10:33:14,R5CR713T5WT,0,3813594,FAIL,Frida Crash (Connection lost)
2026-07-27 10:33:23,R3CRB0PZGDR,0,3813539,FAIL,Frida Crash (Connection lost)
2026-07-27 10:33:24,R5CR715VSTX,0,3813612,FAIL,Frida Crash (Connection lost)
2026-07-27 10:33:32,R3CRA0EJ6SD,0,3813508,FAIL,ADDRESS_NOT_FOUND
2026-07-27 10:33:50,R5CR802CTAL,0,3813640,FAIL,ADDRESS_NOT_FOUND
2026-07-27 10:33:58,R3CRA0GP5YP,0,3813524,FAIL,ADDRESS_NOT_FOUND
2026-07-27 10:34:04,R5CR80E53QP,0,3813707,FAIL,Frida Crash (Connection lost)
2026-07-27 10:34:06,R5CR80ZNFTH,0,3813730,FAIL,Frida Crash (Connection lost)
2026-07-27 10:34:07,R3CRB0ATRRK,0,3813532,FAIL,Frida Crash (Connection lost)
2026-07-27 10:34:15,R5CR80ZYL9K,0,3813750,FAIL,Frida Crash (Connection lost)
2026-07-27 10:34:24,R5CR80ZPJ0Z,0,3813740,FAIL,Frida Crash (Connection lost)
2026-07-27 10:34:25,R5CR81SQ8JJ,0,3813820,FAIL,Frida Crash (Connection lost)
2026-07-27 10:34:29,R5CR82FNMVX,0,3813841,FAIL,Frida Crash (Connection lost)
2026-07-27 10:34:33,R5CR813E9AB,0,3813761,FAIL,Frida Crash (Connection lost)
2026-07-27 10:34:33,R5CR81QCVCK,0,3813804,FAIL,Frida Crash (Connection lost)
2026-07-27 10:34:36,R5CR82CEZBN,0,3813827,FAIL,Frida Crash (Connection lost)
2026-07-27 10:34:36,R5CR82H78WT,0,3813853,FAIL,Frida Crash (Connection lost)
2026-07-27 10:34:42,R5CR81S2C2J,0,3813811,FAIL,Frida Crash (Connection lost)
2026-07-27 10:34:42,R5CR8153KWN,0,3813770,FAIL,Frida Crash (Connection lost)
2026-07-27 10:34:51,R5CR818AW0R,0,3813783,FAIL,Frida Crash (Connection lost)
2026-07-27 10:35:00,R5CR81PA2GT,0,3813795,FAIL,Frida Crash (Connection lost)
2026-07-27 10:36:16,R3CR70JFWXJ,0,3813981,FAIL,Frida Crash (Connection lost)
2026-07-27 10:36:25,R3CR70SZ0JJ,0,3813987,FAIL,Frida Crash (Connection lost)
2026-07-27 10:36:29,R5CR919ZL9A,0,3813881,FAIL,Frida Crash (Connection lost)
2026-07-27 10:36:29,R3CR70AV5ZZ,0,3813964,FAIL,Frida Crash (Connection lost)
2026-07-27 10:36:31,R3CR70WD1KX,0,3813997,FAIL,Frida Crash (Connection lost)
2026-07-27 10:36:38,R5CR91SH8LM,0,3813886,FAIL,Frida Crash (Connection lost)
2026-07-27 10:36:39,R3CR70D3ECZ,0,3813970,FAIL,Frida Crash (Connection lost)
2026-07-27 10:36:47,R5CR9336DSB,0,3813893,FAIL,Frida Crash (Connection lost)
2026-07-27 10:36:56,R5CRA0PW01W,0,3813904,FAIL,Frida Crash (Connection lost)
2026-07-27 10:37:05,R5CRA0TJHLK,0,3813912,FAIL,Frida Crash (Connection lost)
2026-07-27 10:37:14,R5CRC2RDAFB,0,3813927,FAIL,Frida Crash (Connection lost)
2026-07-27 10:37:23,R5CRC3DZRQH,0,3813944,FAIL,Frida Crash (Connection lost)
2026-07-27 10:38:03,R3CR90HEZDB,0,3814115,FAIL,Frida Crash (Connection lost)
2026-07-27 10:40:02,R3CR90GC5AP,0,3814081,FAIL,Frida Crash (Connection lost)
2026-07-27 10:40:02,R3CR80LSWGD,0,3814039,FAIL,Frida Crash (Connection lost)
2026-07-27 10:40:02,R3CR8045YWN,0,3814029,FAIL,App Closed
2026-07-27 10:40:02,R3CRB0WCGET,0,3814194,FAIL,Frida Crash (Connection lost)
2026-07-27 10:40:02,R5CR715VSTX,0,3814257,FAIL,App Closed
2026-07-27 10:40:02,R3CR90MAW4B,0,3814123,FAIL,Frida Crash (Connection lost)
2026-07-27 10:40:02,R3CR70WD7NA,0,3814006,FAIL,Frida Crash (Connection lost)
2026-07-27 10:40:03,R3CR90SJ6SW,0,3814132,FAIL,Frida Crash (Connection lost)
2026-07-27 10:40:03,R3CR90CCP1D,0,3814064,FAIL,App Closed
2026-07-27 10:40:03,R3CR90CE67P,0,3814073,FAIL,Frida Crash (Connection lost)
2026-07-27 10:40:03,R3CR804583K,0,3814018,FAIL,Frida Crash (Connection lost)
2026-07-27 10:40:07,R5CR802CTAL,0,3814279,FAIL,Frida Crash (Connection lost)
2026-07-27 10:40:09,R3CRC0RBEPP,0,3814209,FAIL,Frida Crash (Connection lost)
2026-07-27 10:40:10,R3CRA09DW9E,0,3814139,FAIL,Frida Crash (Connection lost)
2026-07-27 10:40:13,R3CR80NVXJE,0,3814054,FAIL,Frida Crash (Connection lost)
2026-07-27 10:40:14,R3CR90GCB5L,0,3814096,FAIL,Frida Crash (Connection lost)
2026-07-27 10:40:16,R5CR802BBLB,0,3814267,FAIL,Frida Crash (Connection lost)
2026-07-27 10:40:18,R3CRC0XSEHY,0,3814220,FAIL,Frida Crash (Connection lost)
2026-07-27 10:40:18,R3CRA0EJ6SD,0,3814154,FAIL,Frida Crash (Connection lost)
2026-07-27 10:40:23,R3CR90H1NCP,0,3814107,FAIL,Frida Crash (Connection lost)
2026-07-27 10:40:27,R3CRC0ZCD2Z,0,3814233,FAIL,Frida Crash (Connection lost)
2026-07-27 10:40:27,R3CRA0GP5YP,0,3814163,FAIL,Frida Crash (Connection lost)
2026-07-27 10:40:36,R5CR713T5WT,0,3814247,FAIL,Frida Crash (Connection lost)
2026-07-27 10:40:36,R3CRB0ATRRK,0,3814172,FAIL,Frida Crash (Connection lost)
2026-07-27 10:40:46,R3CRB0PZGDR,0,3814184,FAIL,Frida Crash (Connection lost)
2026-07-27 10:40:53,R5CR80BKKQH,0,3814317,FAIL,Frida Crash (Connection lost)
2026-07-27 10:40:55,R5CR802VA4D,0,3814292,FAIL,Frida Crash (Connection lost)
2026-07-27 10:41:03,R5CR80DSS2W,0,3814329,FAIL,Frida Crash (Connection lost)
